date,period,week_1,week_2,week_3,mixture
1998-09-22,development,0.008630542774820327,0.007715292046785355,0.007567610481082488,0.007971148434229391
1998-09-23,development,0.0013488275141239165,-0.0026620597838163374,-0.001552655739402771,-0.0009552960030317307
1998-09-24,development,-0.0006491438135147094,0.0029474989044904706,0.004287437751579285,0.002195264280851682
1998-09-25,development,-0.0016044270723342894,-0.0030257693626999853,-0.0011568366179943084,-0.0019290110176761943
1998-09-28,development,-0.0013345628045082093,-0.001643152357983589,-0.0018618222827434538,-0.0016131791484117507
1998-09-29,development,0.001823582306328797,0.0027794638279676435,0.004724542102146148,0.0031091960788141963
1998-09-30,development,0.0003074839971065521,-0.0031670248463988304,-0.0032721851504325865,-0.002043908666574955
1998-10-01,development,-0.0010847565006017685,-0.0013650494547486304,-0.0013713449285030364,-0.0012737169612844785
1998-10-02,development,0.0053706577138662335,0.0053989335036516185,0.002849143607711792,0.004539578275076548
1998-10-05,development,-0.001354644949579239,-0.0017494003970265387,-0.00443385535364151,-0.002512633566749096
1998-10-06,development,0.0067232562312602995,-0.002062669582246274,-0.003339934211540222,0.00044021747915793454
1998-10-07,development,0.0014569516676187515,0.0031110310726881027,-0.0012400633578777314,0.0011093064608097077
1998-10-08,development,-0.0004707790517091751,-0.0023223440303087235,-0.003455874160003662,-0.0020829990806738538
1998-10-09,development,-0.000825942203450203,0.005728044545745849,0.0018528635981082916,0.0022516553134679794
1998-10-12,development,0.0029706440525293348,0.004525056764554977,-0.0010105094367027282,0.0021617304601271943
1998-10-13,development,-0.0008307298131227492,-0.0014850654378652571,-0.00040062529178355976,-0.0009054735142571888
1998-10-14,development,0.006836142002129554,0.009900124520921707,0.013063133723473548,0.009933133415508269
1998-10-15,development,0.00418314553861618,0.010628724829769134,0.006936429786920547,0.007249433385101954
1998-10-16,development,-0.00938069388461113,-0.00849498113565445,-0.013188322487926483,-0.01035466583606402
1998-10-19,development,-0.0005447880413532257,0.00399958506731987,-0.010583164976644516,-0.0023761226502259573
1998-10-20,development,-0.0062072301280080905,-0.0036202645401477813,-0.009114798276519774,-0.006314097648225215
1998-10-21,development,0.0035367519980311394,0.0019769024829864503,0.0076719185439586635,0.004395191008325417
1998-10-22,development,-0.001045834343636036,0.0029520171177864073,-0.0004988820299625397,0.0004691002480626106
1998-10-23,development,-0.0005818102150917053,-0.0001506291196346283,-0.0007549327942371368,-0.0004957907096544901
1998-10-26,development,-0.00017947962404489515,-0.0026676174051761628,0.0001457273621082306,-0.0009004565557042759
1998-10-27,development,-0.0018004108728051184,-0.000703025210769081,0.007918747075557708,0.001805103663994503
1998-10-28,development,0.0027243622546076775,0.004947327998411655,0.0034939491329193115,0.003721879795312881
1998-10-29,development,-0.004991832931101322,-0.003366006000638008,-0.0022610295794963835,-0.003539622837078571
1998-10-30,development,-0.005204951364350318,-0.0009114560630917549,-0.006220929641151428,-0.004112445689531167
1998-11-02,development,-0.004633998332214355,-0.006786161460721493,-0.003976641936063766,-0.005132267242999871
1998-11-03,development,-0.004050278786945343,-0.0043287497145652765,-0.004783398548277258,-0.004387475683262626
1998-11-04,development,-0.0035058244698286055,-0.00589741115629673,-0.003496093380355835,-0.004299776335493724
1998-11-05,development,-0.0018208677352666853,-0.002403457353878021,0.0017954688293933868,-0.0008096187532504398
1998-11-06,development,-0.005322731525456905,-0.0015887441641688346,-0.001943728873515129,-0.0029517348543802897
1998-11-09,development,0.0017346256051898002,-0.001966577860891819,0.0018160572901964186,0.0005280350114981333
1998-11-10,development,0.004602774779314545,0.0071352355058074,0.006449050780749321,0.006062353688623755
1998-11-11,development,-0.0011491590827584267,-0.00021318951065540313,-0.00003396521883010864,-0.00046543793741464615
1998-11-12,development,0.0034028963881134987,0.0022739624007582664,0.001732101046872139,0.0024696532785813013
1998-11-13,development,0.001557057797974348,0.0024986668832063675,0.00287973307454586,0.0023118192519088585
1998-11-16,development,-0.0025477851163446903,-0.00071111421148777,0.00026875188510417936,-0.0009967158142427603
1998-11-17,development,0.004182149520260095,0.005656100064650673,0.0020726652366638183,0.003970304940524862
1998-11-18,development,0.00012272631667256356,0.001316114313852787,0.0031213822134256363,0.0015200742813169955
1998-11-19,development,0.0011518945783734321,0.0012426423823595047,-0.0009039511225223541,0.0004968619460701942
1998-11-20,development,0.005911560515010357,0.007741514250528812,0.0035119172756195066,0.005721664013719558
1998-11-23,development,0.0015768518229544162,0.003971613367056846,0.00010835460300445556,0.0018856065976719058
1998-11-24,development,-0.001249334972810745,-0.0025583738998770714,-0.0014909487680584963,-0.0017662192135821043
1998-11-25,development,0.00016371345281004904,0.0018088455815196036,0.003002445332878828,0.0016583347890694936
1998-11-27,development,0.00046086015881896016,0.0027181133539438246,0.0006749222218930721,0.0012846319115519522
1998-11-30,development,-0.0013655266717135905,-0.005462844218361377,-0.005758804095965624,-0.0041957249953468645
1998-12-01,development,0.016044396587493792,0.012415162190783023,0.012503345058333873,0.013654301278870231
1998-12-02,development,0.00580096477060318,0.0008390469982028007,0.005977840839529037,0.0042059508694450055
1998-12-03,development,-0.005105914787364006,-0.006662948797094822,-0.0025412840776205064,-0.0047700492206931115
1998-12-04,development,0.014585902871292829,0.011957857690894603,0.01054529844648242,0.012363019669556616
1998-12-07,development,0.0034883176214218136,0.0025901021470665932,0.003108058337211609,0.003062159368566672
1998-12-08,development,-0.00511230220297873,-0.0008439244344420134,-0.0024141194880157708,-0.0027901153751455046
1998-12-09,development,0.010435950932839512,0.004957052054482698,0.008402386249473691,0.007931796412265301
1998-12-10,development,0.0048522358808040615,0.004490112345433235,0.004678736935329437,0.004673695053855578
1998-12-11,development,-0.0007758293223381042,0.0006911038853645324,0.005892030552816391,0.0019357683719476064
1998-12-14,development,0.0054037026861041785,0.005283644348758459,0.00524961499658525,0.005312320677149296
1998-12-15,development,0.011808781802734732,0.006907521127027273,0.005617309668158331,0.008111204199306778
1998-12-16,development,0.005776789280259609,0.0027902306734681128,0.003966894327664375,0.004177971427130699
1998-12-17,development,0.006410584771615267,0.008920406402087211,0.011832233366382122,0.0090544081800282
1998-12-18,development,0.0063064730619490144,0.00762847521713972,0.005553715110254287,0.006496221129781008
1998-12-21,development,0.00897131795015931,0.00945403010956049,0.011343242102742195,0.009922863387487331
1998-12-22,development,0.008717274860929942,0.002723069476342201,0.009948735706305504,0.007129693347859216
1998-12-23,development,0.0029409558640837666,0.00029049909101724626,0.000697117318034172,0.0013095240910450615
1998-12-24,development,0.002691310784077644,-0.0008279710406064987,-0.00022350787816047667,0.000546610621770223
1998-12-28,development,0.009323216704940795,0.006539604787015914,0.005476590686678886,0.007113137392878531
1998-12-29,development,0.007433367802345752,0.004316771299874783,0.0023344697560071944,0.004694869619409243
1998-12-30,development,-0.007404481753647327,-0.0005290964813971281,-0.006503133816802501,-0.004812237350615652
1998-12-31,development,0.0012028105252504348,-0.005422025790858268,-0.001226843631386757,-0.0018153529656648635
1999-01-04,development,-0.01699221642155647,-0.002132176192498207,-0.013660602699589729,-0.010928331771214802
1999-01-05,development,-0.004022863692855835,-0.0055338544978857035,-0.0020105523364663124,-0.003855756842402617
1999-01-06,development,-0.008782620734262466,-0.006181956367993354,0.000054522289286351585,-0.004970018270989823
1999-01-07,development,-0.001214837100958824,-0.0026075703835964203,0.00020310755165815352,-0.0012064333109656968
1999-01-08,development,-0.0006594795818567275,-0.003885915874433517,-0.0012891722442388534,-0.001944855900176366
1999-01-11,development,-0.007423897518289089,-0.006456567515206337,-0.004762758989036083,-0.006214408007510503
1999-01-12,development,0.011388605213097244,0.008490570429849624,0.0038076012534856794,0.00789559229881085
1999-01-13,development,0.0028740604563236233,-0.00129577797832489,0.004150855784130096,0.001909712754042943
1999-01-14,development,-0.005351754151058197,-0.009284555546283721,-0.009704202409482002,-0.008113504035607974
1999-01-15,development,-0.003664183203983307,-0.004513895463919639,-0.003863578012061119,-0.004013885559988022
1999-01-19,development,-0.00032396343274116514,0.006256128805589675,0.004720954576992988,0.0035510399832804997
1999-01-20,development,-0.004748395305585861,-0.004169215504868263,-0.005722959728729725,-0.00488019017972795
1999-01-21,development,-0.006861793516111374,-0.005372288404738903,-0.007610928753530979,-0.006615003558127085
1999-01-22,development,-0.0007914385573863983,-0.00341314255951643,-0.0011726325516343116,-0.0017924045561790467
1999-01-25,development,0.0010589859800815581,0.0041613100391507145,0.006056806385409831,0.0037590341348807013
1999-01-26,development,0.008672718103742599,0.007393885315656662,0.004381587506845069,0.006816063642081443
1999-01-27,development,0.007295679494619369,0.006603268991422653,0.00449751576962471,0.00613215475188891
1999-01-28,development,0.007135146002531051,0.0020165713555574416,0.0050415496505498885,0.0047310890028794605
1999-01-29,development,0.005616107282686233,0.010985401450526714,0.004101700632965564,0.0069010697887261704
1999-02-01,development,0.0032329288952350614,0.000011579582691192626,-0.000715202178812027,0.0008431020997047424
1999-02-02,development,-0.0014894494491513135,0.0023777851781129834,0.0018570405921220778,0.0009151254403612493
1999-02-03,development,-0.00059904234085083,0.002267352685320377,0.005022127304971218,0.0022301458831469217
1999-02-04,development,0.001033839909362793,-0.0008402844396352767,-0.002044473703598976,-0.00061697274462382
1999-02-05,development,0.0004813825572013855,-0.0031597249730706215,-0.004612214119660854,-0.0024301855118433633
1999-02-08,development,0.0006631578855037689,0.0030531165056943894,0.0012599509867429733,0.0016587417926470437
1999-02-09,development,0.005376643000388145,0.0011447553761927075,0.0017254448234558105,0.0027489477333455543
1999-02-10,development,0.007233614272642136,0.0039918090773582455,0.00129725837931633,0.00417422724310557
1999-02-11,development,-0.00025387245478630067,0.008677686064815521,0.005925308816111087,0.004783040808713436
1999-02-12,development,-0.004476418916296959,-0.009004206146717071,-0.0035341414908766746,-0.005671588851296902
1999-02-16,development,0.0057383743953228,0.005609318773841858,0.006701978656101226,0.006016557275088628
1999-02-17,development,0.0029858493960380553,-0.0009451613879203795,0.001474592449780852,0.0011717601526328426
1999-02-18,development,0.0002608940902948379,0.0014780915385246276,-0.0034568890610218047,-0.0005726344774007797
1999-02-19,development,-0.004698250753211975,0.0018215114149093628,-0.0036009211925029753,-0.002159220176935196
1999-02-22,development,0.005837789822530746,0.009761425813674927,0.005458998784780502,0.0070194048069953914
1999-02-23,development,0.008048949301026476,0.004705069538116455,0.006308397897005081,0.006354138912049338
1999-02-24,development,0.003690475173664093,0.0039252600938797,0.0029869905025482176,0.0035342419233640038
1999-02-25,development,-0.001660290980529785,-0.001686207592010498,-0.0025742495184898377,-0.00197358269701004
1999-02-26,development,-0.00212070592045784,-0.0013601416578292846,0.0011996711637973785,-0.0007603921381632486
1999-03-01,development,-0.006132842362976074,-0.005768267540264129,-0.0033617174904823303,-0.0050876091312408445
1999-03-02,development,0.0021527206440925596,-0.0004333291029895066,0.0009883408253669739,0.000902577455490009
1999-03-03,development,0.0014589146846294403,0.0052498392411232,0.00010763778004646301,0.002272130568599701
1999-03-04,development,0.00444709350528717,0.0031715726762771607,0.005298875618982315,0.004305847266848882
1999-03-05,development,0.0028778396706581116,0.0036900652156829834,0.0016437192133426665,0.0027372080332279205
1999-03-08,development,0.00177789157333374,0.0010996091987609863,-0.0009530139132499694,0.000641495619614919
1999-03-09,development,-0.0005330127452850341,-0.0006548650482177734,0.0016406286696099043,0.00015091695870236553
1999-03-10,development,-0.002054736105489731,0.002122187560558319,0.0006518027526855469,0.00023975140258471173
1999-03-11,development,0.00013422014904022217,-0.0018771232693672178,0.004533416042041778,0.0009301709739049276
1999-03-12,development,0.0074371991404533384,0.0033157971020221708,0.0010180072774410248,0.003923667839972178
1999-03-15,development,0.0062818935136318204,0.005228444423341751,0.006669932486391067,0.0060600901411215465
1999-03-16,development,-0.003782992837416827,-0.0033433003815650938,0.0002562261711597442,-0.002290022349274059
1999-03-17,development,-0.006342292509162426,-0.0016989285005569457,-0.0033424833377838133,-0.0037945681158343945
1999-03-18,development,-0.0021198566648006436,-0.0012782060782432555,-0.003949032138442993,-0.0024490316271622973
1999-03-19,development,-0.007265748564136028,-0.007287953335523605,-0.005128221898317337,-0.0065606412659923235
1999-03-22,development,-0.0002490522745549679,0.000454476847743988,0.00020832722611427307,0.00013791726643443106
1999-03-23,development,0.0011115456367254257,-0.0010550857671618344,0.003921365806531906,0.0013259418920318325
1999-03-24,development,0.002810379710412025,0.0018094373370170593,0.0008005034819602966,0.0018067735097964605
1999-03-25,development,0.0042036220690548414,0.0030745505930185315,-0.0014897049700260162,0.0019294892306824525
1999-03-26,development,-0.001230329433876276,-0.0016311513252496718,-0.0030316750012397767,-0.0019643852534552415
1999-03-29,development,-0.00027418997285962103,0.004119143333601951,-0.007458763519716262,-0.0012046033863246442
1999-03-30,development,0.008839114336824416,0.003849835149478912,0.005180630015183259,0.005956526500495528
1999-03-31,development,-0.001360239641970396,-0.002045897701716423,-0.007997796478199959,-0.003801311273962259
1999-04-01,development,0.002272959394276142,0.0027361192048072813,0.006842712547016143,0.003950597048699856
1999-04-05,development,0.006595715460354089,0.00867176587626934,0.00876742688896656,0.008011636075196664
1999-04-06,development,0.001489962684983015,0.004377142341923714,0.0016000349057435988,0.002489046644216776
1999-04-07,development,0.006048622456463329,0.0009567467257022858,0.004364211194086074,0.00378986012541723
1999-04-08,development,-0.00048526212689876556,0.0011765244128465653,-0.0006586614721059799,0.000010866937947273271
1999-04-09,development,-0.006020663702607155,-0.011507241325831414,-0.012695242661881446,-0.010074382563440005
1999-04-12,development,0.002687922615456581,-0.004382328729557991,-0.0006859000164747237,-0.0007934353768587112
1999-04-13,development,-0.006805687177109718,-0.010290944982306986,-0.009446820262265204,-0.008847817473893968
1999-04-14,development,-0.01130552895758152,-0.007155901856034994,-0.011708299641299246,-0.010056576818305253
1999-04-15,development,-0.010623638442778588,-0.006653164018279313,-0.01869671322209835,-0.011991171894385417
1999-04-16,development,-0.006289655347418785,-0.0054627102428376675,-0.004239069221377373,-0.005330478270544608
1999-04-19,development,-0.004232436679387093,-0.00748125415186286,-0.006856293363451957,-0.006189994731567303
1999-04-20,development,0.0035737426255464553,0.001936587582117319,0.010961876763438487,0.005490735657034087
1999-04-21,development,0.008070328519296645,0.0036208581603765486,0.006962541042804717,0.006217909240825971
1999-04-22,development,0.0031512363197565077,0.01031257431024909,0.01084646962275505,0.008103426750920217
1999-04-23,development,0.000012617543387413024,0.0013038304653584956,-0.0014500447139263151,-0.000044532235060135466
1999-04-26,development,-0.007979070746493339,-0.004323293715983629,-0.003084535737800598,-0.005128966733425855
1999-04-27,development,0.002737668755870807,-0.004664104482507705,0.0011247586797237395,-0.0002672256823043863
1999-04-28,development,-0.009565618865966796,-0.007798864709115028,-0.011234906072044372,-0.009533129882375398
1999-04-29,development,-0.00623360097913742,-0.006196470911449194,-0.006176153813171386,-0.006202075234586
1999-04-30,development,-0.00024938604021072384,-0.005084449872177839,0.0015228162756443023,-0.0012703398789147534
1999-05-03,development,0.004959829194641113,0.0013593580593705176,0.001364522205543518,0.002561236486518383
1999-05-04,development,-0.01207143546218872,-0.011469939394920982,-0.014442962012052536,-0.01266144562305408
1999-05-05,development,0.002607672148704529,0.005474007015371323,0.004351356727123261,0.004144345297066371
1999-05-06,development,-0.0013893075700759888,-0.0039048956981658934,-0.005290437803316116,-0.0035282136905193328
1999-05-07,development,-0.0003420118397712707,-0.002126286153078079,-0.0009033400967597961,-0.0011238793632030487
1999-05-10,development,-0.00492193583946228,-0.0009190482795953751,-0.005438446033525467,-0.0037598100508610404
1999-05-11,development,0.005970736280536651,0.004130249339365959,0.0035863413265362024,0.004562442315479604
1999-05-12,development,-0.0031258469208717346,-0.0014237405496120453,0.000966598827791214,-0.0011943295475641887
1999-05-13,development,-0.003955156564712525,-0.0034155785397052764,-0.0012639103796005249,-0.0028782151613394417
1999-05-14,development,-0.008933348100090027,-0.0028344698691368103,-0.005260589876079559,-0.005676135948435465
1999-05-17,development,0.0013637097160339355,0.0041516279988765715,0.005858018588590622,0.0037911187678337094
1999-05-18,development,-0.003968604515503823,-0.0024480195645809172,0.0012393154615879059,-0.001725769539498945
1999-05-19,development,-0.008077948340356349,-0.0043980081541299815,-0.008082521679401397,-0.006852826057962576
1999-05-20,development,-0.003759528921675682,-0.0025655441395282742,-0.0037534725790977475,-0.003359515213433901
1999-05-21,development,-0.003019881500339508,-0.0046870587923049925,-0.005050074569654464,-0.0042523382874329885
1999-05-24,development,-0.0001293775940656662,0.0004308423150539398,-0.0026759976456165314,-0.000791510974876086
1999-05-25,development,-0.0011668043454289435,-0.004121821709363407,0.0008318760591983794,-0.001485583331864657
1999-05-26,development,0.009350232274556159,0.013504513621771335,0.008222741076660156,0.010359162324329216
1999-05-27,development,-0.0030500876540899276,-0.0015346625183463097,-0.0013559498388767241,-0.0019802333371043202
1999-05-28,development,0.00586471413564682,0.0037387502119541165,0.006389996981287002,0.00533115377629598
1999-06-01,development,0.00322432387471199,-0.0008064441021203994,0.0031192212241649628,0.0018457003322521846
1999-06-02,development,0.004177362895905971,0.003934620533913373,0.002242867346891832,0.0034516169255703923
1999-06-03,development,0.0009291359312057494,-0.0007453728662014008,0.0021738261579036713,0.0007858630743026733
1999-06-04,development,0.0041898867323637,0.007254637883412838,0.00887980026421547,0.006774774959997336
1999-06-07,development,0.0000755448393344879,0.002693894336438179,0.000824092696237564,0.0011978439573367436
1999-06-08,development,0.002268786573061456,-0.003259299888539314,-0.006527183462667465,-0.002505898926048441
1999-06-09,development,-0.002492386654829979,0.0015882152677297592,-0.0008278435174942017,-0.0005773383015314739
1999-06-10,development,-0.00470891495244503,-0.0011660061216592788,0.0014843383121967316,-0.001463527587302526
1999-06-11,development,-0.0010180780203342438,0.00031537596020698544,-0.001781668375110626,-0.0008281234784126281
1999-06-14,development,-0.004039351723128557,-0.0015498802670657634,0.0019991327058315276,-0.0011966997614542643
1999-06-15,development,0.00010002090187072753,0.0022076009939296605,-0.0033462474849700924,-0.0003462085297232348
1999-06-16,development,0.018070237023061514,0.017327789369821548,0.013861646279716491,0.016419890890866515
1999-06-17,development,0.0015131968222558499,0.008682268544340134,0.010290160087251662,0.006828541817949216
1999-06-18,development,-0.019570463940954207,0.00013843613605499266,0.0042197298995018005,-0.005070765968465805
1999-06-21,development,0.004229401378029585,0.008163325066804885,0.0008849489813804626,0.004425891808738311
1999-06-22,development,-0.0018050514720618725,-0.0033433968821048733,0.004500727356721425,-0.00021590699914843998
1999-06-23,development,0.00781427514104247,0.004019764380502701,0.005005989525604248,0.005613343015716473
1999-06-24,development,-0.003330346515870094,-0.0010418954544067383,-0.00044213634042739866,-0.0016047927702347437
1999-06-25,development,-0.001341794364362955,0.00026640606837272644,0.0009525921828269958,-0.0000409320377210776
1999-06-28,development,0.002090329643404484,0.008104855651426315,0.007820455728244781,0.006005213674358527
1999-06-29,development,-0.00333055422105084,0.004936513873624801,-0.006405771804046631,-0.0015999373838242233
1999-06-30,development,-0.007436540777510404,-0.0019401395163059234,-0.013864634752273558,-0.0077471050153632955
1999-07-01,development,0.006162162289255857,0.0061971365031242365,0.007798544285011291,0.006719281025797128
1999-07-02,development,0.0035792936893582344,0.0015327543766975402,0.000806407838344574,0.001972818634800116
1999-07-06,development,0.001666491014289856,-0.0006452086246013641,0.001488141687297821,0.000836474692328771
1999-07-07,development,0.007638118605577946,0.01100890567197339,0.015440419231891631,0.011362481169814323
1999-07-08,development,-0.0014452089935839175,-0.0006268938130736351,0.001872916198348999,-0.00006639553610285126
1999-07-09,development,-0.00046803376483321187,0.0001223128025650978,-0.0006751339000701904,-0.0003402849541127681
1999-07-12,development,-0.0029111790015697477,0.006705741954541206,-0.002666649350833893,0.0003759712007125218
1999-07-13,development,0.0037910065145134926,0.00012168116319179534,-0.002175825837681317,0.0005789539466746571
1999-07-14,development,-0.0010046128438591956,-0.005310428689599037,0.003198609056997299,-0.0010388108254869776
1999-07-15,development,-0.008233592517077922,-0.00042242843616008757,0.0004998422369003296,-0.0027187262387792267
1999-07-16,development,-0.0013476826277017593,0.0007759627191066742,-0.0009380310500144958,-0.0005032503195365269
1999-07-19,development,0.0033496059179544445,0.00588459684548378,0.008243631813907623,0.005825944859115283
1999-07-20,development,0.001279385523489621,-0.0012410439668655395,0.00023987771883010863,0.00009273975848473006
1999-07-21,development,0.0032345526179432867,0.003304240755498409,-0.0013386853703022002,0.001733369334379832
1999-07-22,development,0.0062014855889916416,-0.0011085037310242653,0.005543418948459625,0.0035454669354756667
1999-07-23,development,-0.004716010707247257,0.002412647127878666,-0.0012199780936717987,-0.0011744472243467965
1999-07-26,development,0.00016004262158870696,-0.0000895073548555374,0.0046437613112926485,0.0015714321926752726
1999-07-27,development,0.002229082695841789,0.00008109685911322885,-0.0010602746218204499,0.0004166349777115226
1999-07-28,development,0.0076924559251785275,0.0012280821789741516,-0.00029084459242820736,0.0028765645039081577
1999-07-29,development,-0.003458523855125904,-0.004985685795783996,0.0018319826474189756,-0.002204075667830308
1999-07-30,development,0.0023490355635643004,0.002448029167222977,0.0033583819797992705,0.0027184822368621826
1999-08-02,development,0.002572875433206558,0.008563806554508209,0.003854221298742294,0.004996967762152354
1999-08-03,development,0.003100170074415207,0.002954405930805206,0.007006949523520482,0.004353841842913632
1999-08-04,development,0.005581066151309013,0.0007028084205627441,-0.00040490164833068844,0.0019596576411803563
1999-08-05,development,-0.0006235521975517272,-0.0006393155458927155,-0.002353472634029388,-0.001205446792491277
1999-08-06,development,-0.005292550398957729,-0.006476755952405929,-0.005642571812462806,-0.005803959387942155
1999-08-09,development,-0.0068118190426230425,-0.00493998108716011,-0.007011767622184753,-0.0062545225839893024
1999-08-10,development,0.005215861584821096,0.004625620646095276,0.002043972275495529,0.003961818168803967
1999-08-11,development,0.0033365139592170714,0.0010546708370685577,0.0019960118649721146,0.002129065553752581
1999-08-12,development,0.00299701084112525,0.0026064006264209746,0.006073240282177925,0.0038922172499080494
1999-08-13,development,0.012341197959709166,0.009978096727418898,0.006508060644197464,0.009609118443775176
1999-08-16,development,-0.0034193689284622666,0.0012168695385932921,-0.00020555202791690825,-0.0008026838059286275
1999-08-17,development,0.00533936461468935,0.006293108160984291,0.004910228861355781,0.005514233879009807
1999-08-18,development,-0.002493407310384512,-0.0076397122539579865,-0.0018965838304281235,-0.004009901131590207
1999-08-19,development,-0.005854328719615936,-0.004602804928016662,-0.0043752164982318875,-0.004944116715288161
1999-08-20,development,-0.0005825845441877842,0.0035043091464102265,0.0010878221065044403,0.0013365155695756277
1999-08-23,development,0.009951179936277865,0.006738888819539547,0.007850277870512009,0.008180115542109807
1999-08-24,development,0.0018125683584153652,0.008499092896848916,0.002526637512041688,0.004279432922435323
1999-08-25,development,0.014319229653859138,0.011892355269551277,0.011673708636927604,0.01262843118677934
1999-08-26,development,-0.006084890842556953,-0.0010116113626241683,-0.0022696805199861527,-0.0031220609083890912
1999-08-27,development,-0.006096614836859702,-0.00031196929523944855,-0.0010323309740304946,-0.002480305035376549
1999-08-30,development,-0.00877462750852108,-0.0044921671352148055,-0.00042870900938510895,-0.004565167884373665
1999-08-31,development,-0.0015603016568857824,-0.001660780300325155,-0.0033190061397492883,-0.0021800293656534086
1999-09-01,development,0.0011329972114562988,-0.0021653739971220494,-0.0003332712334215641,-0.00045521600636243823
1999-09-02,development,0.0021203407602787016,-0.0024280495369672773,-0.00030964451344013213,-0.00020578443004290264
1999-09-03,development,0.010252414348745346,0.00895762740536928,0.010731431240093708,0.009980490998069446
1999-09-07,development,-0.010670659162950515,-0.0147446426746428,-0.009315086753898858,-0.011576796197164058
1999-09-08,development,-0.01132148969693184,-0.015774173160403332,-0.010637292720633745,-0.012577651859322971
1999-09-09,development,-0.011129975207662582,-0.008101863332772255,-0.011355976879787445,-0.010195938473407428
1999-09-10,development,-0.009703959129571914,-0.017719042148834466,-0.006772811115795373,-0.011398604131400585
1999-09-13,development,-0.0033058103774547577,-0.003278274804097414,-0.004262107588845491,-0.0036153975901325546
1999-09-14,development,-0.0020946147327423094,-0.010106947942978143,-0.0048187955915101255,-0.005673452755743526
1999-09-15,development,-0.002247990366125107,-0.00047425538668632503,0.000639128413105011,-0.000694372446568807
1999-09-16,development,0.009184688508367537,0.006676778716164827,0.003008612984240055,0.006290026736257473
1999-09-17,development,-0.0004898600234508515,-0.0009901085687041282,0.0005995121052503585,-0.0002934854956348737
1999-09-20,development,-0.00033860829916000364,-0.0010147238748013973,-0.0033508353387236593,-0.0015680558375616865
1999-09-21,development,-0.0060025262995842335,-0.001964090994977951,-0.0015017512600421904,-0.0031561228515347914
1999-09-22,development,0.002896446261167526,0.005959120177769661,0.002069442043018341,0.003641669493985176
1999-09-23,development,-0.00395069527080059,-0.004172660215228796,-0.0003182136172175407,-0.0028138563677489754
1999-09-24,development,0.011065104741954802,0.009577036434018612,0.005371851457571983,0.008671330877848465
1999-09-27,development,-0.0005645105836868286,0.0019948137494683266,-0.0017278443889856337,-0.00009918040773471196
1999-09-28,development,0.004942793322062492,-0.00464702729917486,0.005204839869105815,0.0018335352973311491
1999-09-29,development,-0.00579071659104824,0.0035034999000549314,-0.004993551447951793,-0.0024269227129817008
1999-09-30,development,0.005110697613191604,0.0014420730861663819,0.008859286670994759,0.005137352456784248
1999-10-01,development,0.0032269086267471313,0.005989403202724457,0.006171022305178642,0.005129111378216744
1999-10-04,development,0.00764491507627964,0.007181837501621246,0.008675202382910252,0.007833984986937046
1999-10-05,development,0.00701684208843708,0.007100329869747161,0.012225232718344234,0.008780801558842826
1999-10-06,development,0.008621466114664078,0.005035966743326187,0.00618614661359787,0.006614526490529379
1999-10-07,development,0.001751216595649719,0.003756969846630096,0.007852891682958602,0.004453692708412805
1999-10-08,development,0.0021781329963207244,0.004949545140886307,0.004790724614667893,0.003972800917291641
1999-10-11,development,-0.003125146090221405,-0.00010174868454933166,-0.001883798670530319,-0.0017035644817670187
1999-10-12,development,0.008046039525023644,0.0015945689777374266,0.001837624107503891,0.003826077536754987
1999-10-13,development,-0.0005455060623526573,-0.004090174638700485,-0.00919456783823967,-0.004610082846430937
1999-10-14,development,-0.005326742630624771,0.0025091311866283416,-0.00011537032160758972,-0.000977660588534673
1999-10-15,development,-0.00535512809022665,-0.009313430743217468,-0.01007345611758232,-0.008247338317008813
1999-10-18,development,0.003944592250609398,0.009775673243570327,0.00969351465845108,0.007804593384210269
1999-10-19,development,-0.0011922527322649956,-0.003912884321048855,-0.006684824185752869,-0.003929987079688907
1999-10-20,development,0.01721360250993967,0.006854764756858349,0.011734069208979606,0.011934145491925873
1999-10-21,development,0.0034821701766371725,-0.0010091316701769828,0.010510359573960303,0.0043277993601401644
1999-10-22,development,0.012223418287420273,0.005280356147098541,0.008824591450047492,0.008776121961522101
1999-10-25,development,-0.0038851668165683743,0.002167918538236618,-0.0008558209740638733,-0.0008576897507985431
1999-10-26,development,0.004528546012228727,-0.003988947424381971,-0.004089928520791608,-0.0011834433109816174
1999-10-27,development,0.005364727506077289,0.005319642897880077,0.0032680518340826034,0.00465080741267999
1999-10-28,development,0.009344173017531633,0.0050130173082053656,0.006426158893787861,0.006927783073174953
1999-10-29,development,0.0031336007830142973,0.00032765976467132566,0.0019400148010730743,0.0018004251162528993
1999-11-01,development,-0.008680913831919431,-0.013627132551556825,-0.00902079114011526,-0.010442945841197171
1999-11-02,development,0.0010995703950848132,-0.0011199898425221443,0.0012596714874982832,0.0004130840133536507
1999-11-03,development,-0.004630842936897277,-0.007625106488990783,-0.004723319012880325,-0.005659756146256128
1999-11-04,development,-0.003387047933101654,-0.0012399234541475772,-0.0017227256464362143,-0.0021165656778951484
1999-11-05,development,-0.0037009431446075438,-0.004717408699423074,-0.002501862574422359,-0.0036400714728176595
1999-11-08,development,0.0013395384922027587,-0.0027337278966546056,0.0015111385441064834,0.00003898304655154549
1999-11-09,development,0.006160170213413238,0.002976150154694486,0.0007171684670567513,0.003284496278388158
1999-11-10,development,0.008493968543624877,0.012485827618044613,0.010929248812544345,0.010636348324737943
1999-11-11,development,0.008206558444404601,0.008059458366316557,0.0035954077768921852,0.006620474862537781
1999-11-12,development,-0.0020179286704063415,-0.0015796500821888446,0.001826126551735401,-0.0005904840669532617
1999-11-15,development,-0.006822203851413727,-0.0007400516277849674,-0.008999001281154155,-0.005520418920117617
1999-11-16,development,-0.002610600929069519,-0.0018672195258796214,-0.0016084632964545038,-0.0020287612504678813
1999-11-17,development,0.00018739599227905274,-0.0007408302199840546,0.003133425829410553,0.000859997200568517
1999-11-18,development,0.004233255541324615,0.005182903846973181,-0.0028627535399377343,0.0021844686161200206
1999-11-19,development,-0.0010578778515815735,-0.0015456862249791621,-0.00282280787397027,-0.0018087906501770019
1999-11-22,development,0.002593314450359344,0.00031125935690402986,0.004823814288020134,0.0025761293650945027
1999-11-23,development,0.0029263239697732597,0.004172001655900478,-0.00002599581879377365,0.0023574432689599883
1999-11-24,development,0.007619815138125419,0.0031204642536759373,0.003421119799697399,0.004720466397166252
1999-11-26,development,0.0009760074067533016,-0.0010108463266670703,0.003689744878464937,0.0012183019861837228
1999-11-29,development,0.005632124070137739,0.011017733186358214,0.007280781121665239,0.007976879459387064
1999-11-30,development,-0.0035802006026268004,0.0024637556009609995,-0.0016262275486707686,-0.0009142241834455231
1999-12-01,development,0.007574499467122554,0.007978237166976928,0.006340948381280899,0.0072978950051267935
1999-12-02,development,-0.0032084442315995693,0.00508290452747941,-0.0017898258274018763,0.000028211489492654805
1999-12-03,development,0.0035717848019242286,-0.0003873975918889046,0.0013893729905724525,0.0015245867335359254
1999-12-06,development,-0.010199158693498373,-0.01040921068944335,-0.002024604520481825,-0.007544324634474516
1999-12-07,development,-0.002480692071187496,-0.005704573382091522,-0.005896560446043663,-0.0046939419664408935
1999-12-08,development,0.00022489424772262573,-0.001193593624293804,0.0007484282806754112,-0.0000734236986319224
1999-12-09,development,-0.005212826855939627,0.0010021238154947758,0.004212428393167257,5.751175741353781e-7
1999-12-10,development,-0.006060087403923273,-0.006273080533069372,-0.0011039067923367023,-0.004479024909776449
1999-12-13,development,-0.002411596689748764,-0.008397963411581517,-0.0032778900872588155,-0.004695816729529698
1999-12-14,development,0.0007211622547231963,0.0036835063649356364,0.003695687556129694,0.0027001187252628425
1999-12-15,development,0.0073313567195773125,0.010877577754414081,0.01132486115309,0.009844598542360463
1999-12-16,development,0.0018628035776495932,0.0012890531819224357,0.005752754524362087,0.002968203761311372
1999-12-17,development,0.012034782626646756,0.011913633551830052,0.008008730144196749,0.010652382107557853
1999-12-20,development,0.00713191497811675,0.00443100030438304,0.0069505994167149065,0.006171171566404898
1999-12-21,development,-0.0033083334790170193,0.00021586547190684504,-0.005348222851878404,-0.0028135636196628595
1999-12-22,development,0.0009422345447063446,0.004607180737376213,0.005356608637189865,0.003635341306424141
1999-12-23,development,-0.0004200017510652542,-0.0003655055614233017,-0.0011698875825166702,-0.0006517982983350754
1999-12-27,development,0.0005635343637645244,-0.002613929127037525,0.003123125454288721,0.0003575768970052401
1999-12-28,development,0.006136117587149143,0.0030200538684368133,0.0070299343025803564,0.005395368586055438
1999-12-29,development,-0.005307155017232895,-0.0050100464363336565,-0.0032250627231032963,-0.004514088058889949
1999-12-30,development,0.0019858512079536914,0.0013786695226311683,0.0005728102903425693,0.0013124436736424762
1999-12-31,development,-0.013071584735858439,-0.0019570626480817795,-0.00037127303260564803,-0.005133306805515289
2000-01-03,development,0.005326692644691467,-0.007796265076327324,-0.0021507603726387023,-0.0015401109347581866
2000-01-04,development,-0.0071074992742385795,0.0003737376693487167,-0.00609601357806921,-0.004276591727653024
2000-01-05,development,0.0060800443872809406,0.008834661946058272,0.002521583642196655,0.005812096658511956
2000-01-06,development,-0.016070542185258864,-0.0016762542089223862,-0.004093275805556774,-0.007280024066579341
2000-01-07,development,0.009902895896852016,0.00790357807520628,0.0013444028950631618,0.0063836256223738196
2000-01-10,development,-0.0012292119537591934,-0.007875627060317993,-0.005134900633740425,-0.004746579882605871
2000-01-11,development,-0.007613880842661857,-0.00931376730591717,-0.008022800063353777,-0.008316816070644268
2000-01-12,development,0.007237645469999313,0.007105580642271041,0.003668962204122543,0.006004062772130965
2000-01-13,development,-0.0008244650143146515,-0.001743355912822485,0.002470447869545221,-0.00003245768586397172
2000-01-14,development,0.0030149085072517395,0.0011119363605439662,0.003556366979843378,0.0025610706158796944
2000-01-18,development,-0.008562147326862812,-0.007399304808044433,-0.010415379541230202,-0.008792277225379149
2000-01-19,development,0.0021808611198663713,0.005826153125035763,0.004460141210788524,0.004155718485230219
2000-01-20,development,0.00012549994752407073,0.001477672681879997,-0.005546165929365158,-0.0013143310999870301
2000-01-21,development,0.005994416975533962,0.003046506699132919,-0.0006977387368202209,0.0027810616459488864
2000-01-24,development,-0.007068259917676448,-0.007478727953606844,-0.0026507211581766606,-0.005732569676486651
2000-01-25,development,-0.0056438823324122065,0.0014097340650558472,-0.0006316272194504738,-0.0016219251622689443
2000-01-26,development,0.010192688669157028,0.008248586000633239,0.009151020957899093,0.009197431875896453
2000-01-27,development,-0.0008084665875077247,0.0014280447708129881,0.0010454682175040245,0.0005550154669364294
2000-01-28,development,-0.001471546666419506,-0.00691563623239994,-0.0028582238552212714,-0.0037484689180135727
2000-01-31,development,0.007284899236106872,0.00720684810526967,0.006041060474866629,0.0068442692720810565
2000-02-01,development,-0.003293049205100536,-0.004555182539568651,-0.0017357066580235957,-0.0031946461342309274
2000-02-02,development,0.0029193879629731178,0.005636877500474453,0.0020852094806075097,0.0035471583146850266
2000-02-03,development,0.0033094806798577305,0.0006827446447730064,0.0014651045617699622,0.0018191099621335664
2000-02-04,development,0.0025858999802470207,-0.0051016693080008025,-0.00045100035107731816,-0.0009889232262770334
2000-02-07,development,-0.0007400817413568497,-0.0025949026640713214,-0.0012707901022732256,-0.001535258169233799
2000-02-08,development,0.002671716050851345,0.0020678713162064553,0.0009647657372116981,0.0019014510347564993
2000-02-09,development,-0.004877442031395435,-0.002338706010711193,-0.004905461019611358,-0.004040536353905996
2000-02-10,development,-0.0036267248934984207,0.0016908644285202027,0.001833066924548149,-0.00003426451347668969
2000-02-11,development,-0.008254223587369918,-0.007775423834455013,-0.0059901907585501665,-0.0073399460601250325
2000-02-14,development,-0.0021599573243379594,-0.0014916870914340019,-0.004949556063067913,-0.002867066826279958
2000-02-15,development,0.004375257692363506,0.00493308667615652,0.0028722558987021446,0.004060200089074057
2000-02-16,development,0.0009489601907491683,0.0008204332859635353,0.0026016527479767798,0.0014570154082298276
2000-02-17,development,0.004387206907665729,0.002088856900000572,0.0024737419964671135,0.0029832686013778046
2000-02-18,development,-0.005298269694960117,-0.005711788589096069,-0.010504563429319859,-0.007171540571125348
2000-02-22,development,0.0032083435216784476,0.004105590709066391,-0.0037082823474049566,0.001201883961113294
2000-02-23,development,0.00016680299654006956,-0.0018653087624069032,0.005767701959145069,0.0013563987310927451
2000-02-24,development,-0.010828387780869007,-0.006774349356102943,-0.005687991474068165,-0.0077635762036800384
2000-02-25,development,-0.0068543188752532005,-0.002656941155195236,-0.000036304130017757415,-0.0031825213868220646
2000-02-28,development,0.00651800768341422,0.00946327352284193,0.005932201317387819,0.00730449417454799
2000-02-29,development,0.004647993829363584,0.004194947440814971,0.00479522397082448,0.004546055080334345
2000-03-01,development,0.001438758935403824,0.005202542807781696,-0.00176224542273283,0.0016263521068175634
2000-03-02,development,0.004439261864459514,0.002365821174621582,0.00509796284019947,0.003967681959760189
2000-03-03,development,0.003076077637505531,0.0032274938426852225,0.004566012529814243,0.0036231946700016654
2000-03-06,development,-0.011243654272794723,-0.0052552782257914545,-0.008858860677754878,-0.00845259772544702
2000-03-07,development,-0.007811668148757684,-0.009842354485940933,-0.004498723673295974,-0.007384248769331529
2000-03-08,development,0.0041370432771563525,-0.0021844695956707,0.0028414974916696548,0.0015980237243851025
2000-03-09,development,0.011868354231142996,0.014279483003938198,0.011496380574524402,0.012548072603201866
2000-03-10,development,-0.006284815919220447,-0.0019900847512245175,-0.003912685687232018,-0.004062528785892327
2000-03-13,development,-0.002338469083511829,0.003185349535191059,0.00002512571281194687,0.000290668721497059
2000-03-14,development,0.002278529039275646,0.00012984182310776815,0.0028797650389075276,0.0017627119670969808
2000-03-15,development,0.008181457183605433,0.005828735778564215,0.0012772242706298829,0.0050958057442665105
2000-03-16,development,0.0045050770330071445,0.008307811677849292,0.006699870207428932,0.00650425297276179
2000-03-17,development,-0.003670686354732513,0.0027086450031518937,0.0022567373601436614,0.00043156533618768063
2000-03-20,development,0.0022474848814129826,-0.0020053140088677405,0.00390108317656517,0.0013810846830368043
2000-03-21,development,0.003259488705205917,0.0048318082252144815,-0.00232679362780137,0.0019215011008730098
2000-03-22,development,-0.005492956223517656,-0.0017430207010805606,0.0014351716527104376,-0.0019336017572959263
2000-03-23,development,0.005075370008289813,0.00283843178473711,0.0014409009281873702,0.0031182342404047648
2000-03-24,development,0.000287848711669445,-0.002871669185388088,0.00007437969551086426,-0.0008364802594025928
2000-03-27,development,0.0034974087782263753,0.0069483903594374655,0.003482474157977104,0.0046427577652136485
2000-03-28,development,-0.0063487383607388195,0.008193096671128273,-0.008567439547371864,-0.002241027078994137
2000-03-29,development,0.004390445514893531,0.0014435850304484366,0.008153897399663925,0.004662642648335298
2000-03-30,development,-0.006440464723873138,-0.007952961895394324,-0.008699867059707642,-0.007697764559658368
2000-03-31,development,-0.00643457994081974,-0.0045182018552899356,-0.0067361668126344676,-0.005896316202914714
2000-04-03,development,-0.0022365812619447706,0.01059175611872673,0.006332136949372291,0.004895770602051417
2000-04-04,development,0.00937689232866764,0.007131764924279034,0.00409660336458683,0.006868420205844501
2000-04-05,development,0.00010910081343650817,0.00013373315546512604,-0.001686502482318878,-0.0004812228378057479
2000-04-06,development,0.007245372770702838,0.00515982513552308,0.006116760629546642,0.006173986178590853
2000-04-07,development,0.0032374554169893265,0.007046492781770229,0.0024583687948703764,0.004247438997876644
2000-04-10,development,-0.0008553524176359176,-0.0009644597482323646,0.0031092279366016387,0.0004298052569111188
2000-04-11,development,-0.002578196772313118,-0.006113894384717941,-0.0057006895529640705,-0.004797593569998377
2000-04-12,development,-0.0036172953501224514,-0.007219609999048709,-0.011408239499139786,-0.0074150482827703154
2000-04-13,development,0.00018171274967193602,0.000673261329948902,-0.000029195005083084104,0.00027525969151258464
2000-04-14,development,0.0023703903630971908,0.005258768004608154,0.005974256783354282,0.004534471717019876
2000-04-17,development,0.0022487715428829193,0.00031481784930229186,0.0019194364769220351,0.001494341956369082
2000-04-18,development,0.017603659881545778,0.012653671174407004,0.012685044080865383,0.014314125045606056
2000-04-19,development,0.007742291997599601,0.002031398433983326,-0.0008621688234567642,0.0029705072027087207
2000-04-20,development,0.0016474811102867126,0.00030990656588077544,0.0018616103962659834,0.0012729993574778237
2000-04-24,development,-0.004145869769024849,-0.0067542127145648,-0.00548383717982769,-0.005461306554472446
2000-04-25,development,0.011544100514435768,0.011518572330152988,0.009455616043829917,0.01083942962947289
2000-04-26,development,0.016039950452375412,0.0097832208596306,0.011398466479992866,0.01240721259733296
2000-04-27,development,0.007708461255264282,0.0020656704878568646,0.0074663429006814955,0.005746824881267547
2000-04-28,development,0.0032320996093034744,-0.00020874080146551132,-0.0031274939798355103,-0.000034711723999182424
2000-05-01,development,-0.008713790634799004,-0.00423198111948967,-0.00801878028050065,-0.006988184011596441
2000-05-02,development,-0.0025161767068624494,-0.002275962342607975,0.00472371815798484,-0.0000228069638285282
2000-05-03,development,-0.001316261871433258,0.0020681047796726228,0.002072490385723114,0.0009414444313208262
2000-05-04,development,-0.000773222324848175,0.0016853583361864089,0.002220246436560154,0.0010441274826327959
2000-05-05,development,0.0070382422046661374,0.00395207044301033,0.0046987860369801515,0.005229699561552206
2000-05-08,development,-0.004533472687029839,-0.005834380548286438,-0.004238174442666769,-0.004868675892661015
2000-05-09,development,-0.0039210214262586,-0.006320785563230514,-0.0013219482469499111,-0.0038545850788130084
2000-05-10,development,-0.001320890553998947,-0.005862788322567939,-0.0030808546701312062,-0.0034215111822326976
2000-05-11,development,0.0028138847023725507,-0.0010354316814541816,-0.0005379729758799075,0.00041349334834615386
2000-05-12,development,0.00014097718813419342,0.0034358390226364136,0.005140465543687344,0.002905760584819317
2000-05-15,development,0.0008360064489603042,0.00038610113657712935,0.0008640461754083633,0.0006953845869819324
2000-05-16,development,0.0005063511489391327,0.0020275596196623357,-0.0009432466785669326,0.0005302213633448452
2000-05-17,development,-0.0017757415274620054,-0.0029725261132895944,-0.002225485866397619,-0.0023245845023830733
2000-05-18,development,-0.004310894360470771,-0.004154135327255726,-0.003778322120416164,-0.004081117269380887
2000-05-19,development,-0.006002740472102165,-0.0028627672843396664,-0.0012763454500615595,-0.00338061773550113
2000-05-22,development,-0.0011839437172174454,-0.005147474200940132,-0.0037301928822278973,-0.0033538702667951577
2000-05-23,development,-0.004543635210013389,-0.00839246918491125,-0.009413755361000111,-0.007449953251974918
2000-05-24,development,0.0007027729004144668,-0.002121076358526945,-0.000388899080145359,-0.0006024008460859457
2000-05-25,development,0.004170607505989074,0.004186372177094221,0.0031649405150175093,0.0038406400660336015
2000-05-26,development,-0.004637226529788971,-0.005703417797845602,-0.0026387162180185318,-0.004326453515217702
2000-05-30,development,0.005831246330118179,0.00636572817453146,0.008934627705800533,0.0070438674034833905
2000-05-31,development,0.001530807400392556,0.00554963804936409,0.0028041999600768087,0.0032948818032778183
2000-06-01,development,0.00012103206055164336,0.0011343232076644898,0.0013532059808611869,0.0008695204163591067
2000-06-02,development,0.002444233632469177,0.004630274992853403,0.007145542412018775,0.004740017012447118
2000-06-05,development,0.006240659255266189,0.004497157360595465,0.006158225987839699,0.005632014201233784
2000-06-06,development,0.004998233874630928,0.006855369517267172,-0.002310404321658611,0.0031810663567464962
2000-06-07,development,-0.002589516352391243,0.00036668070410490034,0.002817346450483799,0.00019817026739915212
2000-06-08,development,0.0073264205336570735,0.008849154991197586,0.008160290883636474,0.008111955469497044
2000-06-09,development,-0.002728542295336723,-0.0013470795877099037,-0.0015419225790858269,-0.0018725148207108177
2000-06-12,development,-0.000708349078798294,0.0018131906938791274,-0.005904052930235862,-0.001599737105051676
2000-06-13,development,0.004198584456777572,0.0011446731370687484,0.004135299118432767,0.0031595189040930297
2000-06-14,development,-0.0004343177637338638,0.0016562444066643715,0.003896317804174125,0.001706081482368211
2000-06-15,development,0.005026455664205551,0.006660969134831428,0.006186092883358895,0.005957839227465292
2000-06-16,development,0.013603033581089973,0.0073418069655776024,0.009357353608357906,0.010100731385008494
2000-06-19,development,0.002300055596113205,0.004588167695689201,0.0021273485838308927,0.0030051906252110995
2000-06-20,development,0.0002845267066131473,0.0013383153944730758,0.001964817561496794,0.001195886554194339
2000-06-21,development,0.0011875756319522858,0.0052568823045253755,0.0024361763559222222,0.002960211430799961
2000-06-22,development,0.0012502093210697174,-0.001980989989924431,-0.0027475719706580044,-0.0011594508798375726
2000-06-23,development,-0.002741634883356094,-0.0029036503069162366,-0.0004214481885924935,-0.002022244459621608
2000-06-26,development,0.0036378834296703338,0.00087401192278862,0.0020077697328731415,0.002173221695110698
2000-06-27,development,-0.0024963972722053525,0.0009867690177845004,0.002018555215652287,0.00016964232041047825
2000-06-28,development,-0.0038476571961402893,-0.003645833415842056,-0.0027226362383306027,-0.0034053756167709824
2000-06-29,development,-0.005059529872846603,-0.004518922957682609,-0.0052490572014570235,-0.004942503343995412
2000-06-30,development,0.0020952517156600952,-0.0014560126039028167,-0.0010070477239847184,-0.00012260287074247994
2000-07-03,development,-0.0013482699037075043,-0.0011090436844825744,-0.005554930978709459,-0.0026707481889665127
2000-07-05,development,-0.004631748655033112,-0.004319493872904778,-0.0056765527089617605,-0.004875931745633217
2000-07-06,development,-0.0020398157210350038,0.00238808926115036,0.002574629513430595,0.0009743010178486504
2000-07-07,development,-0.0001582652304649353,0.0011449191623687743,-0.0009980033654332162,-3.7831445097923394e-6
2000-07-10,development,0.0018476084335327149,0.002158750935554504,0.0015823210021615028,0.0018628934570829071
2000-07-11,development,0.003398268379662776,0.005563815795540809,0.0026225940780580043,0.0038615594177538633
2000-07-12,development,0.0006380595475196838,0.002868394645833969,-0.002810561028724909,0.0002319643882095814
2000-07-13,development,-0.008658768638086319,-0.0031197499107837676,-0.005963400590330362,-0.00591397304640015
2000-07-14,development,-0.0037685636900424957,-0.003131176116633415,-0.002280850979351997,-0.0030601969286759693
2000-07-17,development,0.0010296174617290496,0.006616720132184028,0.007522429728114605,0.005056255774009227
2000-07-18,development,0.008274637686252594,0.0030114064983217,0.003986422481179237,0.0050908222219178435
2000-07-19,development,0.008670702035999298,0.004346570005106925,0.006748399465966224,0.00658855716902415
2000-07-20,development,-0.006786612228822708,-0.0032604714596033094,-0.006039646976715326,-0.005362243555047115
2000-07-21,development,0.00816168548207283,0.0035944671754598615,0.010844751581424474,0.007533634746319055
2000-07-24,development,-0.0024555399441719052,0.0011373844044923781,0.000018363690319657327,-0.00043326394978662324
2000-07-25,development,-0.0037774125146389005,-0.0024622411887168885,-0.0027977789568174307,-0.0030124775533910734
2000-07-26,development,0.003696805502414703,0.0009195277581453323,0.0013218717795848846,0.0019794016800483067
2000-07-27,development,0.0023052265907764435,-0.0033497420934200284,-0.006220579478311538,-0.002421698326985041
2000-07-28,development,0.011734914172792434,0.01208726227326393,0.016092917037963866,0.013305031161340077
2000-07-31,development,-0.001529253071975708,0.0019475825503110884,-0.00033075299229621885,0.000029192162013053876
2000-08-01,development,-0.001660777920757389,0.000980093895125389,-0.0012213852223396302,-0.00063402308265721
2000-08-02,development,0.004377114537298679,0.004857826691460609,0.005942124140644073,0.005059021789801121
2000-08-03,development,0.008147102098894118,0.004382883867907524,0.002820036568069458,0.005116674178290367
2000-08-04,development,-0.002520240223765373,-0.0058783127396106714,-0.004840598611450195,-0.00441305052494208
2000-08-07,development,0.003940500771820545,-0.0012951162613630293,-0.0026881457597255705,-0.000014253749756018216
2000-08-08,development,0.0006009486100912093,-0.0008616258495773672,-0.0013615858060836792,-0.000540754348523279
2000-08-09,development,0.004935627074861526,0.005337346162641048,0.0086407723361969,0.006304581857899824
2000-08-10,development,0.0003459891431093216,0.005958879125642776,0.006968977288150787,0.004424615185634295
2000-08-11,development,-0.004328287585091591,-0.006382032143819332,-0.004696872688817978,-0.005135730805909633
2000-08-14,development,0.005520128784263134,0.005836569813507795,0.004565895170164108,0.005307531255978346
2000-08-15,development,0.004444588902759552,0.007029390629684925,0.0067845563238146025,0.0060861786187530265
2000-08-16,development,0.00007047535197734833,0.002430198365688324,0.000987231005346775,0.0011626349076708157
2000-08-17,development,0.002422619670176506,0.001325452177596092,0.0018872501011967658,0.0018784406496564546
2000-08-18,development,0.003510642853915691,0.002758543251234293,0.001635962259811163,0.002635049454987049
2000-08-21,development,0.0009379220405101776,-0.002135047667300701,-0.0029848525726318357,-0.0013939927331407863
2000-08-22,development,-0.005557152576996034,-0.0008018860983908177,-0.003280571452409029,-0.0032132033759319605
2000-08-23,development,0.006879896946239471,0.012235721661061048,0.010570039516335726,0.009895219374545414
2000-08-24,development,0.004859756530714035,-0.006801489412307739,-0.007025486685073376,-0.0029890731888890265
2000-08-25,development,-0.0005609147227287292,-0.0014158202807605265,-0.000953918341165781,-0.0009768844482183456
2000-08-28,development,-0.0009644797809600829,0.00841977270706296,0.002711597796803713,0.0033889635743021966
2000-08-29,development,-0.0002838175971984863,-0.004977787044997686,-0.004249442284011841,-0.0031703489754026713
2000-08-30,development,-0.0008178267705917358,-0.008159719235026836,-0.004732661435735226,-0.004570069147117932
2000-08-31,development,-0.0009449487203598022,0.005390029689276218,0.001713222907400131,0.0020527679587721824
2000-09-01,development,0.004084458267498016,-0.010741910240626335,0.0073286399445891375,0.00022372932382027275
2000-09-05,development,-0.01661625185036659,-0.008036628048503398,-0.01262080428329706,-0.012424561394055683
2000-09-06,development,-0.005122360023498535,0.005430484140324592,0.004765959427560317,0.0016913611814621248
2000-09-07,development,0.0012163568018436432,0.0015669411476254462,0.0027532646175146103,0.0018455208556612333
2000-09-08,development,-0.0007658456634521484,-0.001013345179927349,0.003138998002529144,0.00045326905304988226
2000-09-11,development,-0.004358961970520019,0.0087671724298954,0.007464704627382755,0.0039576383622527125
2000-09-12,development,-0.00040487511001364,0.005284176422023773,0.002787305629813671,0.002555535647274602
2000-09-13,development,0.00026415324158668516,-0.0036653193179011345,0.0009540433143615723,-0.0008157075873176257
2000-09-14,development,0.0016850051783800124,-0.002228960470819473,-0.006311960367798805,-0.0022853052200794218
2000-09-15,development,0.006060120397925376,0.006543289769184589,0.013290112126684189,0.008631174097931385
2000-09-18,development,0.007426341479730605,0.006163616343653202,0.007570261078321933,0.0070534063005685795
2000-09-19,development,0.008710584159612655,0.007415528064533292,0.0029296198945879936,0.0063519107062446475
2000-09-20,development,-0.004123504223930836,-0.0036074369733572003,0.0013222651415467261,-0.0021362253519137697
2000-09-21,development,0.0027315525349378583,-0.0013608473141670226,0.004461519621419907,0.001944074947396914
2000-09-22,development,0.007956027232718467,0.010627747088956833,0.011286534981870652,0.00995676976784865
2000-09-25,development,-0.0015755712946891784,-0.0002983783277988434,-0.0044581144833564755,-0.002110688035281499
2000-09-26,development,0.008333804333472252,0.010440317223477363,0.004750556501837272,0.007841559352928962
2000-09-27,development,0.00873560765440464,0.006492703064060211,0.008527461791968345,0.007918590836811066
2000-09-28,development,-0.003924428862166405,-0.004894988108766079,0.00019266153960227967,-0.002875585143776735
2000-09-29,development,-0.007502595597249269,-0.0034734414789438246,-0.008721829566508531,-0.006565955547567209
2000-10-02,development,0.0007221241207659244,-0.0004605331035494804,-0.002526040304917097,-0.0007548164292335511
2000-10-03,development,-0.005396418042915594,-0.0038278632123470305,0.0016592775697052478,-0.0025216678951857923
2000-10-04,development,0.00814253986992836,0.0025784533633470535,0.006184686618185043,0.0056352266171534856
2000-10-05,development,0.0034350398634970187,0.004022383189678192,0.00011797001592516899,0.00252513102303346
2000-10-06,development,-0.0014812671440660953,0.004537260468173027,-0.003909269024437665,-0.00028442523344357804
2000-10-09,development,-0.0004369699202775955,0.0002731181211709976,0.0006712134036302566,0.0001691205348412196
2000-10-10,development,0.0007078364680290222,-0.003052346411419575,-0.005914898351216316,-0.00275313609820229
2000-10-11,development,-0.004615850118744373,0.0026431557312011716,-0.003306260816013813,-0.001759651734519005
2000-10-12,development,0.0038033946059346196,-0.0010120137871026992,0.0051865421956419945,0.002659307671491305
2000-10-13,development,0.007594089354592561,0.009247291116356849,0.011498384052294492,0.009446588174414634
2000-10-16,development,-0.0018509763859987259,0.008114261967945098,-0.0030602286568641663,0.0010676856416940688
2000-10-17,development,-0.0039359863607227805,0.0014739656202077864,0.007409064778006237,0.0016490146791637475
2000-10-18,development,-0.0025220302986621855,-0.011955050395441055,-0.000574484435325861,-0.005017188376476367
2000-10-19,development,0.0008064765746295452,0.005801855384564399,-0.004760585131901502,0.0006159156090974807
2000-10-20,development,0.000612691983962059,0.0020237302619457243,0.0014943054305791854,0.0013769092254956562
2000-10-23,development,0.002680951548242569,-0.00016630280437469482,-0.0016121505120038986,0.0003008327439546585
2000-10-24,development,-0.005083286059434032,-0.010942859994006156,-0.008917393205690384,-0.008314513086376858
2000-10-25,development,-0.00866623396588564,-0.010502045187449455,-0.008955608592379092,-0.009374629248571395
2000-10-26,development,0.0013898805606484413,0.004509134931564331,-0.0020393237838387487,0.0012865639027913411
2000-10-27,development,-0.007598798499006033,-0.006733637266898155,0.003972205813187361,-0.0034534099842389427
2000-10-30,development,-0.004748553412294388,-0.01194168115375042,-0.004645920944523811,-0.007112051836856206
2000-10-31,development,0.0017231526471495628,0.006173307859929744,0.0015685965419888496,0.003155019016356052
2000-11-01,development,-0.004789850420886278,-0.0037456633438408375,-0.010177896043604612,-0.006237803269443909
2000-11-02,development,-0.008154013314968346,-0.003890277530711889,-0.005683241612404585,-0.005909177486028274
2000-11-03,development,0.0034714062508583066,0.006509157007145882,0.0062794987340927125,0.0054200206640323
2000-11-06,development,0.0038445189226925373,0.002773660131287575,0.006841056321805716,0.0044864117919286095
2000-11-07,development,-0.002721851087939739,-0.0011446805518865585,-0.008506370939666757,-0.004124300859831018
2000-11-08,development,-0.004654008198493719,-0.008318510868763923,-0.006260925601595267,-0.0064111482229509695
2000-11-09,development,0.003343704843574762,0.006388951925045252,0.006517030793756992,0.005416562520792335
2000-11-10,development,0.002140929231137037,-0.0005950029249906539,-0.0018817480553023516,-0.0001119405830519894
2000-11-13,development,-0.012625817669892311,-0.01625927952749133,-0.009900726971131936,-0.01292860805617186
2000-11-14,development,0.009566430092774334,0.009066495443856716,0.007971046934294328,0.008867990823641793
2000-11-15,development,0.006295692524808645,0.009064486633861064,0.010085094839923828,0.00848175799953118
2000-11-16,development,-0.0016060286105692386,-0.003830529518020153,0.0009618561702739447,-0.0014915673194384825
2000-11-17,development,-0.0006228837858706712,-0.003447456868046522,0.00223238641853258,-0.0006126514117948712
2000-11-20,development,-0.003458198796367645,-0.002554264149403572,-0.0020290309046508744,-0.002680497950140697
2000-11-21,development,0.0018293584365576504,0.00009952458871717445,0.000979860688162595,0.0009695812378124733
2000-11-22,development,0.0010361857589542866,-0.00023913487387895583,-0.0018535744375616312,-0.00035217451749543346
2000-11-24,development,0.002771324761480093,0.0030965936898350714,0.001049282347021252,0.002305733599445472
2000-11-27,development,0.0016518786421239374,0.0030220822256326672,0.0012448461942318827,0.0019729356873294957
2000-11-28,development,0.00008582846894264221,0.0015758206073641775,0.00327429255553057,0.00164531387727913
2000-11-29,development,-0.001975769695404172,-0.0026984120756983754,-0.0016725833407342434,-0.0021155883706122634
2000-11-30,development,0.0011144806363672017,0.0019351335999011992,0.004041194775676727,0.002363603003981709
2000-12-01,development,0.0020308631914407013,-0.004156080132484436,-0.0051535636727571485,-0.0024262602046002946
2000-12-04,development,0.0036650736503720284,7.067387866973876e-6,0.006146124152767658,0.0032727550636688866
2000-12-05,development,0.008310012729400861,0.005924645176887512,0.004710773323452473,0.006315143743246949
2000-12-06,development,0.003531376235222816,0.007420679032969475,0.010176056733810902,0.007042704000667731
2000-12-07,development,0.0064609708682060235,0.001361329127407074,0.005948898159575462,0.004590399385062853
2000-12-08,development,0.006190422565245628,0.007374100259947777,0.00440681332514286,0.005990445383445422
2000-12-11,development,0.009987916750383376,0.008108858488225937,0.006129361497163773,0.008075378911924362
2000-12-12,development,-0.009158143512010573,-0.00026643569567762676,-0.007526056572926044,-0.005650211926871415
2000-12-13,development,0.004227880714511871,0.005328220420882106,0.0041120053316593165,0.004556035489017765
2000-12-14,development,-0.0018961092836380004,0.0039139870485045015,0.0005142254400610924,0.0008440344016425312
2000-12-15,development,0.004830521353459358,0.0017657071517825126,0.003952154630577564,0.0035161277119398118
2000-12-18,development,-0.0008377172197818756,0.005121042902741953,0.002955634380173683,0.0024129866877112536
2000-12-19,development,-0.0010338840144157408,0.005633329038608074,-0.00352672158363623,0.0003575744801853676
2000-12-20,development,-0.0022933327998638153,-0.0008446357594097032,-0.0003202787701688707,-0.0011527491098141298
2000-12-21,development,-0.0017170070873975753,-0.000014105382682941853,0.003806525425454229,0.000691804318457904
2000-12-22,development,1.246844458580017e-6,-0.0032763527349064124,-0.0016208918137721716,-0.0016319992347400012
2000-12-26,development,0.009525889968967437,0.013153095365443453,0.005730471908189356,0.009469819080866748
2000-12-27,development,0.0005368216596849379,0.0016959196044024078,0.0058132722336158155,0.002682004499234387
2000-12-28,development,0.0001226308815717697,0.001639061393249221,-0.0018204542957402764,-0.0000195873403064286
2000-12-29,development,-0.006827089434254169,-0.008808015811356157,-0.01344987041428685,-0.009694991886632393
2001-01-02,development,-0.00021542279844284057,-0.0036609157191252336,-0.011170011939204484,-0.005015450152257519
2001-01-03,development,-0.004058180667507648,-0.0014673015187713957,0.0004998703939214349,-0.0016752039307858695
2001-01-04,development,-0.02166710235272646,-0.022495649600476026,-0.023738006818219273,-0.022633586257140587
2001-01-05,development,0.0003661872590780258,-0.0034196692255109547,-0.004145793840065599,-0.002399758602166176
2001-01-08,development,0.007870185737907886,0.007899086097991467,0.010321324346680193,0.008696865394193181
2001-01-09,development,-0.00578111154102087,-0.005823678117910027,-0.0047460713434214746,-0.0054502870007841235
2001-01-10,development,-0.005552119493591785,-0.0036186660506486892,-0.004227809591221809,-0.004466198378487427
2001-01-11,development,-0.006028301326787472,-0.008693954269874096,-0.011862989598715306,-0.008861748398458958
2001-01-12,development,0.001794549554157257,0.00015285823336839676,-0.0021980089547634124,-0.0000835337224125862
2001-01-16,development,-0.003696426865339279,-0.0033233676791310307,-0.0017544405720591545,-0.002924745038843155
2001-01-17,development,-0.006151761322361295,-0.0012567140219807624,-0.008281697693073749,-0.005230057679138603
2001-01-18,development,0.004215669623565674,0.008849305981713533,0.002789352960950136,0.005284776188743114
2001-01-19,development,0.0013576056702405213,0.0014469259922862052,-0.00011796020184755325,0.0008955238202263911
2001-01-22,development,0.004218417311620712,0.0011976614308834076,0.008461173982429505,0.004625750908311208
2001-01-23,development,0.000999707690513134,-0.0021328938634405524,-0.00042584143442511555,-0.0005196758691175114
2001-01-24,development,-0.006398137531793117,-0.0009272184472456574,-0.0018347704483151436,-0.0030533754757846397
2001-01-25,development,0.008687975189869105,0.006329839536288939,0.007199624897426367,0.007405813207861471
2001-01-26,development,0.0007483238516524434,0.002348722573542036,0.001587751999372244,0.0015615994748555745
2001-01-29,development,-0.005428464286455512,-0.00432243498638086,-0.003524300246119499,-0.004425066506318623
2001-01-30,development,0.0009979711124509572,0.0035873894496243446,0.0013680179016390174,0.001984459487904773
2001-01-31,development,-0.004585603585802019,-0.0006246245056105778,-0.0026648168619155884,-0.0026250149844427285
2001-02-01,development,0.001048634630562365,-0.0003322762879801914,0.0027586249365091323,0.001158327759697102
2001-02-02,development,0.006618717416976392,0.007588863529562764,0.007762725617313384,0.0073234355212841796
2001-02-05,development,0.0015781420846506954,0.0022625050977846607,0.008127686856520176,0.003989444679651844
2001-02-06,development,0.0004632750448599145,-0.0007732068650478497,-0.004723819982278347,-0.0016779172674887606
2001-02-07,development,-0.008805164786475897,-0.005338973413615115,-0.004122828224134445,-0.006088988808075152
2001-02-08,development,-0.0030675986949563025,-0.0036703778651004655,-0.002348692324066162,-0.0030288896280409768
2001-02-09,development,0.003194311848759651,0.002473564134593494,0.003441966352522373,0.0030366141119585062
2001-02-12,development,-0.004777614107692242,0.0007836890297506004,-0.0007650363850474357,-0.0015863204876630256
2001-02-13,development,0.0006297618850976229,-0.005786349202250235,0.0026117023918509484,-0.0008482949751005545
2001-02-14,development,0.0052338989572703835,0.00646778875914216,0.0032568166276574135,0.004986168114689986
2001-02-15,development,-0.0012184076509147881,-0.0003013994811862707,0.0015187207014799118,-3.6214354038233317e-7
2001-02-16,development,-0.003074594518062472,-0.01075026586177647,-0.0002151898281097412,-0.004680016735982894
2001-02-20,development,0.0010386558580368756,-0.0010930670444220304,0.005888451187777519,0.0019446800004641214
2001-02-21,development,-0.0031880403773367405,-0.007013663871997595,-0.003072127568230049,-0.004424610605854795
2001-02-22,development,-0.000518127838653326,-0.00458228939166665,0.0008332520547982304,-0.0014223883918405818
2001-02-23,development,0.0050101070043742655,0.0053436158896267415,0.008981644962966814,0.006445122618989274
2001-02-26,development,-0.00833451254209876,-0.008772865592986345,-0.010452603275192157,-0.00918666047009242
2001-02-27,development,-0.0012810627750214276,-0.004340552868112922,-0.0010507180028224363,-0.0022241112153189285
2001-02-28,development,-0.001414440327143669,-0.0030800677301108838,0.001524298568870127,-0.0009900698294614753
2001-03-01,development,0.00891274230465293,0.007877720202696323,0.006536024565713107,0.007775495691020786
2001-03-02,development,-0.006924276067733764,-0.004975205475214123,-0.005666229050212167,-0.005855236864386684
2001-03-05,development,-0.005890648106080293,0.0003140933691948652,-0.00701732924593389,-0.004197961327606439
2001-03-06,development,-0.0004050887120902538,-0.00026180325536474266,0.006758172332214377,0.002030426788253127
2001-03-07,development,0.0013834282773554324,-0.0023860413560887798,-0.005370771972355432,-0.00212446168369626
2001-03-08,development,0.001365460170394182,-0.0007182884001171216,-0.0007521820634083822,-0.00003500343104377391
2001-03-09,development,-0.0030773138856112956,-0.0006046320239661261,0.002252799041817151,-0.0004763822892534236
2001-03-12,development,-0.004773626692354679,0.00315667340987809,-0.0018410047271940856,-0.001152652669890225
2001-03-13,development,0.0004455112932682037,0.002803799158292636,0.004164512851696196,0.002471274434419012
2001-03-14,development,-0.0028261157617747784,0.0007779242127200588,-0.0016905794052999466,-0.0012462569847848887
2001-03-15,development,-0.0012549987454891205,-0.005158969093147292,0.0006222326370365918,-0.0019305784005332737
2001-03-16,development,0.0032488457223713396,0.0059932666512133555,0.002569483596145734,0.00393719865657681
2001-03-19,development,0.0004131516267478466,-0.0004943731326952577,0.000866789001211524,0.0002618558317547043
2001-03-20,development,-0.009310018039147518,-0.001025222471394576,-0.009452376165504381,-0.0065958722253488256
2001-03-21,development,0.002987048429747112,0.01160357981026154,0.0047165979811612515,0.0064357420737233
2001-03-22,development,0.004445189587953128,0.0020561670783152803,0.002985188679464534,0.0031621817819109804
2001-03-23,development,-0.008530719489931688,-0.009277104196134582,-0.007584028496622294,-0.008463950727562855
2001-03-26,development,0.00039492913672793656,-0.005083462811669893,-0.001518292028587684,-0.0020689419011765465
2001-03-27,development,-0.002853543694761395,-0.003577404061052129,-0.001797236660403013,-0.0027427281387388453
2001-03-28,development,-0.007528302327531017,0.0005713673806639388,-0.00403918746788688,-0.003665374138251319
2001-03-29,development,-0.003039572001887858,0.0032606175552263856,0.002199873129835725,0.0008069728943914176
2001-03-30,development,-0.004484137198478542,-0.001942029723814316,-0.003210926644371077,-0.0032123645222213114
2001-04-02,development,0.0027833660720951855,0.010577478191449493,0.004840414018763601,0.00606708609410276
2001-04-03,development,-0.005493189423246123,0.01026948395054806,-0.00413358280709564,0.00021423724006876572
2001-04-04,development,0.008483186631112173,0.0065019682435091585,0.0030662371208634224,0.0060171306651615845
2001-04-05,development,0.0037803995848281306,-0.0007565529022371396,0.006782269898612238,0.0032687055270677425
2001-04-06,development,-0.007208598084192164,-0.001910434294313751,-0.004550348448105715,-0.00455646027553721
2001-04-09,development,-0.0009051690258282236,0.002803932527643349,-0.002703042276062909,-0.00026809292474926126
2001-04-10,development,-0.005223646064197242,-0.007672060130189266,-0.0010029553616008721,-0.004632887185329127
2001-04-11,development,-0.0018269053069114684,-0.0069145363947289065,0.005329486440914683,-0.0011373184202418975
2001-04-12,development,0.0056251269490242,0.00024588706862330433,0.0038548788312256334,0.0032419642829577128
2001-04-16,development,-0.006068107597589492,-0.0016571275788931175,-0.008963049328402988,-0.005562761501628532
2001-04-17,development,-0.000866472785949707,0.003341506348503381,-0.00020995366533920168,0.000755026632404824
2001-04-18,development,-0.0005743605422019959,0.00013087185716063833,0.008452506218627281,0.002669672511195308
2001-04-19,development,0.0017598921962738037,-0.0056134106041509655,0.012048942256484552,0.0027318079495357965
2001-04-20,development,-0.0012922575299262999,-0.0010167556491149589,0.0005024627271877602,-0.0006021834839511662
2001-04-23,development,-0.002408726925373077,0.0038065163700398055,-0.006488862660718337,-0.0016970244053505362
2001-04-24,development,-0.0003465052742004394,0.0007869122432358562,0.00200146742487958,0.000813958131304999
2001-04-25,development,0.0013161363985061646,0.0017931444801686331,0.004924133221369981,0.0026778047000149264
2001-04-26,development,-0.0060011931075096125,-0.004612338714727201,-0.0024855097767949104,-0.004366347199677241
2001-04-27,development,0.007034414159202576,0.0049765795551523564,0.0037439877755045888,0.005251660496619841
2001-04-30,development,0.006317512946701049,-0.0024733847772803155,-0.001678553492668271,0.0007218582255841542
2001-05-01,development,-0.0015568038197470904,-0.0019502947815101593,-0.0009601304944753646,-0.0014890763652442047
2001-05-02,development,-0.002101129587817192,-0.00663598801632002,-0.008270519280552864,-0.005669212294896693
2001-05-03,development,0.005328482000100612,0.00400880132946372,0.005794732220584154,0.005044005183382829
2001-05-04,development,-0.004408485224348307,-0.0033760585030458866,-0.0026125341491132974,-0.003465692625502497
2001-05-07,development,0.00011136905115246772,-0.0010925007832728326,0.0037295351227432487,0.0009161344635409612
2001-05-08,development,0.005301168949335813,0.00043604031266172285,0.0030060020454496144,0.00291440376914905
2001-05-09,development,0.0010220236581087111,0.0035025449517980217,0.0026822102854788302,0.0024022596317951877
2001-05-10,development,0.0011963073446333407,0.0012983809836104511,0.0008547668396681546,0.0011164850559706489
2001-05-11,development,0.00034183929105401035,0.0002955085361793637,0.0013961945506066084,0.0006778474592799942
2001-05-14,development,-0.0009517596352279186,0.002744364334231615,0.0022533296880990266,0.0013486447957009077
2001-05-15,development,0.0010247721165120602,-0.0003471356011673808,0.0012596209358422528,0.0006457524837289774
2001-05-16,development,0.002228755677372217,0.00044648781033009287,0.00036454331683646884,0.001013262268179593
2001-05-17,development,-0.0032399195903539658,0.0020286780646696684,-0.0018120214866166934,-0.0010077543374336637
2001-05-18,development,-0.003459592335307598,-0.0007812188388243317,-0.0023498621555814517,-0.0021968911099044604
2001-05-21,development,-0.00275794103770256,-0.006493106677095592,-0.008310500095653347,-0.0058538492701505
2001-05-22,development,0.001199077343462524,0.0025077452519103884,0.0014612478259695694,0.001722690140447494
2001-05-23,development,0.0032620344599351286,-0.00008575767784118651,0.003943166459842026,0.0023731477473119896
2001-05-24,development,-0.0007020768622428179,-0.0005570618667960167,-0.0003377408307164907,-0.0005322931865851085
2001-05-25,development,0.006013166075536981,0.003271952214130759,0.005519265412772819,0.004934794567480186
2001-05-29,development,0.011652932970145717,0.0077633603801697485,0.009664641740627214,0.009693645030314226
2001-05-30,development,0.011666780246985703,0.010162994178417529,0.002692900374456495,0.008174224933286576
2001-05-31,development,-0.00016559085465800015,0.0020480762118935585,-0.0011179211683506145,0.00025485472962831463
2001-06-01,development,-0.0025791601899573576,-0.00721325411953926,-0.0009954935713244603,-0.0035959692936070264
2001-06-04,development,0.0026641904034841804,0.0025768345599532128,0.006209742476516589,0.0038169224799846605
2001-06-05,development,-0.0006226291130116209,0.000012674608707427978,0.00428169681650879,0.0012239141040681991
2001-06-06,development,0.004459347806511819,-0.0029028568415641783,0.0005637948750972748,0.0007067619466816385
2001-06-07,development,0.000056150844022259116,-0.00022709664388895033,-0.0035482192906618115,-0.0012397216968428341
2001-06-08,development,0.0007778042994154617,-0.0021190866815805434,0.0042000509311676025,0.000952922849667507
2001-06-11,development,0.007040225637882761,0.005282331354999542,0.010778712162089348,0.007700423051657217
2001-06-12,development,-0.0024785067292281623,0.004380033524382114,0.005170383740925788,0.0023573035120265803
2001-06-13,development,-0.00010042941382527351,0.0014393707038879394,-0.00044282886769771574,0.0002987041407883167
2001-06-14,development,-0.004086941911667585,0.002726819640612602,0.000893646308016777,-0.00015549198767940206
2001-06-15,development,-0.0002954763358682394,0.007337012830078602,0.008161104648458957,0.00506754704755644
2001-06-18,development,-0.005783696819680929,0.008834231225681305,0.0023831858261346814,0.0018112400773783524
2001-06-19,development,-0.0008861004052579403,0.001941406251666933,0.006955863266944885,0.0026703897044512924
2001-06-20,development,-0.006544920302832127,-0.0037365309028625487,0.0024563460136413575,-0.0026083683973511062
2001-06-21,development,0.0036242432884067296,0.008136920883750915,0.0009092118668913841,0.00422345867968301
2001-06-22,development,0.0034066279868870974,0.007696685494422912,-0.0004451387952208519,0.0035527248953630525
2001-06-25,development,-0.0005600793143272399,-0.0019040366176128387,-0.00142821593272686,-0.0012974439548889794
2001-06-26,development,-0.001517208901336789,-0.002810541762113571,-0.0024326408449707477,-0.0022534638361403694
2001-06-27,development,-0.002256474973887205,-0.003299590362858772,-0.008708122518879174,-0.004754729285208384
2001-06-28,development,-0.004771066588389873,-0.0012342895704269409,-0.004621761444175243,-0.003542372534330686
2001-06-29,development,0.004755352768492698,0.009011379746651648,-0.002032240366768837,0.003911497382791836
2001-07-02,development,-0.008377245811116695,-0.0047795290612936015,0.002050868406236172,-0.0037019688220580414
2001-07-03,development,0.0029432004233266407,0.003894827921104431,0.006705867365092039,0.00451463190317437
2001-07-05,development,0.005970340505206584,-0.00430324655520916,0.001718345049023628,0.0011284796663403507
2001-07-06,development,-0.0054915095374166965,-0.009150935933446883,-0.00552163552917838,-0.00672136033334732
2001-07-09,development,-0.0007262422335922718,0.003893491373825073,-0.0003322609486877918,0.0009449960638483365
2001-07-10,development,0.003925751625588536,-0.0010308615637437876,0.0030513907240122557,0.001982093595285668
2001-07-11,development,-0.0007428591829121112,0.00792642994596362,0.0033886919265329837,0.003524087563194831
2001-07-12,development,0.0029497382839173076,0.005261842749407887,0.006693270759776234,0.0049682839310338095
2001-07-13,development,0.004043054534369707,0.002734255642622709,0.0018828874560892581,0.0028867325443605583
2001-07-16,development,-0.0010039383723080158,0.0008583052979052067,0.004571612167161703,0.0014753263642529645
2001-07-17,development,0.0018882969218939542,-0.0038070847004741427,-0.009154333775501332,-0.0036910405180271733
2001-07-18,development,0.0050641028364390136,0.0021886862715393305,0.0023703952172756193,0.0032077281084179877
2001-07-19,development,-0.002366029369929433,-0.005689680474671721,-0.0034228484044551847,-0.0038261860830187794
2001-07-20,development,0.0038648645030647513,-0.00023764263742268084,0.0015471784895420074,0.0017248001183946926
2001-07-23,development,0.0052944846269488335,0.004117665402829647,0.008893707943725586,0.006101952657834689
2001-07-24,development,0.004065384302672144,0.012087965264454483,0.0084814880651474,0.008211612544091343
2001-07-25,development,0.002422422367119789,0.0007955699069917202,-0.00005882695078849792,0.0010530551077743372
2001-07-26,development,0.00015424125823974608,0.0027882006205290554,0.0031537059352874756,0.0020320492713520925
2001-07-27,development,0.0055024329654216764,0.003251632249176502,-0.00005018328328132629,0.0029012939771056174
2001-07-30,development,0.004104074775195122,0.0013990736183792352,0.006117901868629455,0.003873683420734604
2001-07-31,development,0.0015458992105722427,0.002626555249421236,0.001700465021419525,0.001957639827137668
2001-08-01,development,0.00754850616877079,0.003003770841747522,0.0007901529353618621,0.003780809981960058
2001-08-02,development,-0.0022698903266906737,0.00200212900018692,0.001890636482810974,0.0005409583854357401
2001-08-03,development,0.0038933958676576614,0.005036968368339539,0.0004735966197013855,0.0031346536185661955
2001-08-06,development,-0.002551182955765724,-0.00023383444494605064,0.0010560099234104155,-0.0005763358257671196
2001-08-07,development,0.004083289472770691,0.003136894458568096,-0.0007978875592670441,0.0021407654573572478
2001-08-08,development,0.00015334287655353545,0.006969482872825861,0.003763682106757164,0.0036288359520455205
2001-08-09,development,0.0029873772344112394,0.00016438371372818947,-0.002068090724349022,0.0003612234079301356
2001-08-10,development,0.0019001812171220778,-0.004456237956815958,0.005365176342344284,0.0009363732008834681
2001-08-13,development,-0.0013750085444927216,0.00003089670337438583,-0.001943136001110077,-0.0010957492807428042
2001-08-14,development,0.005669706924031923,0.004408873833477497,0.005613936658692359,0.0052308391387339255
2001-08-15,development,0.006767517187237739,0.008100167382097245,0.009849659776568412,0.0082391147819678
2001-08-16,development,-0.0039677969701260325,0.0036739198252499104,0.004555353678774833,0.001420492177966237
2001-08-17,development,0.000032853213435411454,0.0017097495156407356,0.00047250706264972687,0.0007383699305752913
2001-08-20,development,0.006067791123580932,0.004749181458520889,0.001986922953414917,0.0042679651785055795
2001-08-21,development,-0.0001157919737368822,-0.007573460959225788,0.0022014477752447126,-0.001829268385905986
2001-08-22,development,-0.00011730065052509307,-0.006290619823086261,0.00016679329347610473,-0.00208037572671175
2001-08-23,development,0.0023322266194820405,0.0015261664572238922,0.0009106518461704253,0.001589681640958786
2001-08-24,development,-0.0033307411895334717,0.002837620025104284,-0.004573150818061828,-0.0016887573274970054
2001-08-27,development,0.0008048569906115531,-0.00027852494128942487,-0.0021632510498046874,-0.0005456396668275197
2001-08-28,development,-0.002961189595556259,-0.00396895903236866,-0.0004726510400918763,-0.002467599889338932
2001-08-29,development,-0.0002116516303181648,-0.0052365219161033625,-0.0046074077895939345,-0.003351860445338488
2001-08-30,development,-0.001099232536920905,0.0014982161097645758,0.0029681133149817586,0.0011223656292751432
2001-08-31,development,-0.0002213821821808815,-0.00158003308121562,-0.0027655775621950626,-0.0015223309418638548
2001-09-04,development,-0.0041690256200164555,-0.009738016773825884,0.0018688851930066942,-0.004012719066945215
2001-09-05,development,0.0017476301640246485,0.001026652983134985,0.0017761633821710943,0.0015168155097769094
2001-09-06,development,0.000651942583078146,-0.00645815304248929,-0.002022801303730905,-0.0026096705877140165
2001-09-07,development,-0.0038436655119568107,-0.006468328895938396,-0.008634911724039167,-0.006315635377311457
2001-09-10,development,0.006014089787194132,0.005325031797593832,0.004730655462104082,0.005356592348964015
2001-09-11,development,0.0,-0.0008966192334679395,0.0,-0.0002988730778226465
2001-09-17,development,-0.0189814998033911,-0.038609692895406486,-0.029185005493303388,-0.02892539939736699
2001-09-18,development,0.0017257024922221898,0.005432802147066593,0.009843108253210782,0.005667204297499856
2001-09-19,development,0.014035616509257257,0.015771168387708066,0.02161158388322091,0.017139456260062077
2001-09-20,development,-0.0002985797765150666,-0.00785744113599062,0.001834920866215229,-0.0021070333487634854
2001-09-21,development,-0.00567591644667536,-0.0020055472172945737,-0.0022836195261240005,-0.0033216943966979783
2001-09-24,development,0.003936015532785654,0.007822496841731667,0.0052583791264653205,0.005672297166994213
2001-09-25,development,-0.002822854004762981,0.005772451770666241,-0.0020483995093941686,0.000300399418836364
2001-09-26,development,-0.0018994769359469412,0.005524263643404841,0.00006133298720121383,0.0012287065648863714
2001-09-27,development,-0.005492878969955444,-0.00755557922770679,-0.004250991892886162,-0.005766483363516132
2001-09-28,development,-0.00024004043725728988,-0.0027728079503268003,-0.0007489710523962974,-0.0012539398133267958
2001-10-01,development,0.0016816970318198202,0.0023116136177539826,0.00025581702510118484,0.0014163758915583292
2001-10-02,development,0.00605854390759468,0.0002321603462278741,0.0018715252887725829,0.002720743180865046
2001-10-03,development,0.0006680866928458213,0.009315336011266709,0.00179779395147562,0.003927072218529383
2001-10-04,development,-0.003210504234397411,0.00608900615272522,-0.001657986625444889,0.0004068384309609732
2001-10-05,development,0.0023057457805633545,0.007537677554368972,0.005900358118271828,0.005247927151068051
2001-10-08,development,-0.0011759563760519026,0.004587046827793121,0.0028060658017873765,0.0020723854178428653
2001-10-09,development,-0.0014699883893489836,-0.0018735079440116882,0.0006223284178812577,-0.0009070559718264713
2001-10-10,development,-0.0032227105535745618,0.0035491372794628144,-0.002474482755962014,-0.0007160186766912538
2001-10-11,development,0.007164447639274597,0.00649306534910202,-0.0009734558493733406,0.004228019046334425
2001-10-12,development,0.00952309246778488,0.01511652426509857,0.0022348815041959283,0.00895816607902646
2001-10-15,development,-0.006546870078516006,0.0009755681243896484,0.0027180825232684613,-0.0009510731436192988
2001-10-16,development,-0.0030474447113423998,0.006719825680494308,-0.005824285937786102,-0.0007173016562113978
2001-10-17,development,0.0023625767633855344,-0.004017307518768311,0.005348098290646076,0.0012311225117544332
2001-10-18,development,0.0006473643999874592,0.004490273151445389,0.0011776868298351763,0.0021051081270893413
2001-10-19,development,0.00033296161789894105,0.0024420174696445462,0.0010684726368784905,0.0012811505748073259
2001-10-22,development,-0.0011785593042612076,-0.0018720367883205413,-0.005778511982566118,-0.0029430360250492886
2001-10-23,development,-0.0012230654943764208,-0.003014053902827692,-0.00042929062545299525,-0.0015554700075523693
2001-10-24,development,0.00014604814653396605,0.0001154728507041931,0.0015808141449928283,0.0006141117140769959
2001-10-25,development,0.00030668302998542785,-0.0006255680841922759,0.0009735372462153435,0.00021821739733616512
2001-10-26,development,-0.0020745911603093146,0.00032772524228096006,0.0010941466693222522,-0.0002175730829020341
2001-10-29,development,-0.0014858707136034964,0.0011697797525405884,-0.002895193640166521,-0.0010704282004098096
2001-10-30,development,0.00397959585416317,0.0018195591626167297,0.0029797056728379074,0.0029262868965392688
2001-10-31,development,0.0003563915196180343,0.0004598055278778076,-0.002009668732833862,-0.00039782389511267344
2001-11-01,development,0.004520891921067238,0.00005194468684196472,0.0034761955951690673,0.0026830107343594235
2001-11-02,development,-0.0010026948269426822,0.0075629074110507965,0.002094080129623413,0.002884764237910509
2001-11-05,development,0.0004978691490769386,0.002877166854524612,-0.0017438147445678711,0.0005437404196778932
2001-11-06,development,-0.005323968714573558,-0.0036443110215187073,-0.002654091477775574,-0.0038741237379559465
2001-11-07,development,-0.006754773891544341,-0.0017535741768836975,-0.006541419514751434,-0.005016589194393157
2001-11-08,development,-0.002202427683877945,0.001615281613588333,-0.0051718459577560424,-0.0019196640093485514
2001-11-09,development,-0.00133335106010437,-0.0003829679673671722,-0.0024347152302742004,-0.0013836780859152475
2001-11-12,development,-0.0010331471888065337,-0.0008514425904273986,-0.0025846171960830686,-0.0014897356584390002
2001-11-13,development,-0.0030299485850811005,-0.006190410625757119,0.00034519724798202515,-0.002958387320952065
2001-11-14,development,0.0073152989103794095,0.002914519601100683,0.005920813195800781,0.005383543902426957
2001-11-15,development,0.01137279450483322,0.006585892909952998,0.00902270662050247,0.008993798011762895
2001-11-16,development,-0.0019612643139362332,0.0017042926693350076,-0.000360497001171112,-0.00020582288192411255
2001-11-19,development,0.002024443626499176,-0.0017437744276344775,-0.0018718916427612304,-0.0005304074812988441
2001-11-20,development,0.0032409863013267517,0.003912536383911967,0.008729692492134811,0.005294405059124509
2001-11-21,development,0.002403855072879791,0.002486942692697048,0.0009843803172886372,0.0019583926942884924
2001-11-23,development,-0.0010640161743640899,-0.0030313990511387583,-0.0004130210000529885,-0.001502812075185279
2001-11-26,development,0.0025587180297374722,0.00008892480044364929,0.0006989602405548096,0.001115534356911977
2001-11-27,development,-0.0006745446221093416,-0.0040936553159445525,-0.0015437544430628419,-0.002103984793705579
2001-11-28,development,0.006665363392603397,0.0006509515961289406,0.006418007875651121,0.004578107621461153
2001-11-29,development,0.005870251088154315,0.004929132064056397,0.004237626546430588,0.005012336566213767
2001-11-30,development,-0.0011893294305860996,0.0034316127891153097,-0.0025228545311257243,-0.00009352372419883807
2001-12-03,development,0.0004748749684333801,0.006671963810572028,0.00403501200145036,0.0037272835934852567
2001-12-04,development,-0.004563234592157602,-0.006511249877498759,-0.0026134255209088325,-0.004562636663521732
2001-12-05,development,-0.007275702316993474,-0.008574585444968938,-0.008304363039070367,-0.008051550267010927
2001-12-06,development,-0.0053999953871130945,-0.0008143480004400014,-0.004213308844533563,-0.0034758840773622193
2001-12-07,development,-0.0037312671702504157,-0.002679646467976272,-0.00224677327581197,-0.0028858956380128863
2001-12-10,development,0.0020811188346803186,0.002636049479860067,0.0037251382486879823,0.0028141021877427894
2001-12-11,development,0.006948373999249934,0.0015129151402667163,0.0064893613320559235,0.004983550157190858
2001-12-12,development,0.0006060410713493823,-0.005278651851448417,-0.007955066043704748,-0.004209225607934595
2001-12-13,development,-0.0014058356252610682,0.003236438501009345,0.002595472113198042,0.0014753583296487729
2001-12-14,development,0.0001142500866651535,0.00048548688649535177,0.0034196667136073113,0.0013398012289226055
2001-12-17,development,0.005120323158460855,0.003962915913747251,0.007574675198444724,0.00555263809021761
2001-12-18,development,-0.0011410639580083837,-0.0032769651393443344,-0.0012745768791019916,-0.0018975353254849035
2001-12-19,development,0.006496444989919662,0.009609560392272471,0.009156674725842475,0.00842089336934487
2001-12-20,development,0.004550373286473751,0.006433547059744596,0.0034114640856623647,0.0047984614772935705
2001-12-21,development,-0.0052373891839832066,-0.011848523898001015,-0.005718935598376393,-0.007601616226786872
2001-12-24,development,-0.0021856069457620382,0.0023737313137635586,-0.0004475287707239389,-0.0000864681342408062
2001-12-26,development,-0.004759751310253143,-0.005760939171795457,-0.0033462758768498897,-0.00462232211963283
2001-12-27,development,-0.00461632581885159,-0.002966955143006146,-0.005653026914671063,-0.004412102625509599
2001-12-28,development,0.0008109505092293023,-0.001044815119279921,0.003009218983110785,0.000925118124353389
2001-12-31,development,0.006871859970164299,-0.0014033933230042457,-0.002422589456295967,0.0010152923969546956
2002-01-02,development,-0.004326394570460915,0.000641252783165872,-0.002487339703347163,-0.0020574938302140686
2002-01-03,development,-0.002832000155559182,-0.0018608717484518884,-0.0013534176628038287,-0.0020154298556049667
2002-01-04,development,-0.0011467233135819435,-0.0070652755538105965,-0.0005141660607457161,-0.0029087216427127523
2002-01-07,development,0.003652845543029904,0.00011322679844945669,-0.0015390467089667916,0.0007423418775041896
2002-01-08,development,0.0043196865248337985,0.009763955192291736,0.010303604782974719,0.008129082166700085
2002-01-09,development,0.0034576900132298467,0.003421466612178087,0.0047913209890186785,0.0038901592048088706
2002-01-10,development,0.005757885579523444,0.001129294581209123,0.003781039892981946,0.003556073351238171
2002-01-11,development,0.0019258549578636884,0.006505958200256526,0.002354080876712501,0.003595298011610905
2002-01-14,development,0.0007510486808538436,0.002497801505982876,0.0014822210752367972,0.0015770237540245055
2002-01-15,development,0.0005504055992513895,-0.0002567393683631658,-0.0002741010381326079,6.521730918538603e-6
2002-01-16,development,0.0037267160901010036,0.00250749857455194,0.002458519440564513,0.0028975780350724858
2002-01-17,development,0.0014719157764732837,0.0074249189015001054,0.007460869181731343,0.0054525679532349105
2002-01-18,development,-0.004232515764641761,-0.005130565228623152,-0.004986895400583744,-0.004783325464616219
2002-01-22,development,0.010198682925520838,0.004775808589237183,0.004323067145200818,0.006432519553319613
2002-01-23,development,0.004550225603203476,0.0069635557503484186,0.008081331099729862,0.006531704151093919
2002-01-24,development,-0.0051258533796072,-0.0056387535297811025,-0.008595770526838303,-0.006453459145408868
2002-01-25,development,0.0029386607940673827,0.0029952209249794483,-0.00022218074975013732,0.0019039003230988977
2002-01-28,development,0.0029644029170811173,0.005556980608269572,-0.001614459550333023,0.0023023079916725552
2002-01-29,development,-0.005900518505749959,-0.005152482834325731,-0.01260438747792244,-0.007885796272666043
2002-01-30,development,0.009430182380270958,0.012031899972771107,0.005010538735532761,0.008824207029524942
2002-01-31,development,-0.00007071923912763596,0.0015463480330720543,0.0013370044314861297,0.0009375444084768494
2002-02-01,development,-0.00022918204419612883,-0.0083214644947201,-0.0006875208961009979,-0.0030793891450057423
2002-02-04,development,0.0028948413104414937,0.0027440326061964034,0.00239146615819931,0.0026767800249457353
2002-02-05,development,-0.004759482703149318,-0.010262184182567052,-0.002093224255609512,-0.005704963713775294
2002-02-06,development,0.0008529038212180137,-0.0038377355353355408,0.00019382119722366332,-0.0009303368389646212
2002-02-07,development,0.0031890562862515446,0.00448847644020319,0.0020775112904548644,0.003251681338969866
2002-02-08,development,0.005002576126360893,0.0037254830056786536,0.004626315085697174,0.004451458072578907
2002-02-11,development,0.0008363154628753662,0.002598748483467102,0.007196139449930191,0.0035437344654242198
2002-02-12,development,0.0010916405328273773,-0.0014208091474175453,0.000854594004558444,0.000175141796656092
2002-02-13,development,-0.002092881379699707,-0.007011176248657703,-0.0031068919737815854,-0.0040703165340463315
2002-02-14,development,0.0008722823699235916,0.000333862429189682,0.002349996714115143,0.001185380504409472
2002-02-15,development,-0.0007697637265920639,-0.003515549962198734,-0.002349542960977554,-0.0022116188832561174
2002-02-19,development,0.0025565049789905547,0.00015271321509480475,-0.000958757569360733,0.0005834868749082087
2002-02-20,development,0.0005290108351547692,0.0014399161785304546,0.0015218860823392867,0.0011636043653415035
2002-02-21,development,-0.005133748105889559,-0.007409873196214437,-0.007174019926714897,-0.006572547076272964
2002-02-22,development,-0.00397572105615139,0.0033898879440546034,-0.0004087336010456085,-0.00033152223771413164
2002-02-25,development,0.0021692098410427568,-0.0006886729629695415,-0.00025512526137828824,0.000408470538898309
2002-02-26,development,-0.00009759047774672508,-0.003169845114260206,-0.002242445736026764,-0.001836627109344565
2002-02-27,development,-0.011193317210942506,-0.007129215580582619,-0.00825417904317379,-0.008858903944899637
2002-02-28,development,-0.0042327536763370035,-0.006848537317299843,-0.001221274561047554,-0.0041008551848948005
2002-03-01,development,0.004606639226549864,0.012517478937554359,0.00899941020886898,0.008707842790991068
2002-03-04,development,-0.00166379020229578,0.0037260322096347807,0.002473257017087936,0.001511833008142312
2002-03-05,development,0.003283746214109659,-0.00034185586643218995,-0.0032915565033104664,-0.00011655538521099906
2002-03-06,development,0.004383087955582142,0.004203355660843849,0.0041238884539783,0.00423677735680143
2002-03-07,development,0.003422856428271532,0.0018303164167404174,0.0037349989093899724,0.0029960572514673074
2002-03-08,development,-0.000028697828006744383,-0.00199476378660202,-0.003492251832067966,-0.0018385711488922436
2002-03-11,development,-0.004642592062342167,0.0001255433319568634,0.00037755683929920194,-0.001379830630362034
2002-03-12,development,0.005612274318407327,-0.0023938039346933365,0.007066683863061666,0.0034283847489252187
2002-03-13,development,0.009656312752532958,0.002800704293823242,0.008806031437206268,0.0070876828278541555
2002-03-14,development,0.0035654975997090337,-0.004317344495916366,0.004415750036609173,0.0012213010468006135
2002-03-15,development,0.0023827392546415327,0.0007369889844894409,-0.0016446236393690109,0.0004917015332539876
2002-03-18,development,-0.003907371415376663,-0.0030881177034854886,-0.005736948397827148,-0.004244145838896434
2002-03-19,development,0.004528638115602731,0.0060555006350643875,0.006150882797878981,0.005578340516182033
2002-03-20,development,-0.00023171212635636327,0.0009230942067384719,-0.0005915891094863414,0.00003326432363192237
2002-03-21,development,-0.0029806260481894014,0.00218422466738224,0.005356546505385637,0.001520048374859492
2002-03-22,development,-0.0027668086800396443,-0.0009683294619321823,-0.0017950684475839136,-0.0018434021965185801
2002-03-25,development,-0.0027968247081518174,-0.0014315345790863036,0.0006637176931619644,-0.0011882138646920521
2002-03-26,development,0.00339684570018053,0.0029401864813327788,-0.0013632428804000141,0.001657929767037765
2002-03-27,development,-0.0007095953672289848,-0.004192957743310928,-0.005733650194144248,-0.0035454011015613866
2002-03-28,development,-0.0010480428566277027,0.002798570993447304,0.002328654650688171,0.001359727595835924
2002-04-01,development,-0.004919670111566782,-0.0028807533724546433,-0.0026060564259350297,-0.003468826636652152
2002-04-02,development,-0.0014112767302393912,-0.0025583410185337067,-0.004580755325436592,-0.002850124358069897
2002-04-03,development,0.003860731372685755,0.0027970868934631345,0.0035131425333440303,0.00339032026649764
2002-04-04,development,0.002266648615992069,0.0017324845597743988,0.0028971526118576527,0.0022987619292080402
2002-04-05,development,0.003358732647323608,-0.000611244320487976,0.0014416617002129554,0.001396383342349529
2002-04-08,development,0.0007248458459615707,-0.003380396227931976,0.0011680095666646957,-0.0004958469384352366
2002-04-09,development,0.0014478536039888858,-0.0072158878592385395,-0.005995871966767311,-0.003921302074005655
2002-04-10,development,0.0015821726461946965,-0.00009206811821460724,-0.00025461790885329243,0.0004118288730422656
2002-04-11,development,-0.006985163171708584,-0.004745238805603981,0.0005346543400466442,-0.0037319158790886406
2002-04-12,development,0.0034093124739348886,-0.00014212225232124328,-0.003733087669813633,-0.00015529914939999578
2002-04-15,development,-0.002792832898902893,0.004107707157564163,-0.00019324857532978057,0.00037387522777716304
2002-04-16,development,-0.0015142943558156489,-0.002085201916885376,-0.00004021151476592931,-0.0012132359291556513
2002-04-17,development,-0.000989838764822483,0.003522268212532997,0.005107114827001095,0.002546514758237203
2002-04-18,development,0.003207963721203804,0.010073958121180534,0.011898801033329963,0.008393574291904767
2002-04-19,development,-0.0031999257333755493,-0.001542964279127121,0.0010460419810771943,-0.0012322826771418254
2002-04-22,development,-0.006465917006707191,-0.009120403734254837,-0.010299359075427054,-0.008628559938796361
2002-04-23,development,-0.0027266745610358472,-0.00828669072921276,-0.004623078865540028,-0.005212148051929546
2002-04-24,development,0.0026672013759613034,-0.0007386922455787659,-0.0011608149335086346,0.0002558980656246343
2002-04-25,development,-0.0036138372948169707,-0.009975545282697677,-0.007892908594214916,-0.007160763723909854
2002-04-26,development,-0.006642912072846293,-0.003081576027023792,-0.004128091361686587,-0.004617526487185557
2002-04-29,development,0.00386702146115005,0.0016176745299220083,-0.0007781898986726999,0.0015688353641331195
2002-04-30,development,0.0017341900359094142,-0.0010250316504793648,-0.0028224685711383817,-0.0007044367285694442
2002-05-01,development,0.004686664019674063,-0.00008988008098602294,0.0012149162310659885,0.0019372333899180093
2002-05-02,development,0.004966419820719957,-0.00242708948097229,0.003991208713263273,0.0021768463510036464
2002-05-03,development,-0.004541857783594727,-0.003491244156742096,-0.005144568343558907,-0.004392556761298577
2002-05-06,development,0.0001898183285921812,-0.005091286568689346,-0.004888381282529235,-0.0032632831742088002
2002-05-07,development,0.009144932679358125,0.006747018820524215,0.0031315589315049634,0.006341170143795768
2002-05-08,development,0.006300783997455239,0.01593613606147766,0.01842680938911438,0.013554576482682426
2002-05-09,development,-0.003752982207751274,-0.0038247132260799408,-0.002805762446641922,-0.003461152626824379
2002-05-10,development,-0.006909206025600433,-0.007203008590078354,-0.004366526669168472,-0.00615958042828242
2002-05-13,development,0.001791538835096359,-0.0019830874757289885,0.0031469768207073212,0.000985142726691564
2002-05-14,development,0.0044556364294620985,0.012775834399509429,0.012407802193403244,0.009879757674124924
2002-05-15,development,-0.0007194068681657314,0.002637590826797485,0.00628897622346878,0.002735720060700178
2002-05-16,development,0.0007255483462512493,0.000757767159318924,0.001473307563638687,0.0009855410230696202
2002-05-17,development,0.0002420401855111122,0.005828414439487457,0.008651079659080504,0.004907178094693025
2002-05-20,development,-0.0023239212527036666,-0.00010992571172714233,-0.0011756281383037566,-0.0012031583675781886
2002-05-21,development,-0.0035955030741393564,-0.005846496845975102,-0.00017176755385398863,-0.003204589157989482
2002-05-22,development,-0.0003405126789093017,0.0007303440050601959,-0.002102819412946701,-0.0005709960289319356
2002-05-23,development,0.012642500327390432,0.008123360404086113,0.006987322864675522,0.009251061198717355
2002-05-24,development,0.0026702779616713523,0.00223777511408329,-0.004068476483011245,0.0002798588642477992
2002-05-28,development,-0.0007482783621191978,-0.0028106436359167097,0.003331506813764572,-0.00007580506142377851
2002-05-29,development,0.0035425333480000494,0.00131916480281353,0.0009198898797180183,0.0019271960101771993
2002-05-30,development,-0.001141290134614706,-0.0002597989449977875,0.005848875502920151,0.0014825954744358855
2002-05-31,development,-0.0026333097966730595,-0.002077015164160728,-0.0006432950025081634,-0.0017845399877806504
2002-06-03,development,-0.0035464084752082825,-0.002021876370191574,-0.0017513412012577056,-0.002439875348885854
2002-06-04,development,0.007707157591790896,0.0033722250810623165,0.004088903939294815,0.005056095537382676
2002-06-05,development,0.0001657872589111328,0.003073338976264,0.004118471620178222,0.0024525326184511183
2002-06-06,development,0.007035708191871643,0.004915045467925072,0.005674840425300598,0.0058751980283657705
2002-06-07,development,-0.004799938193845749,-0.0010108269513368607,0.002289209234762192,-0.001173851970140139
2002-06-10,development,0.001900652133655548,0.004198457961463928,0.00563352647151947,0.003910878855546315
2002-06-11,development,-0.0007479358813285827,-0.002970165072258282,0.0001376363932132721,-0.0011934881867911977
2002-06-12,development,0.0068157635592460625,0.005730075642490387,0.001066263770008087,0.004537367657248179
2002-06-13,development,0.0037274394278049468,-0.0004654307417154312,-0.0037188709961891173,-0.0001522874366998672
2002-06-14,development,0.0004322573691368103,-0.0015026422071814536,0.0034914407564640045,0.0008070186394731203
2002-06-17,development,0.0012907049731254578,0.005459334255075454,0.003826892703771591,0.003525643977324168
2002-06-18,development,0.0035920298887252805,0.0013665150215744972,-0.00035870043225659135,0.001533281492681062
2002-06-19,development,0.0033838983491420744,0.0007972603651762008,0.005487688061451911,0.0032229489252567287
2002-06-20,development,-0.0035854733239650723,-0.006961218204319477,-0.001091263681411743,-0.003879318403232097
2002-06-21,development,-0.0009724960973262786,0.00664567087007761,0.00469816792666912,0.0034571142331401503
2002-06-24,development,0.007763709202766418,0.009492181022953987,0.004103286012983322,0.007119725412901242
2002-06-25,development,0.0040749364692549105,0.006861603175532817,0.0009226392179250717,0.0039530596209042665
2002-06-26,development,-0.005876981714630127,-0.01022033995617628,-0.0054144543349027635,-0.007170592001903057
2002-06-27,development,0.003630893260860443,-0.006943285851824283,-0.001174404828119278,-0.0014955991396943726
2002-06-28,development,0.003803424865245819,0.010076781912875175,-0.0010175864440917968,0.004287540111343065
2002-07-01,development,-0.002647559541130066,-0.005982433057451248,0.007083481995558739,-0.0005155035343408585
2002-07-02,development,0.006026965375113487,0.007816180880895288,0.009647662581157684,0.00783026961238882
2002-07-03,development,0.008687564083456993,-0.0004916224142357707,0.007239389015197753,0.005145110228139659
2002-07-05,development,0.010424341959047317,0.008813307232519984,0.00281547267935276,0.00735104062364002
2002-07-08,development,-0.0075459318734169,-0.0023615595811665056,-0.006001783206057548,-0.0053030915535469845
2002-07-09,development,-0.001955484640073776,0.002575365011754632,-0.001413112253343666,-0.00026441062722093667
2002-07-10,development,-0.00037747636499404905,-0.0038503103855758902,-0.0022819366887569426,-0.002169907813108961
2002-07-11,development,0.004893094317579269,0.00007637978343963623,0.004598446751689911,0.003189306950902939
2002-07-12,development,-0.00010224204025268554,-0.00414659503082633,-0.0018318443041801453,-0.0020268937917530534
2002-07-15,development,0.003630655677080154,0.005601959294217825,0.0054296741215229035,0.0048874296976069605
2002-07-16,development,-0.0036964738525362755,-0.007712988991317153,-0.005276313282012939,-0.005561925375288789
2002-07-17,development,0.0018581293083906173,0.00508617272106409,0.006290532603287696,0.0044116115442474685
2002-07-18,development,-0.004763722375828027,-0.0041570987277477975,-0.00639733450255394,-0.005106051868709921
2002-07-19,development,-0.008276046254473925,-0.0049498060616225,-0.012056582691049575,-0.008427478335715333
2002-07-22,development,0.004180799191302061,0.00245949885148108,0.0036208653490543362,0.0034203877972791594
2002-07-23,development,0.009971406847113371,0.0009652040105963445,0.006393299945878983,0.0057766369345295665
2002-07-24,development,0.011955448351955413,0.028658197360658645,0.015168373721027374,0.018594006477880478
2002-07-25,development,0.005980346350589394,0.006716668562698364,0.006376789271140098,0.006357934728142618
2002-07-26,development,0.006883566255027056,0.011056943901777267,0.0024341433904886247,0.0067915511824309825
2002-07-29,development,0.010200707096746564,0.016383222903490067,0.007505208629417419,0.011363046209884682
2002-07-30,development,-0.010935114770010114,-0.0020320367439746858,-0.00043980361247315667,-0.004468985042152652
2002-07-31,development,0.002053673724761605,-0.0004614766977787018,0.0047751594440326095,0.002122452157005171
2002-08-01,development,-0.012552637170875071,-0.004923253772687912,-0.005056563687628507,-0.007510818210397163
2002-08-02,development,-0.003900296276772022,-0.007521321285820007,-0.003740586149984598,-0.005054067904192209
2002-08-05,development,0.0006865772449374199,-0.001304456265735626,-0.0014949731154859066,-0.0007042840454280375
2002-08-06,development,0.004867435599902179,0.0053922364367485045,0.0027818868876844645,0.004347186308111716
2002-08-07,development,0.002739347906117141,0.009627518969392776,0.007093547829551994,0.0064868049016873035
2002-08-08,development,0.0032621506053060294,0.012921510710620879,0.002239422275200486,0.006141027863709131
2002-08-09,development,-0.0005590994755119085,0.006415235924100876,-0.0006245083617776632,0.0017438760289371013
2002-08-12,development,-0.0031006224180996416,-0.003107163378715515,-0.0032813787237167356,-0.0031630548401772977
2002-08-13,development,-0.0013735431355625391,-0.0006637700766643043,0.0026878826146155593,0.00021685646746290527
2002-08-14,development,0.005101318274365365,0.0030839943655252455,0.0036823103722706434,0.003955874337387084
2002-08-15,development,0.0001392527125582099,0.0004024193156480789,-0.0029080130114659667,-0.0007887803277532259
2002-08-16,development,-0.004183044067502022,-0.0015367995632052421,0.00015846408711671828,-0.0018537931811968486
2002-08-19,development,0.004281799278835952,0.004677142028677464,0.0009393116770401597,0.0032994176615178585
2002-08-20,development,-0.007787593072721362,-0.0007660327313303947,-0.001997063675619244,-0.0035168964932236666
2002-08-21,development,-0.002105768759359419,-0.001600243796944618,-0.00042318084483146666,-0.0013763978003785012
2002-08-22,development,-0.0015051181968092917,-0.002453087921655178,-0.0015373082284688949,-0.0018318381156444549
2002-08-23,development,0.0028251125429943204,0.001273037259566784,0.00108551941511631,0.0017278897392258047
2002-08-26,development,-0.001727753659464419,-0.00025022334924936293,0.0014312012746572494,-0.0001822585780188441
2002-08-27,development,0.0053032620339315585,0.008480723013663292,0.009371236909770965,0.007718407319121938
2002-08-28,development,0.003396841748833656,0.0021991413160800935,0.0014329011385917662,0.0023429614011685053
2002-08-29,development,-0.0024292009684085845,-0.0026050065469145774,-0.0019236512108087539,-0.002319286242043972
2002-08-30,development,0.008029277540290355,0.0036831602212429046,0.00370818967795372,0.00514020914649566
2002-09-03,development,0.00005270279475450516,0.0031918919204235075,0.0004537070499181747,0.0012327672550320626
2002-09-04,development,0.0015583213788986205,0.0037162978469672493,0.0014102486457824707,0.002228289290549447
2002-09-05,development,0.0010681113659262657,0.0023383031065791846,-0.0008484791000843047,0.000852645124140382
2002-09-06,development,-0.0010741895920753479,-0.001202754476994276,-0.00015803184437751769,-0.0008116586378157138
2002-09-09,development,-0.00017501424347162245,0.0016997350437134504,0.00047652902727127075,0.0006670832758376995
2002-09-10,development,-0.001428873492193222,-0.0006620194645345211,0.0002813306075275628,-0.0006031874497333935
2002-09-11,development,-0.0038597610162138937,-0.005801587704452872,-0.003964137036278844,-0.004541828585648537
2002-09-12,development,0.0009041582393288612,-0.00013623727155625818,0.00041217785253226755,0.00039336627343495683
2002-09-13,development,0.000255443288064003,0.0013305666538536549,-0.00360083320415616,-0.0006716077540795008
2002-09-16,development,0.00022095169870853422,-0.0029991908567547796,-0.005601852810436487,-0.002793363989494244
2002-09-17,development,0.0026961273856236628,0.004705831129184365,0.004527391240510345,0.003976449918439457
2002-09-18,development,0.004504884403651953,0.010617826017865538,0.003507778412720561,0.006210162944746017
2002-09-19,development,0.006872412324172258,0.007932539363530278,0.0038481740833908318,0.006217708590364457
2002-09-20,development,-0.0027189952760636807,0.00005368082672655582,0.001514534107968211,-0.00038359344712297124
2002-09-23,development,0.008375363540661335,0.006518987956660986,0.009279135497564078,0.008057828998295467
2002-09-24,development,0.0010604140581965446,0.00039001613158528344,-0.0013155889684140683,0.000044947073789253254
2002-09-25,development,0.010897097186517714,0.0043340873954772945,0.00730615658416748,0.007512447055387496
2002-09-26,development,-0.0037101993231773373,-0.0012663365736603736,-0.0011354638699769973,-0.002037333255604903
2002-09-27,development,-0.009918414816087484,-0.008327399425196648,-0.00589326496950686,-0.00804635973693033
2002-09-30,development,0.002017260138064623,-0.0040472466178417205,-0.004204678223165869,-0.0020782215676476558
2002-10-01,development,0.012017437576794623,0.006089708520114421,0.003411270870757385,0.007172805655888809
2002-10-02,development,-0.009285446836614608,-0.0028047890421271323,-0.008784700093130766,-0.006958311990624169
2002-10-03,development,-0.00817820140776038,-0.011459046079802512,-0.011905719503067434,-0.010514322330210109
2002-10-04,development,0.0017031074209988117,-0.004680160587906837,-0.0008440269336633384,-0.001273693366857121
2002-10-07,development,-0.003505296299779415,-0.0044889414887249466,-0.004530376511288434,-0.004174871433264265
2002-10-08,development,0.008834849238576902,0.010719874493408202,0.005858006107199192,0.008470909946394765
2002-10-09,development,0.0020708073378562925,-0.007687161012911796,-0.0018601107418961822,-0.0024921548056505622
2002-10-10,development,0.015466042263710499,0.003490508026140928,0.011132933895074576,0.010029828061642002
2002-10-11,development,0.005462365558433532,0.01374707375714779,0.015173922806173563,0.011461120707251629
2002-10-14,development,-0.0054174718739151955,-0.008200994523382186,-0.010600006742632388,-0.00807282437997659
2002-10-15,development,0.0036371408495306967,-0.0007473979738003108,0.005476743726402521,0.0027888288673776356
2002-10-16,development,-0.00420824751226902,-0.0006458998194098473,-0.0024775507822602984,-0.002443899371313055
2002-10-17,development,0.011822926221394539,-0.000364683935379982,0.009231988189905881,0.00689674349197348
2002-10-18,development,-0.003672687295436859,0.0005571054018259048,-0.00354635757573843,-0.0022206464897831283
2002-10-21,development,0.008253873847603798,-0.0009214198813319206,0.009386137805886567,0.005572863924052815
2002-10-22,development,-0.002474761234998703,-0.0026390279382944104,-0.004785926429544269,-0.003299905200945794
2002-10-23,development,0.00415873448228836,0.0014118678926467894,0.006316010972046852,0.003962204448994001
2002-10-24,development,7.5680968642234796e-6,-0.0027136665009021756,-0.0023087992185115815,-0.0016716325408498444
2002-10-25,development,-0.0011425898042440414,-0.0034547463164210316,-0.0028757631431549787,-0.002491033087940017
2002-10-28,development,0.00011312931073904037,-0.006570898686921596,-0.004515583197176456,-0.0036577841911196707
2002-10-29,development,0.0011633032700917806,0.002790466721177101,0.0036627076704263684,0.00253882588723175
2002-10-30,development,0.0002595192654699087,0.0017963597841262817,-0.0032961699918597934,-0.00041343031408786764
2002-10-31,development,-0.0012525926320433615,0.00010971221817731857,0.0007638895293831825,-0.00012633029482762015
2002-11-01,development,-0.002166783677461743,0.0024817092506885527,-0.0008824153180330991,-0.0001891632482687632
2002-11-04,development,-0.01348446211927533,-0.007756284658539295,-0.004130867631363868,-0.008457204803059499
2002-11-05,development,0.0046986106587708,0.002635169477919307,0.003612154313468933,0.0036486448167196797
2002-11-06,development,-0.00042769137030541893,-0.0034997166654154657,-0.0002743147716611624,-0.001400574269127349
2002-11-07,development,0.0034529317092090845,0.007220480007202923,-0.0012265376162618397,0.0031489580333833897
2002-11-08,development,0.0034352273887634276,0.0018021395907402038,0.0006802854745745658,0.0019725508180260657
2002-11-11,development,-0.0008488866779506206,-0.0011952666956692934,-0.002915234037488699,-0.0016531291370362044
2002-11-12,development,-0.002594907195076346,-0.0023399869211658837,0.001099449899886213,-0.0012784814054520057
2002-11-13,development,-0.004741741538095474,0.001045148323714733,0.0005915460780620574,-0.001035015712106228
2002-11-14,development,-0.004511597985520959,-0.00030519885189086196,-0.0012389990229606628,-0.0020185986201241616
2002-11-15,development,-0.002365215079188347,-0.0007468183585166931,-0.0010062712888240814,-0.0013727682421763737
2002-11-18,development,-0.008772255576997994,-0.006158108590260148,-0.0108232405829072,-0.008584534916721781
2002-11-19,development,0.0010392796898049564,0.0034912628855645654,-0.00201391500531435,0.0008388758566850573
2002-11-20,development,-0.0014107967978835105,-0.0030780675933271646,0.0019610856775045394,-0.000842592904568712
2002-11-21,development,-0.011009655133628844,-0.007943887500762938,-0.011673001397407054,-0.010208848010599613
2002-11-22,development,0.0019579031258523463,-0.002189473427401483,0.0013941394506573677,0.0003875230497027437
2002-11-25,development,-0.00990439460632801,-0.01129215479992032,-0.010394466142475604,-0.010530338516241312
2002-11-26,development,0.005107243458396196,-0.00021263662051221327,0.0034177723886847497,0.002770793075522911
2002-11-27,development,-6.625751936435699e-6,0.0029905064297974107,0.002937161621570587,0.0019736807664771875
2002-11-29,development,-0.007738582717323303,-0.0054792252275705335,-0.013457462370002268,-0.008891756771632035
2002-12-02,development,0.0036690424131989477,0.004654815208309889,0.0027045995489954947,0.0036761523901681103
2002-12-03,development,0.012170547786855697,0.011694412130486964,0.00815286479971005,0.01067260823901757
2002-12-04,development,0.0013994429129064083,0.0045514219595521686,0.005610690038433671,0.0038538516369640828
2002-12-05,development,0.00591838061311245,0.00636857148040533,0.0034211656569123265,0.005236039250143369
2002-12-06,development,0.0058249897344172,0.009320487583473324,0.009159939246365427,0.00810180552141865
2002-12-09,development,0.006491499804216623,0.004553534598615765,0.006119980339691042,0.005721671580841144
2002-12-10,development,-0.00230248344117027,0.0007028134287983179,0.0030768869548529385,0.0004924056474936621
2002-12-11,development,0.003446216704015434,0.002229954055568576,0.0015845908543139695,0.0024202538712993263
2002-12-12,development,-0.0006705702336847782,-0.00293320198996067,-0.0033729205221533776,-0.002325564248599609
2002-12-13,development,-0.003246970319516957,-0.002457668563786149,-0.00318971772570312,-0.002964785536335409
2002-12-16,development,0.0014818010350272058,0.0014224972271889447,0.0028791519982367753,0.0019278167534843085
2002-12-17,development,-0.0014119961117699741,-0.001852949288351473,-0.0009172323065370321,-0.0013940592355528262
2002-12-18,development,-0.00245761434469074,-0.0003322988872051239,0.006720259026905894,0.0013101152650033434
2002-12-19,development,-0.003221577399946749,0.001499392275416851,0.002964204010334611,0.0004140062952682376
2002-12-20,development,0.002722620970958471,0.004342778480386734,0.006779889960324764,0.004615096470556656
2002-12-23,development,0.0005761117261528968,-0.0003301464695215225,-0.003023575220239162,-0.0009258699878692626
2002-12-24,development,0.0005824841867148876,0.0003946328857064247,-0.0008999780067458716,0.000025713021891813573
2002-12-26,development,-0.0035122747689306736,-0.003945219804096222,-0.0033060356159090995,-0.0035878433963119987
2002-12-27,development,-0.001917107903471589,-0.003438662284660339,-0.00501831769247055,-0.003458029293534159
2002-12-30,development,0.0017698513719588518,0.008325046346771716,0.006863374033808708,0.005652757250846426
2002-12-31,development,-0.006159412912911379,-0.00877849976184368,-0.005112377714335918,-0.0066834301296969925
2003-01-02,development,0.00839488575644493,0.0056109949141383165,0.007592753405976295,0.007199544692186514
2003-01-03,development,0.0036550397972822187,0.004053981887245178,-0.0013115454399228095,0.0021324920815348623
2003-01-06,development,-0.010947785528993606,-0.003938996042871475,-0.003053044522309303,-0.005979942031391461
2003-01-07,development,-0.003417372054290771,-0.003554795149880224,-0.0023496895629882813,-0.0031072855890530923
2003-01-08,development,-0.007789939506077766,-0.006493148251068592,-0.0076978210525631904,-0.007326969603236516
2003-01-09,development,0.004829111898875236,-0.00769686963006258,0.0017313531192183493,-0.0003788015373229981
2003-01-10,development,-0.006061248080492019,-0.009431895189189911,-0.005349904547834396,-0.006947682605838775
2003-01-13,development,0.0004725886890888214,0.00020855663435459136,-0.0006272216976881027,0.000017974541918436694
2003-01-14,development,0.006646651302862167,0.005912252549362182,-0.004541681844194686,0.002672407336009888
2003-01-15,development,-0.0038016188181161877,-0.004338137698829174,0.001022985969221592,-0.0023722568492412564
2003-01-16,development,0.007032949175238609,0.017157791229140757,0.01121479525744915,0.011801845220609506
2003-01-17,development,0.0020593648872852324,0.005985386670470237,0.004568262533807754,0.0042043380305210746
2003-01-21,development,0.0016457419544458388,0.0023509404236674307,-0.0001897070848584175,0.001268991764418284
2003-01-22,development,0.004936230407860427,0.0066636886205077165,0.008098371826910972,0.006566096951759705
2003-01-23,development,0.006428772289156914,-0.0004407855416536331,0.0036384268008470533,0.0032088045161167782
2003-01-24,development,-0.001727272508573532,-0.002372068482685089,-0.0009723303966164588,-0.0016905571292916933
2003-01-27,development,0.0024161341606378554,0.0014748095666646957,0.0022602445376992226,0.0020503960883339247
2003-01-28,development,0.001581728195810318,0.0023747712883757646,0.0035157884974479675,0.0024907626605446833
2003-01-29,development,0.0023172291022896764,-0.001317638653421402,0.0059500004390954965,0.0023165302959879236
2003-01-30,development,0.0014983294068574905,0.00031928933243751523,-0.0024087248628377913,-0.0001970353745142619
2003-01-31,development,0.004664749660933018,0.003447315713119507,0.008045290178728104,0.005385785184260209
2003-02-03,development,0.007305395726537704,0.004824515115308761,0.0011939760387063025,0.004441295626850922
2003-02-04,development,0.002778044978439808,0.00001481244111061096,-0.0011393821955337712,0.0005511584080055492
2003-02-05,development,-0.001275740439081192,-0.004117210518312454,0.0017481708777189254,-0.001214926693224907
2003-02-06,development,0.004637230358040333,0.005169397144937515,0.0036566045320034026,0.004487744011660417
2003-02-07,development,-0.002659600053346157,-0.0028167127455711364,0.001953480318856239,-0.0011742774933536848
2003-02-10,development,0.0017861453276991842,0.00447323038482666,0.00276721804895401,0.0030088645871599513
2003-02-11,development,-0.002911809109357083,-0.001648462888288498,-0.0014873925106048582,-0.002015888169416813
2003-02-12,development,-0.0022247102804780006,-0.001921829189968109,0.0017572760115623473,-0.0007964211529612542
2003-02-13,development,0.003817437264740467,0.002265257282924652,0.0021527274801969526,0.0027451406759540237
2003-02-14,development,0.004942272672748565,0.0020380797337055208,0.006454370437979698,0.004478240948144595
2003-02-18,development,0.004627754211878776,0.004642393130970001,0.004404629362678528,0.004558258901842436
2003-02-19,development,-0.0028043130765020847,0.0009068840517437165,-0.00282255340924263,-0.001573327478000333
2003-02-20,development,-0.00424992570952177,-0.004572778254652023,-0.0033905855843544006,-0.004071096516176064
2003-02-21,development,-0.00008503432106375693,0.0009080321619033813,0.003018803834271431,0.0012806005583703517
2003-02-24,development,-0.0012931754453122616,-0.00047052197877168653,0.0007481424929857254,-0.00033851831036607426
2003-02-25,development,-0.00042354952590465544,0.001656904367494583,0.0016329156095489844,0.0009554234837129707
2003-02-26,development,-0.0036964584226846695,0.0016031271708011627,0.0011711658640444279,-0.0003073884626130263
2003-02-27,development,0.0027655089813768863,-0.0013690697846651077,-0.0036716582240894436,-0.0007584063424592217
2003-02-28,development,0.0014928968318283558,0.0009127595512151718,-0.0007144384322807192,0.0005637393169209362
2003-03-03,development,-0.006766701506280899,-0.007279728990471363,-0.0032618792296022175,-0.005769436575451494
2003-03-04,development,-0.0011751839632038667,-0.0012163417664051055,-0.0010607572310358286,-0.0011507609868816003
2003-03-05,development,-0.013212013189935683,-0.006483885788118839,-0.005293162886613607,-0.00832968728822271
2003-03-06,development,0.0023643542103797197,-0.00017732633340358732,-0.0012222635219201446,0.00032158811835199594
2003-03-07,development,-0.003926069601151347,-0.0021565499980807303,-0.0053991869130119675,-0.0038272688374146814
2003-03-10,development,-0.0024467516870349646,-0.0018168759957909583,-0.0005835572241231799,-0.0016157283023163676
2003-03-11,development,0.0042259729486346246,0.0014897972093918781,0.0058963161810517304,0.003870695446359411
2003-03-12,development,0.003160857645010948,0.00349036046359539,-0.00030762463583946224,0.0021145311575889586
2003-03-13,development,0.014039448891705273,0.011086209127146005,0.010150415564808248,0.011758691194553176
2003-03-14,development,0.003636724610364437,0.004296074745106697,0.0008431482652187347,0.0029253158735632894
2003-03-17,development,0.009271299906048178,0.007190388912811875,0.010762080470375716,0.009074589763078589
2003-03-18,development,0.002342479273724556,0.007525641414773464,-0.004083521294438644,0.001928199798019792
2003-03-19,development,0.001369494158834219,0.006064690057128667,0.012366476744186878,0.006600220320049921
2003-03-20,development,-0.0017393844586670397,-0.0034918604978621003,-0.007914269032633304,-0.004381837996387482
2003-03-21,development,-0.004822029981321096,0.00022102115076184272,0.003508451545727253,-0.0003641857616106667
2003-03-24,development,-0.003546732102459669,-0.0033739224548518655,0.0016993676062583923,-0.001740428983684381
2003-03-25,development,-0.0022348659674516587,-0.00011579412757456302,-0.002765031432044506,-0.001705230509023576
2003-03-26,development,-0.0004499783864915371,-0.00149246060885787,-0.00030292212537527083,-0.000748453706908226
2003-03-27,development,0.003991413899764418,-0.00011362576943933963,0.006943040184748173,0.003606942771691084
2003-03-28,development,0.0010481136749148367,-0.0024631644073367116,0.00239121296697855,0.0003253874115188917
2003-03-31,development,-0.004091868485033512,-0.010951860844993591,-0.00808758585871458,-0.007710438396247227
2003-04-01,development,0.003076243251314759,0.001098615375907968,0.0022913647052407262,0.002155407777487818
2003-04-02,development,-0.0027769621777892113,-0.0013054293306350708,-0.007327849264085293,-0.0038034135908365254
2003-04-03,development,-0.006645420735880732,-0.012055092834949493,-0.006686865475010872,-0.008462459681947032
2003-04-04,development,-0.0019684240613549947,-0.0010087577154874801,0.002192581454217434,-0.00026153344087501373
2003-04-07,development,-0.004750593697157502,-0.0030589476025819776,-0.0038916032842755315,-0.0039003815280050035
2003-04-08,development,0.005560322919279337,0.005969368133425712,0.0009267252663747058,0.004152138773026585
2003-04-09,development,-0.002260828771558404,-0.0035650059681415556,-0.006215088600109517,-0.004013641113269826
2003-04-10,development,0.004755311613026261,0.0036393039561748502,0.0011979491924747824,0.003197521587225298
2003-04-11,development,0.00446376011185348,0.008437324654817582,0.007203677888198197,0.006701587551623086
2003-04-14,development,0.00007749736341238022,0.0018854546806573867,0.004802527895826101,0.002255159979965289
2003-04-15,development,-0.0020804525840213603,0.002273412235736847,-0.0026739168212637303,-0.0008269857231827479
2003-04-16,development,-0.004552027083313465,-0.010005923230671883,-0.007762503417360783,-0.007440151243782043
2003-04-17,development,-0.002949167697954178,0.003123027571392059,0.0005810825653240084,0.00025164747958729655
2003-04-21,development,-0.0053028901576876635,-0.003712611407136917,-0.003239239755155146,-0.004084913773326575
2003-04-22,development,0.0034361853607296944,0.0022140023689985276,0.0036067468444034457,0.003085644858043889
2003-04-23,development,-0.004677754676711559,-0.004839525728318857,-0.0036370055219590663,-0.004384761975663161
2003-04-24,development,0.0005905364367961883,-0.0005428572200596333,-0.0055375954532459375,-0.0018299720788364608
2003-04-25,development,0.0014213976438641547,0.007892235628667473,-0.002439941483621299,0.002291230596303443
2003-04-28,development,-0.002772578536391258,-0.002876586381626129,-0.00021036042723804712,-0.0019531751150851447
2003-04-29,development,0.001302839500784874,0.003124895286363363,0.0017100954324651392,0.0020459434065377923
2003-04-30,development,-0.0013127192704677582,-0.0003652555308461189,-0.00043609074321985245,-0.0007046885148445764
2003-05-01,development,8.061398017406463e-6,-0.0008960419848263264,-0.00096050564032197,-0.0006161620757102966
2003-05-02,development,0.00047381089572906494,0.001933732315760851,-0.0002939199224889278,0.0007045410963336628
2003-05-05,development,-0.00388292400945425,-0.0035466819182157516,-0.004600682589626312,-0.0040100961724321045
2003-05-06,development,0.0034477307615765934,0.005149533015489578,0.004052871062994003,0.004216711613353391
2003-05-07,development,-0.0034152003428459168,-0.004007759250217676,-0.0010299723232090473,-0.00281764397209088
2003-05-08,development,-0.003054618724918365,0.0004513050466001034,0.0008003042021453381,-0.0006010031587243079
2003-05-09,development,-0.0039846014826297755,-0.0006819379904866218,-0.0020169216509461404,-0.0022278203746875125
2003-05-12,development,0.0036631539527654648,0.001880114745503664,-0.0008025327938020229,0.0015802453014890352
2003-05-13,development,0.0009021197719812393,0.004239876072501737,0.0017546490848898888,0.0022988816431242886
2003-05-14,development,-0.007180210157084465,0.0006801089898109436,-0.006916340705347061,-0.004472147290873527
2003-05-15,development,0.006145760828471183,0.004973020404934883,0.0022821832832217214,0.004466988172209262
2003-05-16,development,-0.003339860772371292,-0.0027595751154422758,-0.005945620944780111,-0.004015018944197893
2003-05-19,development,0.007518979608464241,0.008584647290301322,0.005911869193667173,0.007338498697477579
2003-05-20,development,0.008513269975614548,0.008081358100128173,0.009045199732996001,0.008546609269579574
2003-05-21,development,0.003325430969429016,0.00045078085303306575,-0.00043806345232725143,0.0011127161233782767
2003-05-22,development,0.009625483545088768,0.005283035777723789,0.0030843318178892134,0.00599761704690059
2003-05-23,development,-0.002404958972406387,-0.0034139811174988743,-0.0023648806532263755,-0.002727940247710546
2003-05-27,development,0.0032703193136453626,0.0002789380247831344,-0.00024800377037525177,0.0011004178560177485
2003-05-28,development,-0.0049080643082130785,-0.011063699342751502,-0.009220213372969627,-0.008397325674644735
2003-05-29,development,-0.007034201715326309,-0.008318909347200393,-0.008194789860200882,-0.007849300307575862
2003-05-30,development,0.008224703830051422,0.0014507424362182617,0.004691709928536415,0.0047890520649353655
2003-06-02,development,-0.011815988998794555,-0.004942916997361183,-0.004638328940367698,-0.007132411645507812
2003-06-03,development,0.0060969203317165375,0.0042739907254015445,0.005733484930872917,0.005368131995996999
2003-06-04,development,-0.002554750137710571,-0.0040072137032508845,-0.005831221414709091,-0.004131061751890182
2003-06-05,development,-0.004786243465852737,-0.0012797947890758514,-0.004803799007463455,-0.003623279087464015
2003-06-06,development,-0.003156093978977203,-0.0026877039405822753,-0.006973295363736152,-0.00427236442776521
2003-06-09,development,0.00590401827917099,0.009019850941967963,0.010285866780948639,0.008403245334029197
2003-06-10,development,0.003457021741247177,0.002743878726387024,0.0013669292082259359,0.002522609891953379
2003-06-11,development,0.003919878214120865,0.0012934800526618957,-0.000016151958763599395,0.001732402102673054
2003-06-12,development,-0.006535914146184921,-0.0018032600502967833,-0.007570898646116256,-0.005303357614199321
2003-06-13,development,0.010234257248544692,0.007158852875804901,0.0037909979040741918,0.007061369342807928
2003-06-16,development,0.00068540766415596,0.00494817738571167,0.0006197003688335419,0.0020844284729003904
2003-06-17,development,0.0013407660761386275,0.0007451326839208603,-0.0001949337924838066,0.0006303216558585604
2003-06-18,development,0.0034816280356884002,-0.00517463261938095,-0.0028332613209247587,-0.001508755301539103
2003-06-19,development,0.005624433031845092,-0.0029486593878030776,0.0011192044868469238,0.0012649927102963128
2003-06-20,development,0.001221112025165558,-0.003944462767243385,0.003284740022754669,0.00018712976022561395
2003-06-23,development,-0.005773569101727009,0.006149342459011078,0.004576846977627277,0.0016508734449704485
2003-06-24,development,0.00004720245616436004,-0.00045526991062233444,-0.0007706713062524795,-0.00039291292023681794
2003-06-25,development,-0.0037333937285780904,0.0030607334113836285,-0.005451360821449756,-0.0020413403795480727
2003-06-26,development,0.0008494373034715652,-0.0029261924142837525,0.001531540745806694,-0.0001817381216684977
2003-06-27,development,0.0026567153686523435,0.0021988097834348677,-0.004154145056390762,0.00023379336523214958
2003-06-30,development,0.004938595097637177,0.004432011805677414,0.0002298351101398468,0.003200147337818146
2003-07-01,development,0.0017924686174511908,0.004170646447062492,0.004860269244975582,0.003607794769829755
2003-07-02,development,0.003600244215261936,0.00042085909688472744,0.0031008939469635483,0.0023739990863700707
2003-07-03,development,0.00043152599877119063,0.0012474111746311187,-0.0014556890958845614,0.00007441602583924932
2003-07-07,development,0.003412010482752323,-0.0012983325798511505,0.003329657362240553,0.001814445088380575
2003-07-08,development,0.009802667869472504,-0.001763644417619705,-0.0018937820021569728,0.0020484138165652753
2003-07-09,development,-0.006519058976350528,0.0009587798094034195,0.0029135293154358864,-0.0008822499505037406
2003-07-10,development,0.0018260690963983535,-0.0019146804015159607,-0.0024184151325166224,-0.0008356754792114098
2003-07-11,development,0.004210372757220268,-0.0023427978210687635,-0.0000774686402618885,0.0005967020986298719
2003-07-14,development,-0.0019696599199056624,0.0006203766509532929,-0.0050449742277324195,-0.0021314191655615964
2003-07-15,development,-0.004876182803297042,-0.006432363958078897,-0.0038900346427261827,-0.0050661938013673745
2003-07-16,development,0.0036600160114526746,-0.0025354036172389985,0.0018964418365240096,0.0010070180769125618
2003-07-17,development,0.004513091773581505,0.007155656221151351,0.007511772534269094,0.0063935068430006495
2003-07-18,development,-0.0022177151695251464,0.0024174420357227326,-0.00039318099143505095,-0.00006448470841248824
2003-07-21,development,-0.004594716264009475,-0.008236750901484489,-0.0033939711574435235,-0.005408479440979163
2003-07-22,development,0.004847297423481941,0.005500531592082977,0.001382586844612994,0.003910138620059304
2003-07-23,development,-0.00014042265825271605,0.001597958296728134,0.0012087770931571722,0.0008887709105441967
2003-07-24,development,-0.00021005115964412688,0.004774916756510734,0.0037325368966042993,0.0027658008311569685
2003-07-25,development,0.008230154365181923,0.007422645582938194,0.0065036654182106255,0.007385488455443581
2003-07-28,development,-0.0017398321266174316,-0.0038150094778776167,-0.0025645314749836922,-0.0027064576931595803
2003-07-29,development,0.0011034592757685603,0.005456597691273689,-0.00021532892282307147,0.0021149093480730594
2003-07-30,development,0.0002321798181593418,0.0007760049305677413,-0.0036166936658769844,-0.0008695029723833005
2003-07-31,development,0.004946124676549434,0.0003768496137619018,0.0032080526723921297,0.0028436756542344886
2003-08-01,development,-0.00017721712495088576,0.0010196186391115188,0.00016018409726023674,0.00033419520380695663
2003-08-04,development,-0.0009490026206254959,-0.003700377918887138,0.0009655852051019668,-0.0012279317781368892
2003-08-05,development,0.001523567265200615,-0.001344235299271546,0.0011314322857379914,0.00043692141722235345
2003-08-06,development,0.0054206033491849895,0.004453860751199722,0.0019110350267291067,0.003928499709037939
2003-08-07,development,0.015161904712516069,0.010788490307235717,0.003680744058284163,0.009877046359345316
2003-08-08,development,-0.00026993397197425367,0.0025254391879081725,0.0010270305616602302,0.001094178592531383
2003-08-11,development,0.0033632921846479175,0.0009682014139652252,0.0051461546819284556,0.003159216093513866
2003-08-12,development,0.004598460415238142,0.0033090667800426484,0.001163494121479454,0.003023673772253415
2003-08-13,development,-0.004045628662502765,-0.005938833392000198,-0.0029020454417288304,-0.004295502498743931
2003-08-14,development,-0.0015227413953006266,0.0009518959082126617,0.0005422500997692346,-9.531795772910111e-6
2003-08-15,development,-0.0027181156618744135,0.0002755912612915039,-0.001694430403883755,-0.0013789849348222218
2003-08-18,development,-0.006188890658816695,-0.005963119421100616,-0.0012864312944337725,-0.004479480458117028
2003-08-19,development,-0.003366530740258505,-0.004640242853879929,0.0011742630955129862,-0.0022775034995418156
2003-08-20,development,0.005590846266579627,0.008223541766548156,0.00476596112704277,0.006193449720056851
2003-08-21,development,-0.00222579592628479,0.0015077036010742186,0.004395663385269046,0.0012258570200194916
2003-08-22,development,0.0006702443036794662,0.000258040838766098,0.004423656218457222,0.001783980453634262
2003-08-25,development,0.0025310799867391586,0.00011909222683906555,-0.0009235092986494303,0.0005755543049762647
2003-08-26,development,-0.0013443468786239624,0.0020872261621347134,-0.0018470612742334603,-0.00036806066357423644
2003-08-27,development,0.0018585762369871138,-0.0016167544122219085,0.005937764305442571,0.0020598620434025923
2003-08-28,development,-0.002851976885271072,-0.002932441733396053,-0.0020967925702065227,-0.002627070396291216
2003-08-29,development,0.002866800846171379,-0.0005386585741519928,0.000569984056019783,0.0009660421093463899
2003-09-02,development,0.009061514039492607,0.0015052659239172936,0.0060374777759641405,0.005534752579791347
2003-09-03,development,0.0024002250386953353,-0.0009119416176199913,0.002908614762163025,0.0014656327277461228
2003-09-04,development,0.0034907133621454238,0.0008586239524722099,0.0018369728792726992,0.0020621033979634443
2003-09-05,development,-0.0023821523885011672,-0.002285027618861198,-0.004178065342697501,-0.002948415116686622
2003-09-08,development,0.000746693791270256,0.0030852963762640954,0.002426870516014099,0.00208628689451615
2003-09-09,development,0.0007888905615135067,0.009715541719257832,0.00832993155941665,0.0062781212800626625
2003-09-10,development,0.01055566451303959,0.0071867482079982755,0.003746720499792695,0.00716304440694352
2003-09-11,development,-0.00011075735754966735,0.0005163218332290649,-0.00504944057238996,-0.0015479586989035207
2003-09-12,development,-0.0026149837859153744,0.0009359288378238677,0.0004904796876162291,-0.00039619175349175917
2003-09-15,development,-0.001470844986462593,-0.0013467126583576203,0.0021571086265623567,-0.00022014967275261888
2003-09-16,development,0.0029336611162662503,0.0031038514850127174,0.005140761757037043,0.0037260914527720034
2003-09-17,development,-0.0051209012259006495,-0.002262701132965088,-0.005420327873915434,-0.00426797674426039
2003-09-18,development,0.005857015289473533,0.007192091183710098,0.006867306590464711,0.006638804354549447
2003-09-19,development,-0.006218500702691078,-0.002326378004837036,-0.005964931507417559,-0.004836603404981891
2003-09-22,development,-0.0062366243553161615,-0.006925511721134186,-0.0006445435474604368,-0.004602226541303595
2003-09-23,development,-0.009237244431257247,-0.007217748538446426,-0.009246129186610365,-0.008567040718771346
2003-09-24,development,0.0010224990722894668,-0.003138987958049774,-0.0037638418651163574,-0.0019601102502922216
2003-09-25,development,0.006312597323918342,0.00266733290514946,0.0015813619331628084,0.003520430720743537
2003-09-26,development,0.0054820987100601196,0.0035745968272209165,0.0019113102663010357,0.0036560019345273573
2003-09-29,development,-0.0015850905787944793,0.0036582136737823485,0.003584829017098248,0.001885984037362039
2003-09-30,development,0.0022955829249646075,0.004448448294210434,0.008075072749118506,0.004939701322764515
2003-10-01,development,0.003313404198694229,0.007983353495645523,0.0014866583823889494,0.0042611386922429
2003-10-02,development,0.009575429267036915,0.008560800168371201,0.010789472473226487,0.009641900636211535
2003-10-03,development,0.003164451188957691,-0.001219342664861679,0.002114334941805899,0.0013531478219673038
2003-10-06,development,0.001488740411710739,-0.002962430825281143,-0.0008206118589401245,-0.0007647674241701763
2003-10-07,development,0.0014985798457860947,0.0006389575308615094,-0.001976073698219657,0.00005382122614264907
2003-10-08,development,-0.00037372002012729644,0.0000795921548962593,0.00040593030511438844,0.0000372674799611171
2003-10-09,development,0.0001788496710062027,-0.002094743737578392,-0.002915696281903982,-0.001610530116158724
2003-10-10,development,0.0031539421860694882,0.007300395685696601,-0.0001226208004653454,0.003443905690433581
2003-10-13,development,-0.0044041676390171045,-0.002171155069231987,-0.003224504229134321,-0.003266608979127804
2003-10-14,development,0.0004781575049400329,-0.0027046822106480597,-0.007095676379565221,-0.003107400361757749
2003-10-15,development,-0.007576401436710357,-0.006382186642205715,-0.00234374122068882,-0.0054341097665349634
2003-10-16,development,-0.0004676085243940353,-0.0002677207797408104,-0.0011847683426380157,-0.0006400325489242871
2003-10-17,development,-0.002337382264995575,0.0024914650884866715,0.002412882212948799,0.000855655012146632
2003-10-20,development,0.00141490753159523,0.002694812567090988,0.002800478767633438,0.002303399622106552
2003-10-21,development,0.0050979235013422965,0.0040311382619380946,0.002855376721215248,0.003994812828165213
2003-10-22,development,0.0016508326520234345,0.0014477519661307335,-0.000504348772740364,0.0008647452818046013
2003-10-23,development,-0.0025513898936599493,-0.005869861494171619,-0.00606668530819416,-0.004829312232008576
2003-10-24,development,0.002972561933735013,0.0035939422818541526,0.005646126917910575,0.004070877044499914
2003-10-27,development,-0.0018934160316854715,0.0050309386271119114,-0.003953418876028061,-0.000271965426867207
2003-10-28,development,-0.0012354392536729573,-0.0019082852427740901,-0.00450738448112011,-0.002550369659189052
2003-10-29,development,0.0020443941662549973,0.0012189061589479445,0.006789730709719658,0.0033510103449742
2003-10-30,development,0.002838403828179836,0.0025068918724060058,0.005799703847336769,0.003714999849307537
2003-10-31,development,-0.0021817224241793155,-0.0013854930889964103,-0.00042084387531280516,-0.001329353129496177
2003-11-03,development,-0.002232913392367959,-0.002162092621940374,-0.003737186553263664,-0.0027107308558573322
2003-11-04,development,-0.004675227620410919,-0.00027871092245578764,-0.0034384435124185735,-0.0027974606850950934
2003-11-05,development,0.0005324503688842058,0.000049967506021261213,0.0023438553779929873,0.0009754244176328181
2003-11-06,development,0.002416694406712055,0.006293574108672142,0.0032886061228632924,0.0039996248794158295
2003-11-07,development,0.0004489797799885273,0.0027466175757527352,0.0015826530291736126,0.0015927501283049584
2003-11-10,development,-0.002090685380074382,-0.0015181209905207156,-0.004379999103060365,-0.002662935157885154
2003-11-11,development,0.001302003750926863,-0.002772613869649172,-0.002397273968067765,-0.0012892946955966912
2003-11-12,development,0.004110625887739658,-0.00228158740003705,0.0004491538125962019,0.0007593974334329368
2003-11-13,development,0.008058500492990017,0.004105903089874983,0.014254701237282156,0.008806368273382385
2003-11-14,development,0.002238775867307186,0.00015344414160847663,0.0008767700282841921,0.001089663345733285
2003-11-17,development,-0.00026970254287719727,-0.0013917976557016373,0.002062286406433582,0.00013359540261824918
2003-11-18,development,-0.0008515636675596236,-0.0008096897204209206,0.0011110620907008647,-0.00018339709909322646
2003-11-19,development,0.0023280758091926575,0.004055793314170837,0.002265510144782066,0.0028831264227151873
2003-11-20,development,-0.0031315536999702454,-0.003346674618935585,-0.005494498028212786,-0.003990908782372872
2003-11-21,development,0.006395354445362091,0.007942355561470984,0.0019545593151032922,0.005430756440645455
2003-11-24,development,0.008799997480690479,0.005330773619711399,0.0048737934666663405,0.0063348548556894065
2003-11-25,development,-0.007229468556082248,-0.004996136801230907,-0.000966059705675354,-0.004397221687662836
2003-11-26,development,0.0021123948653340337,0.0032592019112229345,0.0035390697526752946,0.0029702221764107543
2003-11-28,development,-0.0008413868745684623,-0.0011820358362078665,0.0005464655563652515,-0.0004923190514703591
2003-12-01,development,-0.0002634475974917412,-0.005887692869269848,0.006415493700176477,0.00008811774447162943
2003-12-02,development,0.0009145536444691002,0.00017833359856605528,0.004066178030323982,0.0017196884244530459
2003-12-03,development,-0.0003929783990383148,0.002160802509844303,-0.002866182997006178,-0.00036611962873339655
2003-12-04,development,0.0011898243979930876,0.002041240574860573,0.0056422341622710225,0.0029577663783748945
2003-12-05,development,0.0034823556236743924,0.0024075411932110787,0.0030539597991049287,0.0029812855386634664
2003-12-08,development,-0.00040028538937568665,0.0002553976453781128,-0.0001859716743707657,-0.0001102864727894465
2003-12-09,development,-0.00772790560889244,-0.011824318849613361,-0.004200650147175788,-0.007917624868560529
2003-12-10,development,0.0008590082081317901,-0.0026293312565326687,0.003509018402290344,0.0005795651179631551
2003-12-11,development,-0.0038776428412437437,0.0048405552296638486,-0.0030067306594610214,-0.0006812727570136389
2003-12-12,development,0.0007767450915813445,-0.005036396634149551,0.0020213640659213065,-0.0007460958255489665
2003-12-15,development,0.003576872615623474,0.00045827557206153867,0.00251111986541152,0.0021820893510321776
2003-12-16,development,-0.00024467673325538635,0.001172836749124527,0.0023847126810395093,0.00110429089896955
2003-12-17,development,0.0003691908554077148,0.0029498798390388487,0.0005005708264827728,0.0012732138403097788
2003-12-18,development,-0.00008055145401954651,-0.0009699251261234283,-0.0024131636944293975,-0.0011545467581907908
2003-12-19,development,0.0031055085515022274,-0.0008165402725696563,0.0007034295433521271,0.000997465940761566
2003-12-22,development,-0.000614742718410492,-0.0025691098804473877,0.0002642075448036194,-0.0009732150180180866
2003-12-23,development,0.0023659173992468473,0.0036558529079914093,0.0005367274766921997,0.0021861659279768185
2003-12-24,development,-0.0017023133830785752,-0.001027421054458618,-0.0021050062552928923,-0.001611580230943362
2003-12-26,development,-0.001781035813641548,-0.002940633530139923,-0.0038985527507305142,-0.0028734073648373284
2003-12-29,development,-0.0019479005160093306,0.00025914242463111875,0.0002573168204307556,-0.0004771470903158187
2003-12-30,development,-0.0020789530276060105,-0.0042333416287207,-0.00302518398604393,-0.0031124928807902135
2003-12-31,development,0.0025615945789575576,0.0032774041028022765,0.0038972691112518307,0.003245422597670555
2004-01-02,development,-0.0001238667934179306,-0.001482753448677063,-0.0011061784368991852,-0.0009042662263313929
2004-01-05,development,-0.004231989827227592,-0.013524766527748108,-0.0032412414214611053,-0.006999332592145601
2004-01-06,development,0.004909262520337104,0.002201342677092552,0.004228497924624681,0.003779701040684779
2004-01-07,development,0.003349168469238281,0.007588419751954079,0.007892216665244102,0.006276601628812155
2004-01-08,development,0.0055553843720197674,-0.0008191880277156829,-0.003536904909467697,0.00039976381161212926
2004-01-09,development,-0.0014734734699487686,0.0016848939603567124,-0.0018063039408922194,-0.0005316278168280918
2004-01-12,development,0.006547842979383468,0.0036823713347911833,-0.0017235768367767333,0.002835545825799306
2004-01-13,development,-0.0012874061166510931,-0.0002291814292192459,-0.0022753885043382644,-0.0012639920167362012
2004-01-14,development,-0.002343857384777069,0.001170411163020134,-0.0022143192113161085,-0.0011292551443576812
2004-01-15,development,0.00885759281115532,0.009831527669930458,0.013345410561919211,0.010678177014334995
2004-01-16,development,-0.009051335289192199,0.0006440817807912827,0.0003741994401693344,-0.002677684689410527
2004-01-20,development,-0.001803190043735504,-0.006626748713445663,-0.008153401330900192,-0.005527780029360454
2004-01-21,development,0.0007833995061874389,-0.003996981826507091,-0.000895481136226654,-0.0013696878188487688
2004-01-22,development,-0.005213629829072952,-0.002733746664953232,-0.00533135304608345,-0.0044262431800365445
2004-01-23,development,-0.002875772215652466,-0.005854460299062728,-0.0044740105659484865,-0.004401414360221227
2004-01-26,development,-0.0004433472497940063,0.003169157246685028,-0.0005200074997901916,0.00073526749903361
2004-01-27,development,-0.0012545899387836456,-0.0031177885191202162,-0.0009233628814337018,-0.0017652471131125213
2004-01-28,development,0.005345154363059997,0.004268130277323722,0.005914916766071319,0.0051760671354850124
2004-01-29,development,0.006138456779289246,0.005447631499886513,0.0026789143460035324,0.004755000875059764
2004-01-30,development,0.00670802725405693,0.0044825329483509065,0.003458038752174377,0.004882866318194071
2004-02-02,development,0.001307987995147705,-0.003371898380470276,0.0021928689163208006,0.000042986176999409844
2004-02-03,development,-0.003039162061255002,0.005617891279673576,0.0016447103875875473,0.0014078132020020403
2004-02-04,development,-0.003458727097940445,0.000572975564622879,0.0002402731052160263,-0.0008818261427005132
2004-02-05,development,0.0044199432679653166,0.006403275045418739,0.007928208858013153,0.00625047572379907
2004-02-06,development,0.006957475424051285,0.007466102210140228,0.012834183618092536,0.009085920417428017
2004-02-09,development,0.0004426768400669098,0.00006481648871898651,-0.003921832619452476,-0.00113811309688886
2004-02-10,development,0.00044211017756462095,0.000703441713862682,-0.003650367971730232,-0.0008349386934343098
2004-02-11,development,0.006682896513366699,0.005376003498268127,0.010845664937973022,0.007634854983202616
2004-02-12,development,-0.0062493280907154084,-0.0039385907013416285,-0.0037867706938982007,-0.004658229828651746
2004-02-13,development,-0.0054921719758510585,-0.005730179480504989,-0.0036086161945104596,-0.004943655883622169
2004-02-17,development,0.0029079083118438718,0.0067059273491382595,-0.0003107517627477646,0.0031010279660781226
2004-02-18,development,-0.0006557259039878845,0.0031729480630397796,0.00018720913123278186,0.0009014770967615591
2004-02-19,development,0.00022561885776519773,-0.0007730572472095489,-0.001642862265124917,-0.0007301002181897561
2004-02-20,development,0.004869164942884445,0.0005374694264411926,0.0003154359171897173,0.0019073567621717847
2004-02-23,development,-0.0009816906764507293,-0.00021954979696273803,0.00006986613534092903,-0.0003771247793575128
2004-02-24,development,-0.004468623264260054,-0.0028527328438758847,-0.0028005006704241034,-0.003373952259520014
2004-02-25,development,0.006107129511404037,0.0057626587748050686,0.005944839286056161,0.005938209190755089
2004-02-26,development,0.0011115374485492705,0.0022490801200389862,0.002681336107122898,0.0020139845585703847
2004-02-27,development,-0.0018891483053684235,0.0013536208508014677,-0.0024645982155442237,-0.0010000418900370598
2004-03-01,development,0.00150828248090744,0.008268023993110656,0.00031114063269793984,0.0033624823689053455
2004-03-02,development,0.003101253382205963,0.00004174746664340491,-0.0028034128946393725,0.00011319598473666515
2004-03-03,development,-0.0029828746727466582,-0.00006846954607963562,-0.0011355942413270473,-0.001395646153384447
2004-03-04,development,0.0031699573003292083,0.001541957892370224,-0.001447510895934701,0.0010881347655882438
2004-03-05,development,0.0037031076457500456,0.0016339200750350952,0.008043380791828036,0.0044601361708710595
2004-03-08,development,-0.0040098682988643644,-0.0009585187232494354,-0.0061280489932805295,-0.003698812005131443
2004-03-09,development,0.0017169901471138,0.0022754639708042145,0.00292662139838079,0.0023063585054329348
2004-03-10,development,-0.004985562742900848,-0.002805315835380554,-0.004542236518478394,-0.004111038365586599
2004-03-11,development,-0.003921784534931183,-0.00016206852316856383,0.0030650377696990966,-0.00033960509613354994
2004-03-12,development,0.0008531689091205596,-0.0007445628931045531,-0.004927290813016892,-0.0016062282656669619
2004-03-15,development,-0.006046754321098327,-0.005668391097450256,-0.004775932472562789,-0.00549702596370379
2004-03-16,development,0.0059781602203180075,0.0009838029685020446,0.00536336152935028,0.004108441572723444
2004-03-17,development,-0.000023755219936370848,-0.0004582752017974853,-0.0002049816660404205,-0.00022900402925809222
2004-03-18,development,0.0018064492316246033,-0.0013721082015514374,-0.0016970927522182463,-0.0004209172407150268
2004-03-19,development,-0.0030673171540260315,-0.005612965984582901,-0.0027555534344196318,-0.0038119455243428545
2004-03-22,development,-0.003678478939914703,0.0004518255701065063,-0.000700685435628891,-0.0013091129351456958
2004-03-23,development,-0.0023994086177825925,-0.004741405097392011,0.002483008655500412,-0.001552601686558064
2004-03-24,development,0.00208294060049057,0.003335990016937256,0.004226575315856933,0.003215168644428253
2004-03-25,development,0.004547112795352935,0.0010665401563644409,-0.0026569701816558837,0.0009855609233538308
2004-03-26,development,0.001953421666431427,0.0029882734296798703,-0.0014109157232761382,0.0011769264576117196
2004-03-29,development,0.0034115207923889157,0.0014869378702163695,0.0038164386129856107,0.0029049657585302987
2004-03-30,development,-0.0008759147703170776,-0.005717054785537719,-0.0022117068945858,-0.0029348921501468656
2004-03-31,development,-0.0013220307517051695,-0.0007915339561462402,-0.0022046198139190672,-0.001439394840590159
2004-04-01,development,-0.0036557768056869507,-0.0039392841541290285,-0.00037289260420799255,-0.002655984521341324
2004-04-02,development,0.0045564313486099245,0.007996330697154998,0.0043052839540481565,0.005619348666604361
2004-04-05,development,0.00012050551795959472,0.003547229877758026,0.0037287984484672544,0.002465511281394958
2004-04-06,development,-0.0007813561869799135,-0.0018813160905838012,-0.0011138159141540528,-0.0012588293972392557
2004-04-07,development,-0.006016127277994156,-0.004059839777469635,-0.004260693119716644,-0.004778886725060144
2004-04-08,development,-0.001979185569477081,-0.0043946398048400875,-0.001887068002796173,-0.0027536311257044476
2004-04-12,development,-0.0011165820467233657,-0.002060106546783447,-0.0009787622690677642,-0.0013851502875248589
2004-04-13,development,-0.0005572792523145675,-0.004437718936920166,-0.007966200652456283,-0.004320399613897005
2004-04-14,development,-0.005290436944437027,-0.0035394529194959874,-0.003473635195493698,-0.004101175019808904
2004-04-15,development,-0.0029994606451272964,-0.0023697633421897886,0.003887928309583664,-0.0004937652259111403
2004-04-16,development,0.004401863273143768,0.0024619263653755186,-0.0025968572282791137,0.001422310803413391
2004-04-19,development,-0.0030085223528385162,-0.005883145870876312,-0.00012589365382194518,-0.003005853959178925
2004-04-20,development,0.0007141996114015579,-0.003489269456386566,0.0009010562679259542,-0.0006246711923530179
2004-04-21,development,0.0026334105784177777,-0.0013244679110765455,-0.0009210860628843307,0.00012928553481896717
2004-04-22,development,-0.004025517896294593,-0.000417678929400444,-0.006465255593013763,-0.0036361508062362664
2004-04-23,development,0.005312885014772415,-0.0012039774387598036,-0.0008748259066581726,0.0010780272231181462
2004-04-26,development,-0.0018617723075628279,-0.0018164213099718092,-0.0037959140788316726,-0.0024913692321221034
2004-04-27,development,-0.007932077687767864,-0.005355041323757172,-0.009371531657505035,-0.007552883556343357
2004-04-28,development,0.0029156919090509415,0.006926444317770004,0.007491785213589668,0.005777973813470204
2004-04-29,development,-0.003440541936969757,-0.002097253930592537,-0.005091161070942879,-0.003542985646168391
2004-04-30,development,0.004199262701606751,0.005790788085699081,-0.0005156985530138015,0.0031581174114306766
2004-05-03,development,-0.0035372049395799637,-0.0031168420518398283,-0.003225380873942375,-0.003293142621787389
2004-05-04,development,0.0013970686820983886,0.0011817272923065275,0.0026495039311170577,0.0017427666351739913
2004-05-05,development,0.008287340622115134,0.00602008014164567,0.009116520097732544,0.007807980287164448
2004-05-06,development,-0.0023191283498764036,-0.0019700706883370874,-0.0010723849385976792,-0.0017871946589370566
2004-05-07,development,-0.0019948527871608735,-0.0015909102214813231,0.0027201262860536576,-0.0002885455741961796
2004-05-10,development,0.0005691105721235275,0.004172568289124965,-0.0003219068444728851,0.0014732573389252025
2004-05-11,development,0.0009004269251108169,0.002516940469157696,0.00036028348604850763,0.0012592169601056736
2004-05-12,development,-0.005230682562279701,-0.0007667008642375469,-0.0031732023664236067,-0.0030568619309802847
2004-05-13,development,0.00011776920020580291,-0.0006272565290510654,-0.002231366713356972,-0.0009136180140674115
2004-05-14,development,0.003020102276611328,0.003066635409784317,0.0053587568297624585,0.0038151648387193676
2004-05-17,development,-0.0012768246165037155,0.0015293409252643585,-0.0013075975758314131,-0.00035169375569025666
2004-05-18,development,0.0045912722947665215,0.005411305779147148,0.008716950554656983,0.006239842876190217
2004-05-19,development,-0.002120642710375786,-0.003275708721321821,-0.005836670515847206,-0.0037443406491816044
2004-05-20,development,-0.0017112196033477781,-0.004431574628144502,-0.0006066439235448837,-0.0022498127183457214
2004-05-21,development,0.006459388015937805,0.0029317143479704855,0.003934055494594574,0.004441719286167622
2004-05-24,development,-0.0033415021967887876,0.0011437684502542018,-0.0007297865867137909,-0.0009758401110827922
2004-05-25,development,0.003844792558741569,-0.0012107313663061038,0.0012916444786310196,0.0013085685570221617
2004-05-26,development,0.005488887734341621,0.0035559241260051727,0.0025816276010036466,0.0038754798204501464
2004-05-27,development,0.013046995613765716,0.012076389296650886,0.00642794701859951,0.010517110643005369
2004-05-28,development,-0.0018565261605024337,0.002634419127893448,-0.004973817570114136,-0.0013986415342410405
2004-06-01,development,-0.0002998437654733658,0.002212512323307991,-0.0036724605034589766,-0.0005865973152081172
2004-06-02,development,-0.004803852979016304,-0.006131819275641441,0.002753911795608401,-0.002727253486349781
2004-06-03,development,0.0007272958606243133,0.0022026763115644455,0.007232840154743194,0.0033876041089773174
2004-06-04,development,-0.0008960789637804031,0.001898233644914627,-0.0032677815492153164,-0.0007552089560270308
2004-06-07,development,0.006588854670405387,0.007128748280978202,0.0030004654034376144,0.005572689451607067
2004-06-08,development,0.005484686263163066,0.003582148395347595,0.003157919362568855,0.0040749180070265055
2004-06-09,development,-0.0006591062412977218,-0.0020236727290868757,0.004044090297555924,0.00045377044239044203
2004-06-10,development,0.005484603575325012,0.0029270250531196595,0.003743994430541992,0.004051874352995554
2004-06-14,development,0.004229071220874786,-0.0006095179630279541,0.002836375165748596,0.002151976141198476
2004-06-15,development,-0.008433463194489479,-0.005756075590348244,-0.006413347381663322,-0.006867628722167014
2004-06-16,development,-0.0029053663927078245,-0.006592635725334854,-0.00015528575830459594,-0.0032177626254490913
2004-06-17,development,0.00021918040511608122,-0.0057043349682569505,0.003614159045386314,-0.0006236651725848516
2004-06-18,development,0.004315206800198554,0.0001170687320947647,0.0024566895229339598,0.0022963216850757596
2004-06-21,development,-0.002732481709098816,0.00046236083820462223,-0.00003235361227989197,-0.0007674914943913619
2004-06-22,development,-0.0014943574189662933,-0.0063806270280480385,-0.008154949373734833,-0.005343311273583055
2004-06-23,development,0.000633790167427063,0.003000795621103048,-0.0038949435364961623,-0.00008678591598868374
2004-06-24,development,0.0032971950128555297,0.00048593827800154685,0.001932398374223709,0.0019051772216935952
2004-06-25,development,-0.000919119686102867,-0.00113332142085433,0.0074486912698030466,0.0017987500542819498
2004-06-28,development,-0.005184649392819404,-0.010537018850678205,-0.004500427345228195,-0.006740698529575269
2004-06-29,development,-0.0053408909084799285,0.0022156954610466958,0.0006398243434906005,-0.0008284570346475442
2004-06-30,development,-0.0005293514548301697,-0.002336488874065876,-0.002470525279521942,-0.001778788536139329
2004-07-01,development,0.0007700484041690826,0.00015248200057148932,0.002510090392756462,0.0011442069324990112
2004-07-02,development,-0.0010181444413661957,-0.002525266609984636,-0.006179223050713539,-0.0032408780340214566
2004-07-06,development,0.0035585704463481902,-0.0030863408804774283,-0.005179568397498131,-0.0015691129438757895
2004-07-07,development,-0.001089004697704315,0.0020043983593501895,-0.0012988572541952133,-0.0001278211975164463
2004-07-08,development,0.0015873852467060089,0.0017864251319169998,0.003502662827205658,0.0022921577352762222
2004-07-09,development,-0.001649447527694702,0.008342933315086364,0.0045990815926313395,0.0037641891266743336
2004-07-12,development,-0.0012188352368354798,-0.0021593039811372756,-0.002059132835507393,-0.001812424017826716
2004-07-13,development,0.003424216915845871,-0.0011463601657390593,0.002447266189856243,0.0015750409799876847
2004-07-14,development,-0.0032931011182308198,-0.0052901197350502015,0.005522121484184265,-0.0010203664563655853
2004-07-15,development,-0.002846680572462082,0.00033784576749801634,-0.005525609662723541,-0.0026781481558958687
2004-07-16,development,-0.0018127696535110472,-0.0013174505568265915,0.0008338233031749725,-0.0007654656357208887
2004-07-19,development,0.00238087723865509,0.0017251476472616195,-0.002449866814851761,0.0005520526903549828
2004-07-20,development,0.007487410925417457,0.004604955231070519,0.00685558888926506,0.006315985015251012
2004-07-21,development,-0.0004287017313480377,0.005332835589456558,0.002847302944755554,0.0025838122676213582
2004-07-22,development,0.003944044448065758,0.002025766623401642,0.00038647997913360596,0.0021187636835336685
2004-07-23,development,-0.0003814764453411102,0.004282845048499107,-0.0008050912559986114,0.0010320924490531283
2004-07-26,development,0.00428125701034069,0.0059299710101842875,-0.0009360678786754608,0.0030917200472831727
2004-07-27,development,0.00595827919178009,-0.0010716913295698526,0.007528549855947494,0.004138379239385911
2004-07-28,development,-0.004739514126491547,-0.0005625451802253723,-0.009086792440080642,-0.004796283915599187
2004-07-29,development,-0.0010370092310667037,0.0010591274240016938,0.004595571364450455,0.001539229852461815
2004-07-30,development,0.0020322858356952665,-0.00014628356671333312,0.00023283705134391784,0.0007062797734419504
2004-08-02,development,0.00021445731456279753,-0.002310617690849304,-0.0032259645315647124,-0.0017740416359504063
2004-08-03,development,-0.004334575656223297,-0.0011156050473213196,0.0019755680620258064,-0.0011582042138396035
2004-08-04,development,-0.0049819003824234,-0.0047178912780761716,-0.0029004504224479197,-0.004200080694315831
2004-08-05,development,-0.0005428312039613723,0.00021602372875213622,-0.0011795177955061197,-0.0005021084235717852
2004-08-06,development,-0.003261505052733421,-0.0014740052332878112,-0.002806109384521842,-0.0025138732235143583
2004-08-09,development,0.0007326767587423324,-0.0009285168251037597,0.0016801855004608631,0.0004947818113664786
2004-08-10,development,0.0024572481496855556,-0.001910325974035263,-0.0005802296350330115,-0.00001110248646090631
2004-08-11,development,-0.0031817926998883484,-0.0010407609790802001,-0.0032555218133717774,-0.0024926918307801083
2004-08-12,development,-0.0003194680615633726,0.0009691027166843414,0.003034861022812128,0.0012281652259776988
2004-08-13,development,-0.0020516872414648533,0.002071432324075699,-0.0004345167228847742,-0.0001382572134246429
2004-08-16,development,-0.0008631278383076191,0.0005517710309028626,-0.0014912333499759434,-0.0006008633857935666
2004-08-17,development,0.005103132000744343,0.006602735073911142,0.0027459027117580173,0.004817256595471167
2004-08-18,development,0.0003452187838971615,0.002911054026985168,-0.003713437465840578,-0.00015238821831941606
2004-08-19,development,-0.00008568135059475899,0.0027052856019496915,0.000101476576384902,0.0009070269425799448
2004-08-20,development,0.0011960413611054419,0.0002480329924583435,0.0015883065504282712,0.0010107936346640189
2004-08-23,development,-0.0033147564053833483,-0.0030184858820438386,-0.0030686901318103072,-0.0031339774730791644
2004-08-24,development,-0.002359457574301958,-0.0016328463999271392,-0.001239148602397728,-0.0017438175255422752
2004-08-25,development,0.00372342468445003,0.002733135871076584,-0.00019617489743232726,0.0020867952193647623
2004-08-26,development,0.0005782676008462905,0.0013812817561626434,0.0054702267249345776,0.002476592027314504
2004-08-27,development,0.0019473968857258558,0.0023154253074645996,0.0022167522200107572,0.002159858137733738
2004-08-30,development,-0.0074011865290641785,-0.005745874125194549,-0.004170199403214454,-0.005772420019157727
2004-08-31,development,-0.003257009179827978,-0.0015614804337978363,-0.0004453866345643997,-0.0017546254160634045
2004-09-01,development,-0.00024378484930992126,0.002578885861301422,0.003261488949871063,0.0018655299872875214
2004-09-02,development,0.0015058477037429808,-0.0023454941111087798,0.0013713350240945816,0.00017722953890959422
2004-09-03,development,0.0005864364727020264,-0.0003185166594982147,0.0011566551789045333,0.00047485833070278166
2004-09-07,development,0.0028158073635578154,-0.002037752391910553,0.0032262155426502227,0.0013347568380991618
2004-09-08,development,-0.003151763309431076,-0.005806144578507638,-0.0034224489700317383,-0.004126785619323484
2004-09-09,development,0.0035192325551509857,0.010667845347476005,0.0003563350435495376,0.004847804315392176
2004-09-10,development,0.00212756303730011,0.007204745941615105,0.0027259219825983044,0.004019410320504507
2004-09-13,development,0.006456304430818557,0.006822094577479362,-0.000932332785630226,0.004115355407555897
2004-09-14,development,0.0005670438582420349,-0.0012564716337203979,-0.005049806066551614,-0.0019130779473433255
2004-09-15,development,0.0037093252040863037,-0.002776456348109245,-0.00047186904489994046,0.00015366660369237273
2004-09-16,development,-0.00335419747300148,-0.002404199871635437,-0.002829966989159584,-0.0028627881112655005
2004-09-17,development,-0.002559099726247787,-0.0005061275287389756,-0.0032123330066919325,-0.002092520087226232
2004-09-20,development,0.0034390481078624725,0.006139992198657989,0.0003957291827440262,0.003324923163088163
2004-09-21,development,-0.0014620680596184553,-0.002675984602022171,-0.0018936198592901228,-0.0020105575069769162
2004-09-22,development,0.0013900021335840225,-0.003702842469024658,0.002028134441781044,-0.00009490196455319711
2004-09-23,development,0.004583958617562055,0.00756753169734478,0.006119412260174751,0.006090300858360528
2004-09-24,development,0.006662488031363487,-0.0019122318156957626,0.008124904262018203,0.004291720159228642
2004-09-27,development,0.0005547627925455569,-0.0009688301892995833,0.0004772888556957245,0.000021073819647232698
2004-09-28,development,-0.0030232796253859997,-0.0002968894760173622,-0.0025307152406215667,-0.001950294780674976
2004-09-29,development,-0.0030800978968679904,0.0012133860409617424,0.0014233729015350341,-0.00014777965145707132
2004-09-30,development,0.0034674777205824852,0.007428168666243553,0.00341032173166275,0.004768656039496263
2004-10-01,development,-0.008441988632076979,-0.0008774146818041801,-0.0037824164712667464,-0.004367273261715969
2004-10-04,development,-0.004696777523577213,0.0026927142568826676,-0.002791763294100761,-0.0015986088535984355
2004-10-05,development,0.003125680595475435,0.0009487101499199867,-0.00034768815598783476,0.0012422341964691958
2004-10-06,development,0.0024841678332686423,0.0012124454711198807,-0.0010687223819255828,0.00087596364082098
2004-10-07,development,0.0033955271595120426,0.00005481551649570465,0.0014014361618995665,0.0016172596126357713
2004-10-08,development,-0.0005576048443973064,0.0016954341492295265,-0.00199926799659729,-0.0002871462305883566
2004-10-11,development,-0.0010804463633537291,0.001255247815656662,0.0016685166012763977,0.0006144393511931101
2004-10-12,development,-0.00018390139896078724,-0.004530615631997585,-0.0027583930587768554,-0.0024909700299117427
2004-10-13,development,0.002170368428337574,0.005924562876975536,0.002150493958044052,0.0034151417544523873
2004-10-14,development,0.002766938120985031,0.0011421559671401977,0.004664092555189132,0.0028577288811047867
2004-10-15,development,-0.0002693415863156319,-0.0010167200971007346,-0.004811016631174087,-0.002032359438196818
2004-10-18,development,-0.0015911274911880493,-0.0018569272102832793,-0.0015253658222675324,-0.0016578068412462868
2004-10-19,development,-0.005400179342150688,-0.006910637499394512,-0.006787092171525955,-0.006365969671023718
2004-10-20,development,0.0013157963750123978,-0.0003267570973396301,0.0009946556159973145,0.0006612316312233608
2004-10-21,development,-0.0031496848295331,-0.0009552534718513489,0.00357211000623703,-0.00017760943171580635
2004-10-22,development,0.003106070462656021,0.006524229013824463,0.008280959603118896,0.005970419693199794
2004-10-25,development,-0.0055309458108305926,-0.005609574525356292,-0.005058287031888962,-0.0053996024560252825
2004-10-26,development,0.008124335292220116,0.007811402358245849,0.00934044219240272,0.008425393280956229
2004-10-27,development,0.008938218584835528,0.005638146099615097,0.010435977876234055,0.008337447520228226
2004-10-28,development,0.001036580925142765,-0.0061076781894207,0.0019111847200870512,-0.0010533041813969612
2004-10-29,development,-0.000590209299838543,-0.0001371121512413025,-0.00035128954801559446,-0.00035953699969847996
2004-11-01,development,-0.011267007022094726,-0.004512207426929473,-0.008918679579830169,-0.008232631342951456
2004-11-02,development,0.0011684831485571502,0.00602935822224617,0.0038630802528858183,0.003686973874563046
2004-11-03,development,0.009092639477729796,0.0077897758168220515,0.010697982051944731,0.009193465782165526
2004-11-04,development,-0.005961009370470047,0.0067112323605537415,-0.0005191939552307128,0.00007700967828432731
2004-11-05,development,0.0023150096210956574,0.004314158753299713,0.00644575635099411,0.004358308241796493
2004-11-08,development,0.0017053610083580016,0.0008700272224426269,0.0005476200602531433,0.0010410027636845907
2004-11-09,development,0.006892194322872161,0.0019890651349016757,0.009252420974779128,0.006044560144184322
2004-11-10,development,0.00308959585878849,0.001724007693094015,0.003108827977466583,0.002640810509783029
2004-11-11,development,0.002963278346443176,0.00226192334228754,0.0014550222898960113,0.0022267413262089092
2004-11-12,development,0.004235739370894432,0.004407327084320784,0.0027568777035236356,0.0037999813862462837
2004-11-15,development,0.0019485784895420073,0.000541941463625431,0.0003306256929397583,0.0009403818820357322
2004-11-16,development,-0.004721365880775452,-0.002085424665057659,-0.00626342739215492,-0.004356739312662676
2004-11-17,development,-0.006984666829276085,-0.006258443482643365,-0.00244491012403965,-0.0052293401453197
2004-11-18,development,0.0001325525529384613,0.0005052758122503757,0.0040476254520416255,0.0015618179390768207
2004-11-19,development,0.0033094511833429334,0.006023402878904342,0.002399963966345787,0.0039109393428643545
2004-11-22,development,0.000676888507437706,-0.0011245557726502417,-0.0014729632927894592,-0.000640210186000665
2004-11-23,development,0.0018389834218939067,0.002545119513553381,0.0013305069630622863,0.0019048699661698579
2004-11-24,development,-0.006327828219538927,-0.0013478912550091743,-0.007535073177266121,-0.005070264217271407
2004-11-26,development,0.0016238877659410238,0.0031689672690331933,0.0032603357979297636,0.0026843969443013267
2004-11-29,development,-0.004431847609296441,0.00015696002010703086,-0.0024767102540016175,-0.002250532614397009
2004-11-30,development,0.003392313500058651,0.005099174984310436,0.005819219273042678,0.004770235919137254
2004-12-01,development,-0.002228350471189618,-0.0006150072393298149,0.0009330707061767577,-0.0006367623347808917
2004-12-02,development,0.005654954598385095,0.0084388316542387,0.004575594414830208,0.006223126889151335
2004-12-03,development,0.0038138538231343028,0.0006540382973790168,0.0023450137639045715,0.002270968628139297
2004-12-06,development,0.004073214527314901,0.002779767378258705,0.004234498881721497,0.0036958269290983674
2004-12-07,development,0.00045302846523523327,0.0018055175117015839,-0.002984909632657647,-0.00024212121857361012
2004-12-08,development,0.005894184385284781,0.005787600301229954,0.004495399194133281,0.0053923946268826725
2004-12-09,development,0.0012829582308381796,0.0016089572598099707,0.003380855561685562,0.0020909236841112375
2004-12-10,development,0.004427478033724427,-0.002739508796942234,0.00017728661334514618,0.0006217519500424465
2004-12-13,development,0.0031283798340141773,0.0032390041977643966,0.00613579601354599,0.0041677266817748545
2004-12-14,development,-0.0053913899064325374,-0.009631187923395634,-0.005735835135984421,-0.006919470988604196
2004-12-15,development,0.00330685427365303,0.0002239871682167053,0.0014687775330543518,0.0016665396583080288
2004-12-16,development,0.009297030163431167,0.007205840608334541,0.009505520319366455,0.008669463697044055
2004-12-17,development,0.007700337421536445,0.011033296120631694,0.010428896222436427,0.009720843254868189
2004-12-20,development,-0.00305930514755249,-0.0022164813738346097,-0.0020375551239490506,-0.0024377805484453834
2004-12-21,development,0.0010072518995523452,0.0014885386297247706,0.002011909946322441,0.0015025668251998523
2004-12-22,development,-0.002490606983447075,0.002815766055431962,0.00003876962904930115,0.00012130956701139606
2004-12-23,development,0.002864903349208832,0.0006733598799288273,0.001110321028316021,0.0015495280858178935
2004-12-27,development,-0.0025461364769935606,-0.001081368662750721,0.00021396220233440397,-0.0011378476458032926
2004-12-28,development,0.001212751220679283,-0.0015883975611835717,0.0028109821655392647,0.000811778608344992
2004-12-29,development,-0.002286294460630417,-0.000596438958209753,-0.0020932363457058906,-0.0016586565881820201
2004-12-30,development,-0.0016965383770704268,-0.000695509400460124,0.00038573887162208554,-0.0006687696353028218
2004-12-31,development,0.00027625913820266725,-0.0014123770557165146,-0.0010570610609054564,-0.0007310596594731012
2005-01-03,development,-0.0007964350198745728,0.0012487563963711262,-0.004244162726926804,-0.0012639471168100834
2005-01-04,development,0.01214679111787407,0.01031932495817542,0.012581837812852858,0.011682651296300783
2005-01-05,development,0.007886054173099994,0.006190010638931393,0.005848586576795578,0.006641550462942322
2005-01-06,development,0.008877277460908889,0.0015522423302054404,0.00512499245839119,0.005184837416501839
2005-01-07,development,0.0021300714240550995,0.003124155000770092,0.00406039664978981,0.0031048743582050005
2005-01-10,development,0.0019923555544734,-0.006343149091520906,0.0022144404816627503,-0.0007121176851282518
2005-01-11,development,0.004343743804609775,0.0016176895414634375,0.0010290514696598052,0.0023301616052443393
2005-01-12,development,0.0014767598811388015,-0.00025771276125907894,0.0016153177582263947,0.000944788292702039
2005-01-13,development,-0.0007765031864762306,0.005568551088023186,0.001059045489358902,0.0019503644636352858
2005-01-14,development,-0.001742023789691925,0.0005414444575548171,-0.0010818506979465485,-0.0007608100100278854
2005-01-18,development,0.0014355472640156745,-0.001967328449654579,0.002716589998722076,0.0007282696043610571
2005-01-19,development,0.00175449400421381,0.002226507146954536,-0.0012788395732650766,0.0009007205259677565
2005-01-20,development,-0.0008145738720655441,-0.004080615083694458,-0.007453664600569009,-0.0041162845187763366
2005-01-21,development,0.003915630875515937,-0.00011804604954719544,0.0026244277539551257,0.0021406708599746222
2005-01-24,development,0.006485006725108623,-0.00014089012966156004,0.0018758619710952042,0.002739992855514089
2005-01-25,development,0.008963316874991103,-0.0012444380584478378,0.005003496819487214,0.0042407918786768264
2005-01-26,development,0.004012417571517825,0.0036278887545347213,0.007207565286216139,0.0049492905374228955
2005-01-27,development,0.01048135829719603,0.012013983436346054,0.00901713271587193,0.01050415814980467
2005-01-28,development,-0.004896341633471846,-0.004043923031806946,-0.006822275070592761,-0.0052541799119571846
2005-01-31,development,0.0054997396034061905,0.004898486884474754,-0.0004162937320411205,0.0033273109186132744
2005-02-01,development,-0.006250668320792913,0.00045720403552127826,0.0011101157156527043,-0.001561116189872977
2005-02-02,development,0.0003583229052364826,-0.0005536393204152584,0.005806720693141222,0.0018704680926541486
2005-02-03,development,0.0055328587421029805,0.00850472010858953,0.009510391346785425,0.007849323399159313
2005-02-04,development,0.0072880848582625385,0.0000677233013510704,0.0017175284460425376,0.0030244455352187154
2005-02-07,development,0.005701758080357313,0.0036037369995772835,0.003943669266647101,0.004416388115527233
2005-02-08,development,-0.0004893997407466173,-0.005818877542951703,-0.0014220043065796195,-0.0025767605300926464
2005-02-09,development,-0.005019652614095807,0.000571576323005557,-0.0006214201774537564,-0.0016898321561813355
2005-02-10,development,-0.008204204689151048,-0.0051089466507971285,-0.006899784533154964,-0.00673764529103438
2005-02-11,development,0.002304076913267374,-0.0005768233688533305,0.0020795785323500632,0.0012689440255880355
2005-02-14,development,-0.0012074522514492272,-0.0054472891689687965,-0.000549452476722002,-0.0024013979657133418
2005-02-15,development,-0.0009533574004143939,0.003867097926625609,-0.0005495980397880077,0.0007880474954744026
2005-02-16,development,-0.0007051406249523163,-0.0003970666191846132,0.0018829098083317278,0.0002602341880649328
2005-02-17,development,0.00482612698597908,0.002593123052841425,0.0049846101204633715,0.004134620053094625
2005-02-18,development,-0.0029082273962736127,-0.006391752418559789,-0.0012159099111437796,-0.0035052965753257274
2005-02-22,development,-0.006715932562947273,-0.0028261998132258653,0.0004448639302909374,-0.003032422815294067
2005-02-23,development,-0.0043994696370363235,0.0018599302555109697,-0.007229315106260776,-0.003256284829262043
2005-02-24,development,-0.0009047484920740128,-0.0039804891366720194,0.0010518336326897145,-0.0012778013320187728
2005-02-25,development,-0.00493329594233036,-0.0034529867501974106,-0.002278745169854164,-0.003555009287460645
2005-02-28,development,-0.006562513236689567,0.0039113444723844525,-0.006883139159315824,-0.00317810264120698
2005-03-01,development,0.0030868641428947446,0.00410172629609108,-0.0011069447264119327,0.0020272152375246304
2005-03-02,development,0.00816084093914032,0.0070261099406242365,0.004906137205180526,0.006697696028315027
2005-03-03,development,-0.007288667291903496,-0.002931985553336143,-0.0002539784707427025,-0.0034915437719941138
2005-03-04,development,0.0022713174275398253,0.004618800221681594,0.0013421097222864628,0.0027440757905026272
2005-03-07,development,0.004026200942778588,0.005379603973698616,0.0010202816221565008,0.003475362179544568
2005-03-08,development,0.0036789541975888016,0.004717590068912506,0.0026558791587471963,0.003684141141749501
2005-03-09,development,-0.001724399203634262,-0.004305297049164772,-0.0026125926989316937,-0.002880762983910242
2005-03-10,development,0.005177369073438644,0.005921408291912078,0.005881643523681163,0.005660140296343962
2005-03-11,development,-0.0019422821332931517,0.0019453793624162673,0.0019015746492475271,0.0006348906261235476
2005-03-14,development,0.0008186903424263,0.0006055977715015411,0.005287838875630497,0.002237375663186113
2005-03-15,development,0.0010278416343688964,-0.004130264225463068,-0.003158057817417383,-0.002086826802837185
2005-03-16,development,-0.003658130950927734,-0.0028457944485902787,-0.005163032073631882,-0.0038889858243832984
2005-03-17,development,-0.0033407645835399624,-0.004384453117847443,-0.0002819890523523092,-0.002669068917913238
2005-03-18,development,-0.0019386922350406646,0.0018860771816015243,0.0019494792396783829,0.0006322880620797475
2005-03-21,development,-0.003784345665550232,-0.0037489799333333966,-0.0017247705743640661,-0.0030860320577492314
2005-03-22,development,-0.0007142509505748748,-0.004138035684180259,-0.004771643062399275,-0.0032079765657181364
2005-03-23,development,0.001909446506023407,0.005088450710129738,0.0024739675535440445,0.0031572882565657294
2005-03-24,development,0.0020007135628700256,-0.000800389126086235,0.0014903024114608764,0.0008968756160815557
2005-03-28,development,0.0012163663054943084,0.0016100139753580092,-0.0012569767492055892,0.0005231345105489094
2005-03-29,development,-0.00047766101546287533,0.002031417094349861,-0.0023668983571767804,-0.0002710474260965982
2005-03-30,development,0.000055271724764857206,0.0019356112002849577,0.0034849293482542036,0.001825270757768006
2005-03-31,development,0.0007550479010522365,-0.0025707499913454053,-0.003801879379439354,-0.0018725271565775076
2005-04-01,development,0.0053337041558384896,-0.0036167038156509398,-0.002973483517599106,-0.000418827725803852
2005-04-04,development,-0.005484737968879938,-0.002283679392457008,-0.0038469018620491025,-0.003871773074462016
2005-04-05,development,0.005059346694624424,0.0030391542789633976,0.005127972716403007,0.004408824563330276
2005-04-06,development,-0.004383060956841707,-0.0030870213131278753,-0.0035835566883087155,-0.003684546319426099
2005-04-07,development,0.0046930322120785715,0.001758123378151655,0.0011723189767360686,0.002541158188988765
2005-04-08,development,-0.0015247893961548805,-0.005056279760020971,-0.002707363796043396,-0.0030961443174064157
2005-04-11,development,-0.0006706707763195037,-0.0002950912996649742,0.0012471658909082412,0.00009380127164125443
2005-04-12,development,0.011052395339477062,0.007869670490342378,0.0072775359887260315,0.008733200606181823
2005-04-13,development,-0.000160876113396883,-0.0018764434150069951,-0.0006250025198042392,-0.000887440682736039
2005-04-14,development,0.000439155520427227,-0.0013813015302240848,-0.0010354169025182723,-0.0006591876374383767
2005-04-15,development,-0.003231596843665838,0.0005192307784765959,-0.005824284988969564,-0.0028455503513862682
2005-04-18,development,0.0012678803959429263,-0.0035759258190542456,0.007130592595702409,0.00160751572419703
2005-04-19,development,0.0015161810602343088,-0.002812479143756628,-0.0027443471705198286,-0.0013468817513473824
2005-04-20,development,-0.0031915503918290137,-0.0045449200958192345,-0.002216028659915924,-0.0033174997158547243
2005-04-21,development,0.008870204825687409,0.005464987630081177,0.004995121012437344,0.006443437822735309
2005-04-22,development,0.00034244371154904365,0.006977556993994116,0.0058880497844398015,0.004402683496660987
2005-04-25,development,0.0021436092356801034,0.005205924323576689,-0.0014215125547766684,0.0019760070014933745
2005-04-26,development,-0.0036734476552248,0.0015095893421084633,-0.0061419894437670704,-0.0027686159189611362
2005-04-27,development,-0.0004952881152391434,0.0007457677724123001,-0.00036047879168987274,-0.00003666637817223869
2005-04-28,development,0.0005468940873801708,0.0025545669341027737,0.005953336714309454,0.0030182659119307995
2005-04-29,development,0.007854660296559334,0.01170276407778263,0.0061629887842774385,0.008573471052873134
2005-05-02,development,0.005120898662173748,0.0036695681050658226,0.004151317934381961,0.004313928233873844
2005-05-03,development,0.004088680018275976,0.00019876537525057792,0.0011231112637033463,0.0018035188857433002
2005-05-04,development,0.008468481910806893,0.009776254551917314,0.01003775616710186,0.009427497543275355
2005-05-05,development,0.0031256389928400515,0.0020763377968132496,0.00044113008782863616,0.0018810356258273124
2005-05-06,development,0.0031585693958222864,0.0020880895701587197,0.004943868590521813,0.003396842518834273
2005-05-09,development,-0.003961733403140306,-0.0031029673386633394,-0.0008420356543779372,-0.0026355787987271946
2005-05-10,development,-0.003715147209412431,-0.002807532650375366,-0.0012590692373752592,-0.002593916365721019
2005-05-11,development,-0.0007440529513359069,0.0005530962986469268,0.0022944357065200803,0.0007011596846103668
2005-05-12,development,-0.004998811205601692,-0.005753173685991764,-0.010219154660844802,-0.006990379850812752
2005-05-13,development,0.0019237424765825271,0.001811035513484478,0.0035130381544589994,0.0024159387148420014
2005-05-16,development,0.00005661905415058136,0.004007695807707309,-0.0018862644523143768,0.0007260168031811713
2005-05-17,development,-0.00036756070466041564,0.003564341071934944,0.0059750620981216425,0.0030572808217987236
2005-05-18,development,0.0011476663870573043,0.0009905965867996215,-0.002840572097969055,-0.00023410304137070977
2005-05-19,development,-0.004566854794549942,-0.0001785494446158409,-0.0033522018048763274,-0.0026992020146807036
2005-05-20,development,0.0017215476752996445,0.0011515515324950218,0.0032759222470283506,0.002049673818274339
2005-05-23,development,0.003672518905854225,0.005989336634889245,0.004481158977723121,0.004714338172822197
2005-05-24,development,0.002837447679066658,0.007033928026935458,0.003003542742330885,0.0042916394827776675
2005-05-25,development,-0.00035200926728248594,-0.0014370269500911235,-0.0010335276658177375,-0.000940854627730449
2005-05-26,development,0.0018257822325468062,0.0027378043374836443,-0.0005089950753331184,0.0013515304982324441
2005-05-27,development,0.0012977079704999924,0.0039411318552225825,-0.0026914217446029187,0.0008491393603732187
2005-05-31,development,0.001630034796500206,0.003808330977028608,-0.0033557779456973072,0.0006941959426105022
2005-06-01,development,0.0032169345323501677,0.004687056097999215,0.004621036959069967,0.004175009196473117
2005-06-02,development,0.001590913889530301,0.0001282217154353857,0.0032506066053450107,0.0016565807367702322
2005-06-03,development,0.006791792319729924,0.004992778797659278,0.006604804350858927,0.0061297918227493755
2005-06-06,development,-0.0016917496907114982,-0.004419402570831775,-0.002452075658679008,-0.0028544093067407604
2005-06-07,development,0.0037750637789934873,-0.007347597444433782,0.008352018235963583,0.0015931615235077626
2005-06-08,development,-0.006538012453299761,-0.003042050777798891,-0.004729311033213139,-0.004769791421437263
2005-06-09,development,0.0026244809882760047,-0.0032450053887724873,-0.0007267415674448013,-0.00044908865598042796
2005-06-10,development,0.0014891873746126888,0.004739124007830024,-0.001597630107074976,0.001543560425122579
2005-06-13,development,-0.0018872835185587405,0.001440596959966421,0.00044209742168188095,-1.529712303479515e-6
2005-06-14,development,0.00015420276173651218,-0.0003713708770960569,-0.0022050824478190936,-0.0008074168543928794
2005-06-15,development,-0.0046628387820810075,0.003498676072362065,0.003113481262078881,0.0006497728507866463
2005-06-16,development,-0.000033834988290071485,0.007020498533433676,0.00459555355271697,0.0038607390326201915
2005-06-17,development,0.004719744192835688,0.006455908767613768,0.006614155459758639,0.005929936140069365
2005-06-20,development,0.009892719679781795,0.0028799778733104467,-0.003923051310279965,0.0029498820809374256
2005-06-21,development,-0.003476158261908835,-0.0017848660741984843,-0.0004161122729003429,-0.0018923788696692207
2005-06-22,development,0.003447144651085138,0.0034975196083486077,0.0028538010617911815,0.003266155107074976
2005-06-23,development,0.00015681875528097153,-0.00011177935706377029,0.0004638136713147163,0.0001696176898439725
2005-06-24,development,0.003851478458034992,0.00757024105759859,0.005097447527754306,0.005506389014462629
2005-06-27,development,0.0062363983192145825,0.0036315832596123215,0.002108762842041254,0.0039922481402893855
2005-06-28,development,0.0024856553558140993,0.00010357622470592032,0.00010589545517861843,0.0008983756785662126
2005-06-29,development,0.0010154804933995008,0.00043395551134347914,-0.0002940160996764898,0.0003851399683554967
2005-06-30,development,-0.0005001415334016084,0.004154962940585613,0.0015696626332432032,0.0017414946801424024
2005-07-01,development,0.0010167766393125058,-0.002956446037149429,-0.0062695607799947255,-0.0027364100592772163
2005-07-05,development,0.0010889181263118981,0.002754006507384777,0.00047799461452662943,0.0014403064160744348
2005-07-06,development,-0.010684618539327383,-0.008056619464278221,-0.01288799546441013,-0.01054307782267191
2005-07-07,development,0.0007091966035485267,0.003886933723402023,-0.0005554939175367355,0.0013468788031379382
2005-07-08,development,-0.0018281155591338871,-0.001703423356592655,-0.0006373335711836814,-0.0013896241623034078
2005-07-11,development,-0.003658057839182019,-0.0021752161855101582,0.00011526773294210434,-0.0019060020972500244
2005-07-12,development,-0.0018185252527450472,-0.0022769480243206024,-0.004719813038313389,-0.0029384287717930126
2005-07-13,development,0.001527277163016796,0.0002072530995965004,0.005281299154019355,0.002338609805544217
2005-07-14,development,0.0024576730703651903,0.007443108498942852,0.0017923440435767173,0.003897708537628253
2005-07-15,development,-0.0015526643521428108,-0.002839279183936119,0.00028370635330677034,-0.0013694123942573867
2005-07-18,development,-0.0010445077488958835,-0.0020137022637128827,-0.002293597794663906,-0.0017839359357575575
2005-07-19,development,-0.0019630674094855785,-0.00024572133986179833,0.0017208509244322776,-0.00016264594163836643
2005-07-20,development,-0.003077030188179016,-0.003931673946475983,0.006165906357383728,-0.0002809325924237567
2005-07-21,development,0.0033670398233175275,-0.0033751037915229795,0.0014419835562705992,0.00047797319602171576
2005-07-22,development,0.004122785623562336,0.003066786806797981,0.008196647957444191,0.00512874012926817
2005-07-25,development,-0.000923134269452095,-0.0006452253180980682,0.0017096774566173552,0.000047105956355730696
2005-07-26,development,0.0020876014494538306,-0.0017329545214414595,0.005302750017874721,0.001885798981962364
2005-07-27,development,0.0010722034785807131,0.001471091678416729,0.003383450025746226,0.001975581727581223
2005-07-28,development,0.012726822351747751,0.006955805132758617,0.004919579690679908,0.008200735725062093
2005-07-29,development,0.001970420953172445,0.0032460396356225013,0.00075713638907969,0.001991198992624879
2005-08-01,development,-0.0021753101807177066,0.0035085428598999975,0.003289270143714547,0.001540834274298946
2005-08-02,development,0.0027791762919983504,0.0028913073188781735,0.00548912457575798,0.003719869395544835
2005-08-03,development,0.009585249679017067,0.004379154725933075,0.0071909709829092025,0.007051791795953115
2005-08-04,development,0.0021065352081179618,0.00556171239311695,0.0018174429149925707,0.0031618968387424943
2005-08-05,development,0.005647898145151138,0.005130857279109955,0.0021554090018868445,0.004311388142049313
2005-08-08,development,0.0023281310021102427,0.005254460710823535,-0.0034220177626699206,0.001386857983421286
2005-08-09,development,-0.0017863534989774226,-0.0011478935028462183,-0.0008987903688222169,-0.0012776791235486193
2005-08-10,development,0.0013063184526383876,0.0011014953315407038,-0.0020010964344233276,0.00013557244991858796
2005-08-11,development,-0.0021612508914887903,-0.0016964971734791993,-0.0003918402469784021,-0.001416529437315464
2005-08-12,development,0.003959864546102285,0.0041109806972771884,0.0021773094115883113,0.0034160515516559286
2005-08-15,development,0.001290977393323183,-0.0009513092030316591,0.0008367942097753286,0.00039215413335561754
2005-08-16,development,0.0005758897025287151,0.0020421593771249055,-0.0004502777886067153,0.0007225904303489685
2005-08-17,development,0.00467914895825386,0.005371623243713378,0.008801237871599197,0.006284003357855479
2005-08-18,development,-0.0009634861335873603,-0.0002760471398770809,0.000899374531841278,-0.00011338624720772106
2005-08-19,development,-0.006033176771527529,-0.004289666124865412,-0.0073031874339580536,-0.005875343443450331
2005-08-22,development,-0.004152500106692314,-0.004692357411146163,-0.00672437356622219,-0.005189743694686889
2005-08-23,development,-0.0006620790770448446,0.006790790789714455,-0.0008523315864801406,0.0017587933753964897
2005-08-24,development,0.0055362912130117415,0.00590331216995418,0.0013387021910905837,0.004259435191352168
2005-08-25,development,0.0028471660662174225,-0.0006084634323060513,-0.00012289413986206054,0.0007052694980164369
2005-08-26,development,0.002156950535750389,0.0010674988356620073,0.005174028427815437,0.0027994925997426117
2005-08-29,development,0.0027361343571186063,0.00035780459140241145,0.0017377477918624877,0.0016105622467945018
2005-08-30,development,-0.00382549096763134,-0.006499339932201706,-0.002776134592938423,-0.00436698849759049
2005-08-31,development,0.003740825562572479,0.00372567203669548,-0.004395525290822983,0.0010236574361483254
2005-09-01,development,-0.006585744946432113,-0.001979633790254593,-0.003773998473358154,-0.00411312573668162
2005-09-02,development,0.0036764782518625256,0.0008590478961467742,0.003728549548125267,0.002754691898711522
2005-09-06,development,0.008460175200748443,0.011230305551242829,-0.0006271933201313018,0.006354429143953323
2005-09-07,development,0.011188865136051178,0.010001908213090896,0.009521835585884987,0.010237536311675687
2005-09-08,development,0.0011763978995084762,-0.0021084303946495055,-0.0006749748947620392,-0.0005356691299676894
2005-09-09,development,0.0013959697212696076,0.0045666097323894496,-0.0023476432297229767,0.001204978741312027
2005-09-12,development,0.0008717270793199539,0.00027390388927459714,0.004410860857868194,0.0018521639421542483
2005-09-13,development,-0.004473340718146026,-0.005291511348485946,-0.003335958264541626,-0.004366936777057866
2005-09-14,development,-0.0017004724591255188,-0.007309795924377441,-0.008430324338960647,-0.0058135309074878695
2005-09-15,development,0.006037561658096313,0.004873253332233428,0.0012270324770450591,0.0040459491557916
2005-09-16,development,0.004193259231185913,0.002023076355886459,0.0066218397358894345,0.004279391774320602
2005-09-19,development,-0.0065652328281402585,-0.0034376895825386044,-0.012557561065530777,-0.0075201611587365465
2005-09-20,development,-0.00005435387125015258,0.0008232251348629477,-0.003781523310422897,-0.0010042173489367007
2005-09-21,development,-0.0034475238424301145,0.0026587952649116515,-0.005375270129156113,-0.0020546662355581916
2005-09-22,development,0.007217633660602569,0.007098592927169799,0.008745938813400269,0.007687388467057546
2005-09-23,development,0.00677213539276123,0.006332679039764404,0.01338180456085205,0.00882887299779256
2005-09-26,development,0.0044281728125572205,0.00033205547142028805,-0.0006176869901180267,0.0013808470979531605
2005-09-27,development,0.00013653336582183836,-0.002385221282482147,-0.003906179293290472,-0.0020516224033169266
2005-09-28,development,-0.004319188771820068,-0.006500388674354553,-0.00006401221070289611,-0.0036278632189591722
2005-09-29,development,-0.002132622229862213,-0.00660254048576355,-0.005622800322341919,-0.004785987679322561
2005-09-30,development,0.005551055785655975,0.0026468771311759947,0.006341558001184463,0.004846496972672144
2005-10-03,development,-0.0006555035723686218,0.000716147932434082,-0.002365542470407486,-0.0007682993701140086
2005-10-04,development,0.0005958346142253154,0.0001638706088066101,0.00043751150794029233,0.00039907224365740593
2005-10-05,development,0.005054022252464294,0.007996402739429474,0.0038657344168186187,0.005638719802904129
2005-10-06,development,0.0008260401906013488,0.00346805603761673,0.0011410583246707915,0.0018117181842962902
2005-10-07,development,-0.006844368668794632,-0.0010462051553726196,-0.0008327371444225311,-0.002907770322863261
2005-10-10,development,0.0020987998832702635,0.006025508233642578,0.007746771862030029,0.005290359992980957
2005-10-11,development,0.001700395829820633,-0.002959482658634067,0.006287105407094955,0.001676006192760507
2005-10-12,development,0.002359804136610031,0.0032945320605278013,0.005428620179128646,0.0036943187920888258
2005-10-13,development,0.0010050692038059235,0.0008747659521102905,0.0004526267208576202,0.0007774872922579447
2005-10-14,development,-0.003342722886991501,0.003619154178714752,0.0034576333687305447,0.0012446882201512654
2005-10-17,development,-0.002569131431865692,-0.0007849671221256256,0.0023817678224086762,-0.00032411024386088056
2005-10-18,development,0.0011380265643596648,0.00007204775824546813,-0.0015895852956186063,-0.0001265036576711578
2005-10-19,development,-0.0001138515194416046,0.003921178666448593,-0.000030099553060531614,0.001259075864648819
2005-10-20,development,0.002188745553827286,0.0018950017393112183,-0.0015766735297203063,0.0008356912544727327
2005-10-21,development,0.003595420076751709,0.003946226641178131,0.004558912745475769,0.004033519821135203
2005-10-24,development,0.0006965085452079773,0.008937247309732436,0.007108409337186813,0.005580721730709076
2005-10-25,development,0.0014655012241947412,-0.0069948877471446985,-0.0037348740516185757,-0.003088086858189511
2005-10-26,development,-0.00048369505567550655,-0.004365224367141723,-0.008134370214653014,-0.004327763212490082
2005-10-27,development,-0.0038793295621871947,0.00003288263111114502,-0.0021031800409317017,-0.0019832089906692504
2005-10-28,development,0.00009013522624969482,-0.0020270692251205444,0.0036644698304176327,0.000575845277182261
2005-10-31,development,0.0016982306001663207,0.003295913935804367,0.005045558949232101,0.0033465678284009294
2005-11-01,development,-0.006088569049263,-0.008653181775119482,-0.007239638894033432,-0.007327129906138638
2005-11-02,development,0.005040981822109222,0.00414145697927475,0.002246971144199371,0.0038098033151944474
2005-11-03,development,0.010345441032314301,0.015219764703655242,0.00034494894871711727,0.008636718228228887
2005-11-04,development,-0.0037811516112327575,-0.0019362387473821638,0.0014460117692947387,-0.0014237928631067275
2005-11-07,development,-0.0003555959144592285,-0.002442775508356094,0.0004237486840724945,-0.000791540912914276
2005-11-08,development,-0.0008270368259429931,0.0013850034875154496,0.0032449787522993564,0.0012676484712906043
2005-11-09,development,-0.0012936953246116638,0.0012879786006212235,-0.004035682853412628,-0.0013471331924676897
2005-11-10,development,0.0006717421865463256,0.0013298028805732727,-0.0012401599298477173,0.00025379504575729364
2005-11-11,development,-0.004054463356494903,-0.005745615094852447,-0.0018453847873210905,-0.003881821079556147
2005-11-14,development,0.001991689881324768,0.0039585033616065975,0.005157950309371948,0.003702714517434438
2005-11-15,development,0.008784110919787931,0.00534924630920887,0.004046049949550629,0.0060598023928491425
2005-11-16,development,0.00457354862332344,0.0015322289986133574,0.0050431534320831296,0.0037163103513399754
2005-11-17,development,0.00037918189945220946,-0.00021779318370819092,-0.00013736313648223875,8.008526420593264e-6
2005-11-18,development,-0.003652903439712524,-0.002763150802063942,-0.0050550695695877074,-0.0038237079371213913
2005-11-21,development,0.002134053071832657,0.003712484840226173,0.009286879981660843,0.005044472631239891
2005-11-22,development,0.0031742722548961638,0.000835086598316289,0.0011020228130340576,0.0017037938887488368
2005-11-23,development,-0.0009899756332397462,0.003694738912296295,-0.0007479932139873505,0.0006522566883563995
2005-11-25,development,0.0005166286496639252,0.00184426793384552,0.002043213931274414,0.0014680368382612864
2005-11-28,development,-0.0012215431881904602,0.0014781045845031738,-0.0004294280126571655,-0.00005762220544815066
2005-11-29,development,0.0008175164304256439,0.006635499051570892,0.003429806093032408,0.0036276071916763147
2005-11-30,development,0.002327680044412613,0.0029809679246902464,-0.0010030779468536376,0.0014351900074164071
2005-12-01,development,0.0045097666161060335,0.0031887472752571105,0.002069015658760071,0.003255843183374405
2005-12-02,development,0.0036499699397087096,0.0020917426016807557,0.006583331914138794,0.004108348151842753
2005-12-05,development,-0.0010147560345649719,0.0030019612175941467,0.0002879063841819763,0.000758370522403717
2005-12-06,development,0.0030937661230062722,0.0017829991186141968,0.003653301105880737,0.0028433554491670687
2005-12-07,development,-0.0018790660559654235,0.00008353765115737915,0.0020977027205467224,0.00010072477191289272
2005-12-08,development,0.004950624374008178,0.005034255204772949,0.005663087671947479,0.005215989083576202
2005-12-09,development,0.003105911871385574,-0.00037954362030029294,0.0010032292079925537,0.001243199153025945
2005-12-12,development,0.0018439902191638945,0.00018407189025878906,0.0028309649869918824,0.0016196756988048552
2005-12-13,development,0.002195874123048782,0.006538351984611749,0.0013078583517074584,0.0033473614864559967
2005-12-14,development,0.007966025684452057,0.0018099698909759521,0.00248181654253006,0.00408593737265269
2005-12-15,development,0.0040144927872657775,0.003872115482330322,0.0014323400053024291,0.003106316091632843
2005-12-16,development,-0.0008024020146846771,-0.001066740883541107,0.00164345172624588,-0.00007523039065996805
2005-12-19,development,-0.00048554357476234434,0.007299120876121521,0.00016325936975479126,0.0023256122237046563
2005-12-20,development,0.004310458657169342,0.007064084465122223,0.007808854607932424,0.006394465910074663
2005-12-21,development,-0.003524122039794922,-0.0032607361585617065,0.00016505440006256102,-0.0022066012660980224
2005-12-22,development,0.0026419355540752408,0.009376813854980468,0.004259708714294434,0.005426152707783381
2005-12-23,development,-0.0002959123780250549,0.0025375239577293393,0.000367370569896698,0.0008696607165336608
2005-12-27,development,0.0006199648293018341,-0.00020577551021575926,-0.001848121069908142,-0.00047797725027402235
2005-12-28,development,0.0019920100229118584,0.003559699120235443,0.007192239181804657,0.004247982774983987
2005-12-29,development,-0.00026652655849456787,0.0002849512916564941,0.0012419122057914732,0.0004201123129844665
2005-12-30,development,-0.00009588131470680236,0.001191354311466217,-0.00041649605140686035,0.00022632564845085138
2006-01-03,development,-0.0016272925816535949,0.0036529897259712217,0.0018942462231636046,0.0013066477891604106
2006-01-04,development,-0.004200614111042023,0.0022268755560343493,-0.0028758963653564454,-0.001616544973454706
2006-01-05,development,0.006039941411352157,0.013157590152263641,0.010257011791992187,0.009818181118535996
2006-01-06,development,0.005137180588722229,0.006031663523483276,0.004328341450786591,0.0051657285209973655
2006-01-09,development,0.006748178119468689,0.0006258297859668731,-0.00015854901294708252,0.0024051529641628266
2006-01-10,development,0.0007810940550804138,-0.0006116983147144317,-0.00031935031455311764,-0.000049984858062378516
2006-01-11,development,-0.002778901431751251,0.003783698588991165,-0.00252021704082489,-0.0005051399611949919
2006-01-12,development,-0.001004769472503662,-0.002568917487335205,0.007262758866405487,0.0012296906355222066
2006-01-13,development,0.0009633787603378296,0.005087707518625259,0.005468273480796814,0.0038397865865866347
2006-01-17,development,0.005608153621482849,-0.0006968584367752074,0.009130240235424041,0.00468051180671056
2006-01-18,development,0.0015192277582115885,-0.0032928406212329865,0.0033489175058364867,0.0005251015476050296
2006-01-19,development,-0.0025942488597869872,-0.0033556773585796357,0.0020937044110298157,-0.001285407269112269
2006-01-20,development,-0.006647252543830871,-0.00893197251124382,-0.006134519326210021,-0.007237914793761571
2006-01-23,development,0.0016044192854881285,0.007358369650268554,0.0016988152373313902,0.0035538680576960246
2006-01-24,development,-0.0005253267524719238,-0.001274178499852681,-0.0004006208169937134,-0.0007333753564394394
2006-01-25,development,-0.0011769198457717894,-0.001284577813243866,-0.0025814651147842405,-0.001680987591266632
2006-01-26,development,0.009502336752986907,0.016229534888076783,0.012651344471168518,0.01279440537074407
2006-01-27,development,0.0029978832013130186,-0.006766252007102966,0.00910749977607727,0.0017797103234291074
2006-01-30,development,0.0010371072215080261,-0.0001865458086967468,0.0026788280233383177,0.001176463145383199
2006-01-31,development,-0.001043641544818878,-0.001005901284790039,-0.0053665829980237955,-0.0024720419425442374
2006-02-01,development,0.0070088112359046936,0.005952016341018677,-0.001009240772151947,0.003983862268257141
2006-02-02,development,-0.006717965207862854,-0.007940085757160186,-0.004934017483901977,-0.0065306894829750065
2006-02-03,development,0.005940950815296173,0.0034127288979530334,-0.00017384083127975464,0.0030599462939898173
2006-02-06,development,0.0014871427062034606,-0.00010993542327880859,-0.0015416535371780395,-0.000054815418084462466
2006-02-07,development,0.003697315063655304,0.0004793247773170471,0.0021836449913978577,0.002120094944123403
2006-02-08,development,0.0053152445573329925,0.004660122108745575,0.005121393148612976,0.005032253271563848
2006-02-09,development,-0.004364307116889953,-0.006083663551807403,-0.004831929882287979,-0.005093300183661779
2006-02-10,development,0.0027063137110233306,0.006534982818603516,0.007491250468683242,0.0055775156661033625
2006-02-13,development,-0.0043414774887561795,-0.003959276221656799,-0.004183459741640091,-0.00416140448401769
2006-02-14,development,0.004424739365243912,0.0018321428074079041,0.003975361561250687,0.0034107479113008343
2006-02-15,development,-0.0020100868610858917,-0.002956999433326721,0.003983773566913605,-0.00032777090916633576
2006-02-16,development,0.006077498719596863,0.012702994498443603,0.007968446843338013,0.008916313353792825
2006-02-17,development,-0.0026001805210590363,0.005134500034046173,0.002075954442310333,0.0015367579850991565
2006-02-21,development,0.0013189455552577972,0.001449062052631378,-0.00403316705751419,-0.00042171981654167177
2006-02-22,development,-0.0030014026601314545,-0.0028740196212768553,-0.0006723951513768668,-0.0021826058109283924
2006-02-23,development,0.003643126537466049,0.0017746330235481262,0.0072063304096221924,0.004208029990212123
2006-02-24,development,0.001922127259349823,-0.0010385113496780396,-0.00014037679777145385,0.0002477463706334432
2006-02-27,development,0.001997221627998352,0.0030817640855789184,0.002639638468170166,0.0025728747272491456
2006-02-28,development,0.001853719436219787,-0.007204080840206146,0.003036633974456787,-0.0007712424765098573
2006-03-01,development,0.0023390202004432677,0.0026263054209709168,0.0016810637301445006,0.002215463117186228
2006-03-02,development,-0.005101794941854477,-0.006596759353065491,-0.0040697305478096,-0.005256094947576523
2006-03-03,development,-0.005784817874574661,-0.009587112272167206,-0.007263302888584137,-0.007545077678442001
2006-03-06,development,-0.006257288675880432,-0.009162301831054686,-0.0056890786688804625,-0.007036223058605194
2006-03-07,development,0.0017887300057888031,-0.0012963705717063065,-0.0012829904862403868,-0.00026354368405263006
2006-03-08,development,0.006760777925825119,0.0071907372579813,0.011047147486543655,0.008332887556783358
2006-03-09,development,-0.005394011301946639,-0.003134786286640167,-0.006542357296848297,-0.005023718295145034
2006-03-10,development,-0.001414254327392578,-0.0007576853832483291,0.00017875615935325622,-0.0006643945170958836
2006-03-13,development,-0.0031655755384922026,-0.006384340723752976,-0.004901545293188095,-0.004817153851811091
2006-03-14,development,-0.006036993460035324,-0.0021686354916334153,-0.0008959858594046352,-0.003033871603691125
2006-03-15,development,0.002987738304662704,0.005825917733860015,0.001535605599927902,0.00344975387948354
2006-03-16,development,0.0034330300550460815,0.009198425867033004,0.0048978462840557095,0.005843100735378266
2006-03-17,development,-0.00616442660446167,0.00013394931094646453,-0.0019489949142932892,-0.002659824069269498
2006-03-20,development,-0.009423275858592987,-0.002661306811547279,-0.004301457993197441,-0.005462013554445903
2006-03-21,development,0.0018159034765074852,-0.0037390897989988325,0.0004475048728942871,-0.0004918938165323534
2006-03-22,development,-0.003917664450931549,-0.006485195053625106,-0.0028316507857084274,-0.0044115034300883605
2006-03-23,development,0.0021741342492341996,0.005058605819916725,0.0038653726098537445,0.0036993708930015564
2006-03-24,development,0.007134677916502952,0.001754746576809883,0.005308568284344673,0.00473266425921917
2006-03-27,development,-0.003683539882516861,-0.0038276168380737305,-0.0036295649679899213,-0.0037135738961935044
2006-03-28,development,0.0033635076620817184,0.000560107683696055,0.004854576236510277,0.0029260638607626834
2006-03-29,development,0.001621485711145401,0.002751550144970417,0.0065643485320091245,0.003645794796041648
2006-03-30,development,0.0015580254405736923,-0.0012706052431583404,-0.0005540413601636886,-0.00008887372091611224
2006-03-31,development,-0.0036948011947631836,0.0016584482793927191,-0.004792820620059967,-0.00227639117847681
2006-04-03,development,-0.0008168330845117568,0.0019612108288884164,0.0029784025994062423,0.0013742601145943006
2006-04-04,development,-0.0010295482422113418,-0.0015717637947082518,0.00008210523501260867,-0.0008397356006356616
2006-04-05,development,-0.005075375702762603,-0.005345733888494968,-0.008268472178924083,-0.006229860590060552
2006-04-06,development,-0.00045055105979442596,-0.005092879176664352,-0.0002957668522834778,-0.0019463990295807518
2006-04-07,development,-0.0012997902985811233,-0.005002055184447765,-0.0015051806935191155,-0.002602342058849335
2006-04-10,development,0.00165188348903656,-0.001678163348722458,0.0005878235336780548,0.00018718122466405228
2006-04-11,development,-0.007842540454939971,-0.004995559895050525,-0.0070635026337265965,-0.00663386766123903
2006-04-12,development,0.009463274276494979,0.01236885634613037,0.010364579779744148,0.010732236800789831
2006-04-13,development,-0.008899699966192245,-0.006292810339260101,-0.008262793941545487,-0.007818434748999277
2006-04-17,development,0.0005322225892066955,-0.0036657672982931136,0.00008569266242980957,-0.0010159506822188696
2006-04-18,development,-0.0034299132424116135,-0.0020668099435687064,-0.00282795764747858,-0.002774893611152967
2006-04-19,development,0.005195355919027329,0.0008128842483632623,0.002070021155285835,0.002692753774225476
2006-04-20,development,0.004176549825668335,0.00114058219165802,0.0022224480088710785,0.0025131933420658114
2006-04-21,development,0.0004588319375276565,-0.0014429478219270707,0.00890590146356821,0.0026405951930562658
2006-04-24,development,0.0032995248996257782,-0.0014804469208240508,0.0001163961774110794,0.0006451580520709356
2006-04-25,development,-0.004687529608440399,-0.008362841334533692,-0.006125728634745884,-0.0063920331925733246
2006-04-26,development,-0.005256034846949577,-0.0046716014879465105,-0.005624635188055038,-0.0051840905076503754
2006-04-27,development,0.0012866840181350707,0.0033364186895370484,0.00044226384358406066,0.0016884555170853931
2006-04-28,development,-0.0034802860038280485,-0.0023774684188365936,0.004712188060998917,-0.0003818554538885753
2006-05-01,development,-0.004720731862974167,-0.000541000784254074,-0.002618147319984436,-0.0026266266557375593
2006-05-02,development,-0.007840800337259732,-0.0010707840350151062,-0.00522896380867958,-0.004713516060318139
2006-05-03,development,-0.0057370946787834165,-0.004389732694077491,-0.015241717229318618,-0.008456181534059842
2006-05-04,development,0.004940346154880523,-0.0030879382697105405,-0.006174925558710098,-0.0014408392245133716
2006-05-05,development,0.004081942500400543,0.0025016728395938874,0.0019478016790390013,0.0028438056730111442
2006-05-08,development,-0.0007117268012046814,-0.0007626930560112,0.0014594826571941374,-4.979066673914661e-6
2006-05-09,development,-0.00010695530824661254,-0.002726163629833305,-0.0016314243560314177,-0.001488181098037112
2006-05-10,development,-0.002108057427597046,-0.005690645132637024,-0.0022071289307594296,-0.0033352771636644997
2006-05-11,development,-0.0013335597864151001,-0.0029270037859916685,-0.0005474659530639648,-0.0016026765084902446
2006-05-12,development,0.0033671897853851315,0.001053348599910736,0.004811913082551956,0.0030774838226159413
2006-05-15,development,0.0013613625933647155,0.005524273188400268,0.0055027230638027185,0.004129452948522567
2006-05-16,development,0.0006630708906173705,0.0010949394124031067,-0.00007343166872359807,0.0005615262114322931
2006-05-17,development,-0.001201808539199829,0.0037071698533058164,-0.0013086674309670924,0.0003988979610462982
2006-05-18,development,0.0033534751238822936,0.0013563032519340514,0.001756497597259283,0.0021554253243585425
2006-05-19,development,0.0017744229444503783,-0.0017203535648345947,-0.00006152656365036964,-2.4857280115286843e-6
2006-05-22,development,0.0008951755528450012,0.003765493757534027,0.0018421682111918925,0.002167612507190307
2006-05-23,development,0.004778709779261971,0.0008954038638114928,-0.0012677559752106665,0.0014687858892875993
2006-05-24,development,-0.0030525723687410355,-0.0034715410557746886,-0.0022630887090682983,-0.0029290673778613412
2006-05-25,development,0.004328899684667587,0.000640090975189209,0.003720706913000345,0.0028965658576190468
2006-05-26,development,-0.003643197500658035,-0.0027222914163589477,-0.003701451736706495,-0.0033556468845744925
2006-05-30,development,-0.0017126307678461074,0.003604540978240967,-0.000707955956608057,0.0003946514179289341
2006-05-31,development,0.0037409946010589596,0.0008406691778739928,0.00344481984988451,0.002675494542939154
2006-06-01,development,0.004622304155230522,0.0011835819600105285,0.0013160927675962449,0.0023739929609457654
2006-06-02,development,0.003777825845813751,0.0026360122651100156,0.0006270576565563678,0.0023469652558267113
2006-06-05,development,-0.0021662155505418777,0.0025527532828330994,-0.00036195241630673406,8.195105328162564e-6
2006-06-06,development,-0.0020596761395931243,0.000032964235401153565,-0.0022554565973369207,-0.0014273895005096303
2006-06-07,development,-0.0029204318862199783,0.0010001074506759643,0.0022805044378280638,0.00012006000076134993
2006-06-08,development,-0.0010390200036525727,-0.0003254502752304077,-0.0006141320725440979,-0.0006595341171423594
2006-06-09,development,0.001372902183151245,0.0029195050555229185,0.00176707373046875,0.0020198269897143046
2006-06-12,development,-0.008876573987054824,-0.00495457727394104,-0.002751721297931671,-0.005527624186309178
2006-06-13,development,0.003290363691086089,0.0049384927523612974,0.007462666616344452,0.005230507686597279
2006-06-14,development,0.008358329828476906,0.006549888570594787,0.005869673411083221,0.006925963936718305
2006-06-15,development,0.007231245788216591,0.000032540003013610835,0.001277309391784668,0.002847031727671623
2006-06-16,development,-0.004290653941035271,-0.0028065920192718503,-0.0035943047945976255,-0.003563850251634916
2006-06-19,development,-0.004897402340769768,-0.003540971794128418,-0.003692431427192688,-0.004043601854030291
2006-06-20,development,-0.0070171938916206355,-0.005645416833188152,-0.006852205924892425,-0.006504938883233738
2006-06-21,development,0.0011587601541042326,-0.0016519395229816435,0.002713994651508331,0.0007402717608769735
2006-06-22,development,-0.0007503488772153854,-0.0008196275079727172,-0.0007817585704803467,-0.000783911651889483
2006-06-23,development,-0.0015332920068979264,-0.0041184346452713015,-0.0013816856497764587,-0.0023444707673152287
2006-06-26,development,-0.002107204584121704,0.002272216889953613,-0.0030680110834121702,-0.0009676662591934204
2006-06-27,development,-0.000356507746720314,-0.0004172256813049316,-0.0026958095838952663,-0.0011565143373068372
2006-06-28,development,-0.0030449423711299893,-0.0002958940076828003,0.0018904661500930785,-0.00048345674290657035
2006-06-29,development,0.004694910781145096,0.0017337425320148468,0.0007786551987886428,0.0024024361706495283
2006-06-30,development,0.010225843962287902,0.004358047222566604,0.0016757470613002776,0.005419879415384928
2006-07-03,development,0.0006879473383665085,0.0036236751249313355,-0.0014351989850521086,0.0009588078260819116
2006-07-05,development,-0.0037494559006853697,0.006277656968164444,0.0021979990187883376,0.0015754000287558037
2006-07-06,development,0.00026348410336971283,0.0034332107303142547,0.0029519615025520324,0.0022162187787453332
2006-07-07,development,0.005271511507916451,0.0017852848831176756,0.007009544605374336,0.0046887803321361545
2006-07-10,development,0.0018332487817525863,0.00045557564949989316,-0.0003314208500623703,0.000652467860396703
2006-07-11,development,0.002212849853563309,0.006580242837671828,0.0017324256819725035,0.0035085061244025466
2006-07-12,development,-0.003062330953121185,-0.00425999326133728,-0.001065957699561119,-0.002796093971339861
2006-07-13,development,0.0004096705641031265,0.005797897149634361,0.002096573538470268,0.002768047084069252
2006-07-14,development,-0.004122298014736176,-0.005352398738670349,-0.001998540535211563,-0.003824412429539363
2006-07-17,development,-0.0006498540938138962,0.0023675036984205245,-0.0007887517667293548,0.00030963261262575786
2006-07-18,development,-0.00042908001799583435,-0.001878425796842575,-0.0024118695776328323,-0.0015731251308237469
2006-07-19,development,0.0013552134949207306,0.004322270611810684,0.006871151847720146,0.004182878651483853
2006-07-20,development,-0.000935223271870613,-0.0032025917605638505,-0.006417053524398804,-0.0035182895189444226
2006-07-21,development,-0.0034724713541984557,-0.00235277248544693,0.002079972278690338,-0.0012484238536516826
2006-07-24,development,-0.0027875286900281905,-0.0014735945708990097,-0.0019095428228497503,-0.002056888694592317
2006-07-25,development,0.01060964242111649,0.004692216481304168,0.005319917512536049,0.006873925471652235
2006-07-26,development,-0.0007019772174239158,0.0009605099703311919,-0.002172408161365986,-0.0006379584694862366
2006-07-27,development,0.0038824271201491354,0.0014224569764614105,0.00529265823918581,0.0035325141119321186
2006-07-28,development,0.003435426219022274,0.008261474625110626,0.010756933356010913,0.007484611400047938
2006-07-31,development,0.004416201938450336,0.0011152793046474456,0.0020374755318522454,0.002522985591650009
2006-08-01,development,0.000039880485546588895,0.0012602270482187988,-0.001977085602867603,-0.00022565935636740508
2006-08-02,development,0.0035575466209650038,-0.0011878430478096007,0.0011969108585596084,0.0011888714772383372
2006-08-03,development,-0.0016808344044446945,0.0016360187350273133,0.0037950867687940597,0.0012500903664588927
2006-08-04,development,0.00009875681390762329,0.001184602656173706,0.0024865481317043305,0.0012566358672618865
2006-08-07,development,-0.005722812265324592,-0.003988344413566589,-0.004330056228280067,-0.0046804043023904165
2006-08-08,development,-0.0028195378138184545,-0.003138716782951355,0.00029996845693448267,-0.001886095379945109
2006-08-09,development,0.002801152538907528,0.003644163092803955,0.01139305418806076,0.005946123273257414
2006-08-10,development,-0.0007815257490873336,0.0003965313272476196,-0.004228145990657806,-0.0015377134708325065
2006-08-11,development,-0.01147019772785902,-0.0014648558066368102,-0.0001526009147644043,-0.004362551483086744
2006-08-14,development,0.001653128596627712,0.0032865086542129517,0.007365366432952881,0.004101667894597848
2006-08-15,development,0.0010077323552965215,0.0025988939928054807,0.00024951653270721436,0.0012853809602697388
2006-08-16,development,0.0054791260765075685,0.0010724325839996337,-0.0020078601749420164,0.0015145661618550619
2006-08-17,development,-0.0032258642993927,0.0036646854913711547,0.00012046467113494873,0.00018642862103780114
2006-08-18,development,0.00719821314754486,-0.0013001054533958434,0.00675102674627304,0.004216378146807352
2006-08-21,development,0.00033350401563644405,0.0006713382181167602,0.0032066822814941407,0.0014038415050824484
2006-08-22,development,-0.002431423522567749,-0.0022959964230627773,-0.004308623705673218,-0.0030120145504345815
2006-08-23,development,0.0029434320124626157,0.003231830132627487,0.004961964418506622,0.0037124088545322418
2006-08-24,development,-0.0001866896698951721,-0.003265891299533844,0.0018733422906875609,-0.0005264128929138184
2006-08-25,development,-0.0011257839884757995,0.0020852579258441926,-0.0008879151233673095,0.00002385293800036122
2006-08-28,development,-0.0007687761335372924,-0.0036263463968276978,0.00171745488615036,-0.0008925558814048768
2006-08-29,development,-0.003142485043144226,-0.0037575455018520353,-0.008403782359493614,-0.0051012709681632915
2006-08-30,development,-0.0022920289287567137,-0.0018172398637771605,-0.0019367011838197707,-0.002015323325451215
2006-08-31,development,-0.0015469840214729308,-0.0011252714746952056,0.0007203496949911118,-0.0006506352670590083
2006-09-01,development,-0.0011358583443641663,0.0005861151407241821,0.0003054437345981598,-0.00008143315634727481
2006-09-05,development,0.007078529777622223,0.0026697882256031037,0.00824929433836937,0.005999204113864899
2006-09-06,development,-0.00186390252672224,0.00010160417313575744,0.0009618043478012084,-0.00026683133526175806
2006-09-07,development,0.0005969230964660644,-0.002892689496278763,-0.0017338235995531081,-0.0013431966664552689
2006-09-08,development,-0.0017230214015007018,0.001883474091243744,0.004916042362213134,0.0016921650173187255
2006-09-11,development,-0.0022970686196327208,-0.0008823326511859893,-0.0010693844139337539,-0.0014162618949174882
2006-09-12,development,-0.0011093497190475463,-0.004903847211829712,0.00019342820663452147,-0.001939922908080912
2006-09-13,development,0.012607281528568267,0.011861333849024772,0.00962129009308815,0.011363301823560398
2006-09-14,development,-0.0010534416226387023,0.0006959133990526199,-0.003704449195575714,-0.001353992473053932
2006-09-15,development,0.00548346596288681,-0.005468550348687172,0.00410305343170166,0.001372656348633766
2006-09-18,development,0.006766552819919586,0.010835621507835388,0.0002970833340644836,0.005966419220606486
2006-09-19,development,0.0004082881785392761,0.00023446335189342498,-0.002272972204742813,-0.0005434068914367038
2006-09-20,development,0.00039857030878067014,-0.002140677508497238,-0.008548450203108788,-0.003430185800941785
2006-09-21,development,0.005491924812793731,0.006242830835652351,0.005431000041866302,0.005721918563437462
2006-09-22,development,-0.0000284032527923584,-0.0012887686278104781,0.0006566425746440887,-0.0002201764353195826
2006-09-25,development,0.002646731024646759,0.003050742979955673,-0.00006057404713630676,0.0018789666524887084
2006-09-26,development,-0.0014007378466794498,0.001930703271961212,0.006291391192626953,0.0022737855393029052
2006-09-27,development,0.0012187477766752242,0.001959431662631035,0.005441789091539383,0.002873322843615214
2006-09-28,development,0.0038615661550760265,-0.0010003707264661789,0.004708769781374931,0.0025233217366615926
2006-09-29,development,0.005961518493461608,0.0011709564932823181,0.00028098878602981565,0.0024711545909245807
2006-10-02,development,0.0032396950702667233,0.005178910700511932,0.0026885052725315094,0.0037023703477700553
2006-10-03,development,0.0006036740200996398,0.005532836961157536,0.0013198135256767272,0.002485441502311301
2006-10-04,development,0.00019904918489456176,0.004592002239942551,0.0034314055473089215,0.0027408189907153443
2006-10-05,development,0.00974659014146328,-0.002485231472611427,0.005175637132143974,0.004145665266998609
2006-10-06,development,-0.0003060543095588684,0.0008295901664257049,0.0022097123786926267,0.0009110827451864877
2006-10-09,development,0.0010691599140644074,0.0011402518607139588,0.0002588871975421905,0.0008227663241068523
2006-10-10,development,-0.001968113260388374,-0.0006878993601083755,-0.004974298004410242,-0.0025434368749689975
2006-10-11,development,0.008900942928171158,0.005058528934335708,0.009129505931282042,0.00769632593126297
2006-10-12,development,-0.001288148217010498,-0.0014020021828651428,-0.0010969110675811767,-0.0012623538224856058
2006-10-13,development,0.00614880153620243,-0.0010015443147420883,0.001771957775402069,0.002306404998954137
2006-10-16,development,0.0036543898999691006,-0.0020559390603542326,-0.004309085908699035,-0.0009035450230280557
2006-10-17,development,0.002537763356509817,-0.003295144161701202,0.0018122004311084746,0.00035160654197236317
2006-10-18,development,0.0007723168692588806,0.0025981111848592756,0.0009972130411624908,0.0014558803650935488
2006-10-19,development,-0.004029796886634827,-0.004356635021805763,-0.002005677893066406,-0.003464036600502332
2006-10-20,development,0.006254420174694061,0.008054553528380394,0.0041502195183277125,0.006153064407134055
2006-10-23,development,0.0026409862531661986,0.003314842340660095,0.00197786778049469,0.002644565458106995
2006-10-24,development,0.0041510319034576415,-0.001882371501766491,0.0001467251233577728,0.000805128508349641
2006-10-25,development,-0.008210043225955962,-0.010226181367468834,-0.009104425822114945,-0.009180216805179914
2006-10-26,development,-0.012016028177833557,-0.006019002487587928,0.000890596897649765,-0.005714811255923906
2006-10-27,development,0.0039937544013977045,0.0065177444378376,-0.0003417861012458801,0.0033899042459964745
2006-10-30,development,-0.004331064620780945,-0.0015406089894771575,-0.004996990508794785,-0.0036228880396842957
2006-10-31,development,0.0008101330941200256,0.0007612455067157745,-0.001105467080161333,0.0001553038402248223
2006-11-01,development,-0.0028436875079154967,-0.007116021973323822,-0.0010713345708847045,-0.0036770146840413415
2006-11-02,development,0.005701114368438721,0.0004362683299064636,-0.0035908694666862487,0.0008488377438863119
2006-11-03,development,-0.005348418410396576,0.00044992521798610687,0.0011451248458385467,-0.0012511227821906407
2006-11-06,development,-0.005972172336101532,0.005023599063801765,-0.0004610787353038788,-0.00046988400253454837
2006-11-07,development,0.005371472843718624,0.005349098453068733,0.0031071917157173157,0.004609254337501557
2006-11-08,development,-0.00654311513967514,-0.0013204380510568618,-0.0033315482437133786,-0.0037317004781484606
2006-11-09,development,-0.006264111653995513,-0.0023163479129076005,-0.004166678578472137,-0.004249046048458417
2006-11-10,development,-0.0030299631629943846,-0.005564432829165459,-0.0007351456812381744,-0.003109847224466006
2006-11-13,development,0.0012003253512382506,-0.00046296022491455074,-0.00001154883074760437,0.00024193876519203183
2006-11-14,development,0.005419089245796203,0.001361548157180191,-0.003913635489940643,0.0009556673043452502
2006-11-15,development,-0.00025043300590515136,-0.003265467768383026,-0.0021572740038871764,-0.0018910582593917845
2006-11-16,development,0.010394291594982147,0.005790455021095276,0.008405211033868789,0.00819665254998207
2006-11-17,development,-0.007971772678661346,-0.004013530280971527,-0.00927894214887619,-0.007088081702836355
2006-11-20,development,-0.0010934273038864135,0.0021889975524902344,-0.0023124608412742613,-0.0004056301975568135
2006-11-21,development,-0.00016473147411346435,-0.0007588077617645264,-0.005134917370827007,-0.002019485535568333
2006-11-22,development,-0.00219934403219223,0.0004920965915679932,-0.003724471807003021,-0.0018105730825424193
2006-11-24,development,-0.0012047165850639344,-0.0009247234674453734,-0.0008729917243957519,-0.0010008105923016866
2006-11-27,development,0.001370619613456726,0.005847172250080108,0.0034015820572853087,0.003539791306940714
2006-11-28,development,0.0045193328551653145,-0.00012673075942993165,0.0006276608964920044,0.0016734209974091291
2006-11-29,development,-0.00023146777143478393,-0.00020582234725952147,0.0038247431149482725,0.0011291509987513225
2006-11-30,development,-0.001897824605989456,0.00030671294231414794,-0.002110826568889618,-0.0012339794108549753
2006-12-01,development,0.0016963819271564482,0.0005863636261940002,0.001631264445209503,0.0013046699995199838
2006-12-04,development,0.006408192888689041,0.01166288410949707,0.006441599054098129,0.00817089201742808
2006-12-05,development,-0.0025442612901210786,-0.0015934707837965483,0.0007688563931465149,-0.0011229585602570375
2006-12-06,development,0.00029391052966117856,0.0010188446956157684,0.0006410426886558532,0.0006512659713109334
2006-12-07,development,0.00669116104888916,0.003069866253662109,0.0038438170383453367,0.004534948113632202
2006-12-08,development,0.00046684950318336485,0.004983629843378067,0.0014347767610549927,0.002295085369205475
2006-12-11,development,0.004042653438711167,0.003744334619235992,0.002517509741163254,0.003434832599703471
2006-12-12,development,0.000995966637134552,-0.0005984923719882965,-0.0032346394328536987,-0.0009457217225691478
2006-12-13,development,0.002286907438802719,0.0008565587463378906,0.0015529714278697967,0.0015654792043368019
2006-12-14,development,-0.0026621988363742825,-0.0037781274931430815,0.0021742288315773008,-0.0014220324993133545
2006-12-15,development,1.5180112361907959e-6,-0.0011107496163845062,0.0014834572685241698,0.00012474188779195146
2006-12-18,development,0.005041506880235672,0.004843982853078842,-0.000756247046661377,0.0030430808955510453
2006-12-19,development,-0.00023191476741976747,-0.0016967105880737305,0.0010483428212165833,-0.0002934275114256382
2006-12-20,development,0.000357923664855957,0.000899219347000122,0.0003266775855064392,0.0005279401991208395
2006-12-21,development,-0.0019846878956317903,-0.0008804221126079559,-0.0028810812539577482,-0.0019153970873991646
2006-12-22,development,0.003671717629766464,-0.0026981644129276273,0.007100111937093734,0.0026912217179775235
2006-12-26,development,0.0029300697065353393,-0.0007975486320018768,0.0010580594967842102,0.001063526857105891
2006-12-27,development,-0.0018523212721824646,0.0001704198456314567,0.0014380090189933777,-0.0000812974691858767
2006-12-28,development,0.0026368258944511414,0.0017440473120212555,0.0019419834837913512,0.002107618896754583
2006-12-29,development,0.0017665893790245056,0.0024488334712982176,0.0029477927481651304,0.0023877385328292845
2007-01-03,development,0.006430649228096008,0.0020785391511917114,0.0050573260346412656,0.004522171471309662
2007-01-04,development,-0.002631541382074356,0.0005413183413743972,0.0012021490523296953,-0.00029602466279008777
2007-01-05,development,-0.004038542128705978,-0.001147756410050392,-0.008228309670519829,-0.0044715360697587326
2007-01-08,development,0.004911894849491119,0.0043857763381958004,0.001360152855682373,0.003552608014456431
2007-01-09,development,-0.007321212372513228,0.0014405528246641157,-0.0031540196338415145,-0.0030115597272302092
2007-01-10,development,-0.0015639424900412559,0.0018281709130764006,-0.00007703914108276367,0.00006239642731746034
2007-01-11,development,0.005839958881378174,0.002922864490365982,0.0046717682243824004,0.004478197198708852
2007-01-12,development,-0.006520231278681754,-0.0006127247305870055,0.0007109232291221618,-0.0021406775933821994
2007-01-16,development,-0.001994646886777878,0.0016479733153820038,-0.0015060171400547028,-0.0006175635704835256
2007-01-17,development,0.00644914701833725,0.005336015201016688,-0.00041615564119815824,0.00378966885938526
2007-01-18,development,-0.0013037911627471446,0.0007445825800657271,0.0020308279230356217,0.000490539780118068
2007-01-19,development,0.0035952487086713314,0.004496393313121795,-0.0018715133720874784,0.0020733762165685496
2007-01-22,development,-0.0038870571374893187,-0.000011229691791534423,-0.0031655627579689023,-0.002354616529083252
2007-01-23,development,0.002645167852586508,0.0011856420736074448,0.0007173229842597269,0.0015160443034845598
2007-01-24,development,-0.000340657057672739,-0.002175387755084038,-0.0019931964058101177,-0.0015030804061889648
2007-01-25,development,-0.005849813914072514,0.002705578635716438,0.0015584964297890662,-0.0005285796161890031
2007-01-26,development,0.0005887335779249668,-0.004137342233753204,-0.002023314737588167,-0.0018573077978054683
2007-01-29,development,-0.0053727511475026605,-0.0016336442991018295,-0.0036450696391403673,-0.0035504883619149525
2007-01-30,development,0.0017669366746199127,0.014866349450588226,0.006779202735972404,0.007804162953726847
2007-01-31,development,-0.01598561597510576,-0.0065667534796237945,-0.01122666962250471,-0.011259679692411423
2007-02-01,development,0.007997525633323193,0.005944117477345467,0.008449695557653904,0.007463779556107521
2007-02-02,development,-0.001877049353659153,-0.0039783058320045465,-0.001364177667272091,-0.002406510950978597
2007-02-05,development,0.0023388867486715315,0.0026221674680709838,-0.002387526279759407,0.0008578426456610361
2007-02-06,development,-0.0015624969439864158,-0.0007591091671856403,-0.002753847676718235,-0.0016918179292967636
2007-02-07,development,0.0017010499352812765,0.006032381683635711,0.00489440761538744,0.004209279744768143
2007-02-08,development,-0.013674462165868281,0.007060920793056488,-0.011858290086185932,-0.006157277152999242
2007-02-09,development,-0.0031205491062045094,-0.0030511005968093872,-0.004018464578211307,-0.003396704760408401
2007-02-12,development,-0.0011900604661822319,-0.002022832915878296,-0.003974837090790271,-0.002395910157616933
2007-02-13,development,0.0034701102383494376,-0.0017313869027137756,-0.003318710642805576,-0.0005266624357233047
2007-02-14,development,0.0007151885314583778,-0.0017795665004730224,-0.0005090936332702637,-0.0005244905340949694
2007-02-15,development,0.00185719106811285,0.0031032288241386414,0.00215814126830101,0.002372853720184167
2007-02-16,development,-0.004124270198875665,-0.0030553502206802368,-0.0019344726250648497,-0.0030380310148735838
2007-02-20,development,-0.0038825382113873955,-0.0002544249031066894,0.001018560314321518,-0.0010394676000575222
2007-02-21,development,-0.0029132986088911323,-0.005158259149074554,-0.00010803970360755919,-0.0027265324871910816
2007-02-22,development,0.000168100963973999,0.0008282763520240784,-0.00037914417552948,0.00020574438015619908
2007-02-23,development,-0.0058516784483909606,-0.005087407237434387,-0.011090467513084411,-0.007343184399636586
2007-02-26,development,0.010362406036758422,0.00738222778520584,0.003292501931285858,0.0070123785844167065
2007-02-27,development,-0.004551849711132049,-0.004006938701694703,-0.005593333398151397,-0.0047173739369927165
2007-02-28,development,0.006053226871919632,0.004674500114965439,0.006675933801364898,0.00580122026274999
2007-03-01,development,0.004878010550165176,0.0037002420419216153,0.00143896912317276,0.003339073905086517
2007-03-02,development,-0.003955933696460723,-0.003181254297542572,-0.0016349514366149902,-0.002924046476872762
2007-03-05,development,0.004704332385826111,-0.008346152608108521,-0.004943216941738129,-0.002861679054673513
2007-03-06,development,-0.001724179800748825,0.0025779077693462373,0.002202235546898152,0.001018654505165188
2007-03-07,development,-0.00458938103480339,-0.003957691334199905,-0.004100930634641647,-0.004216001001214981
2007-03-08,development,-0.004890920305776596,-0.00485348047041893,-0.0016698025291919708,-0.0038047344351291655
2007-03-09,development,0.003210781766748428,0.0010008367894649506,0.0011817822880744934,0.0017978002814292907
2007-03-12,development,-0.0053849623189926145,-0.0050104753394603725,9.498365664482115e-6,-0.0034619797642628353
2007-03-13,development,-0.0015157335068712709,7.77187819480896e-6,-0.0020734412086725234,-0.0011938009457829952
2007-03-14,development,0.0010916869484901427,-0.0004302316396474838,0.0009729152720332145,0.0005447901936252911
2007-03-15,development,-0.0004622158635616302,0.0035807466686010357,0.0027675995461344718,0.0019620434503912925
2007-03-16,development,0.0008903193801403045,0.0034337634408950803,0.0009034950565099715,0.0017425259591817854
2007-03-19,development,0.0010872158095836639,0.001291522210931778,0.00010109803738594055,0.0008266120193004609
2007-03-20,development,-0.0003176957426071167,0.0005165885190045359,-0.002501697525119781,-0.0007676015829074541
2007-03-21,development,0.0007164152794361114,-0.002653117724561691,0.0007711121456384658,-0.0003885300998290379
2007-03-22,development,-0.003567726514673233,-0.0005591978513240814,-0.007155727769351005,-0.0037608840451161065
2007-03-23,development,0.0014440609828472136,0.0028533508039951323,0.002683117567205429,0.002326843118015925
2007-03-26,development,-0.0011978573662281035,0.00014031488575935364,-0.003938743454170227,-0.001665428644879659
2007-03-27,development,0.00013203563919067383,0.0013148938079833984,-0.0018931512788372398,-0.00014874061055438915
2007-03-28,development,0.003491421495246887,0.004678070422744751,0.00037425975017547604,0.0028479172227223715
2007-03-29,development,0.0015122151381969451,-0.0012273101582050323,-0.001166881479024887,-0.00029399216634432474
2007-03-30,development,-0.006584552361011505,-0.006617344036006927,-0.001107443698310852,-0.004769780031776428
2007-04-02,development,0.0038603640100002288,0.008226546226549149,0.004971686816644668,0.005686199017731348
2007-04-03,development,0.0012911843794382817,0.002702374687004089,-0.00027835526666641235,0.0012384012665919862
2007-04-04,development,-0.0011946446728706359,0.0012152355754375458,0.00034666936001777647,0.0001224200875282288
2007-04-05,development,0.0010074441705703735,0.0011510506545066833,0.0004376258152961731,0.0008653735467910765
2007-04-09,development,0.005162757956361771,0.0015724888306617737,0.003067959700679779,0.003267735495901108
2007-04-10,development,-0.0003146609731197357,-0.001334847955560684,0.0009106688508510589,-0.0002462800259431203
2007-04-11,development,-0.00493489241361618,-0.00230557109766078,-0.0022977709813594817,-0.0031794114975454806
2007-04-12,development,0.0017270995730876923,0.0010180371158599853,-0.0010277548974990845,0.000572460597149531
2007-04-13,development,0.0013302561635017394,0.004166482887506485,0.0011134979386806488,0.002203412329896291
2007-04-16,development,0.00006236335978507996,-0.008906014008760453,-0.0015962268796443939,-0.0034799591762065887
2007-04-17,development,0.0012045907607555388,0.002463979388475418,0.009128058855932306,0.004265543001721088
2007-04-18,development,0.003403451036787033,0.0018065172329425811,0.0009956719176769256,0.0020685467291355134
2007-04-19,development,0.001842751525735855,-0.00011751786761283874,0.0004021008407115936,0.0007091114996115366
2007-04-20,development,-0.005580954681062698,-0.003433221282672882,-0.0011682211400985717,-0.0033941323679447175
2007-04-23,development,0.0008224553673744201,0.0022374149377822877,0.0009375461946964263,0.0013324721666177113
2007-04-24,development,0.0004180349275277614,-0.002429333421230316,-0.003466964045190811,-0.001826087512964455
2007-04-25,development,-0.006325918575286865,-0.006160665309858322,-0.01118646201634407,-0.007891015300496419
2007-04-26,development,0.005064470570087433,0.011227222013282776,0.017061657935905455,0.011117783506425222
2007-04-27,development,0.00532623635597229,0.004061023900699615,0.002945526196336746,0.00411092881766955
2007-04-30,development,0.0074337326896667475,0.004307918140888214,0.00439707042798996,0.0053795737528483075
2007-05-01,development,-0.0017591795164585112,-0.003915142284562278,-0.0026184482197761537,-0.0027642566735989805
2007-05-02,development,-0.007370497813796997,-0.004672912999916077,-0.005592877143192291,-0.005878762652301788
2007-05-03,development,-0.0005938346989154816,-0.0034409861137390135,-0.004866443534517288,-0.002967088115723928
2007-05-04,development,0.0017226244190216063,0.005866087708330154,0.0034096085976123808,0.0036661069083213805
2007-05-07,development,0.004385747833442688,0.004167150046014785,0.005373906270933151,0.004642268050130208
2007-05-08,development,0.0038669984851837156,0.0024530525085926054,0.003020528288740301,0.003113526427505541
2007-05-09,development,0.0046001361741065975,0.0013539657027244567,0.0014035376092910766,0.0024525464953740438
2007-05-10,development,0.0015157034547328948,0.0011792796554565429,-0.0019383065877437591,0.00025222550748189284
2007-05-11,development,0.0029918261015892027,0.0012921702206134796,0.0006589876551151275,0.0016476613257726033
2007-05-14,development,-0.0016555460921764372,-0.002154570731163025,-0.003649928921985626,-0.002486681915108363
2007-05-15,development,0.00280881894956584,0.0014434846576690673,-0.00034982416281700135,0.0013008264814726351
2007-05-16,development,0.0035968008410453794,-0.0009810520170688629,-0.00036653601822853087,0.0007497376019159952
2007-05-17,development,0.0005545986183166504,-0.0005954322255134582,0.002416093950462341,0.0007917534477551777
2007-05-18,development,0.0018147364886283873,-0.0003265482621669769,-0.000986354974412918,0.00016727775068283083
2007-05-21,development,-0.004472027972602844,-0.00718937819070816,-0.006090079470157623,-0.005917161877822875
2007-05-22,development,0.0017660090161323546,0.00011498049292886208,0.0032613635802745816,0.001714117696445266
2007-05-23,development,-0.003359438164901733,-0.0038128155498504636,-0.00020405842761993408,-0.0024587707141240436
2007-05-24,development,0.004116541547298431,0.0007833847653865814,0.0019668821346759797,0.0022889361491203308
2007-05-25,development,0.0014396943843841552,0.00024445973081588745,0.0018012163896083831,0.0011617901682694752
2007-05-29,development,-0.0005063331544876099,0.0016435082549095153,0.001005241522693634,0.0007141388743718465
2007-05-30,development,0.00029932611122131345,-0.0016554737826824188,0.003464507417245889,0.0007027865819282611
2007-05-31,development,-0.0010056250240325928,0.005297665060377121,-0.0024882233855485917,0.0006012722169319787
2007-06-01,development,0.0042192632318496705,0.0031809767662525175,-0.00009677437531948089,0.002434488540927569
2007-06-04,development,-0.0012302238839149474,-0.0029955699795246125,-0.00040066964387893675,-0.0015421545024394987
2007-06-05,development,-0.0027074128207739355,-0.002017715794420242,-0.004481974291610718,-0.0030690343022682985
2007-06-06,development,0.00791873664457798,0.00650174816160202,0.005738957808971405,0.006719814205050468
2007-06-07,development,-0.0020070314017295835,0.00025252730283737183,0.0027893779076099395,0.00034495793623924256
2007-06-08,development,0.00046085518927574154,0.0011854168291568757,-0.0009443459109067916,0.0002339753691752752
2007-06-11,development,0.0024319178307056427,-0.0005504870255470276,0.004052790781259537,0.001978073862139384
2007-06-12,development,0.004786365585684776,0.001027194883415746,0.0045328419019699095,0.003448800790356811
2007-06-13,development,0.004858054794692993,0.00457863953537941,0.003527950700068474,0.004321548343380292
2007-06-14,development,-0.004580790087652206,-0.00792683981719017,-0.007339332719802856,-0.006615654208215077
2007-06-15,development,-0.0004987482816457748,-0.00265387320151329,0.000034470619821548464,-0.0010393836211125055
2007-06-18,development,0.00168128309135437,-0.0021438849340438843,0.0017413892278909683,0.000426262461733818
2007-06-19,development,-0.00012219616937637329,0.0007778146753311157,-0.0030805324088398218,-0.0008083046342950264
2007-06-20,development,-0.00612227371635437,-0.003362918548774719,-0.0020923689366340635,-0.0038591870672543844
2007-06-21,development,-0.0025794214742422103,-0.0015959186477661133,-0.0017476315804481506,-0.0019743239008188245
2007-06-22,development,0.00036554638226032253,0.003461967796516418,0.00022786982679367065,0.0013517946685234702
2007-06-25,development,0.0015115890684604643,0.0018191789078712464,-0.0015331054118156433,0.0005992208548386891
2007-06-26,development,0.000901145710499573,0.0028006322415828704,0.00163556580619812,0.0017791145860935212
2007-06-27,development,-0.0007433492193222045,0.000025799771070480345,1.9023876190185545e-6,-0.00023854902021090186
2007-06-28,development,0.003315352859687805,0.005263642676782608,0.001653462458515167,0.00341081933166186
2007-06-29,development,-0.00022741688508987425,-0.0007934124372005462,-0.0008207840790748596,-0.0006138711337884267
2007-07-02,development,0.00010616761207580566,0.0004653110030174255,0.0020649770605087278,0.0008788185585339864
2007-07-03,development,-0.003800900484752655,0.0015380406736892939,0.0035789814715385436,0.0004387072201583941
2007-07-05,development,-0.0024681898114204404,-0.00035062779159545894,-0.0017377562707901,-0.001518857957935333
2007-07-06,development,-0.0028514139451026915,-0.0004746291625022888,-0.003590220418834686,-0.002305421175479889
2007-07-09,development,-0.008146509734725952,-0.005076538830566406,-0.008540782360839843,-0.007254610308710733
2007-07-10,development,-0.0007426840880393981,-0.001317215847969055,0.00033776394024134207,-0.0005740453319223704
2007-07-11,development,0.004727061406612396,-0.00042320552082061766,-0.0007839156791329383,0.0011733134022196133
2007-07-12,development,0.0008742358808517456,0.0067474629503250115,-0.0010724825945496559,0.0021830720788757006
2007-07-13,development,0.002936499826622009,0.0018464001223564147,0.003384152387797832,0.0027223507789254186
2007-07-16,development,-0.006020503830337524,-0.0014501962873458862,-0.008869310122966765,-0.005446670080216725
2007-07-17,development,-0.007204440578242922,-0.007149665719604492,-0.005893435602617263,-0.006749180633488225
2007-07-18,development,0.002997001907777786,-0.0012661857515335081,-0.0003331092575073242,0.00046590229957898453
2007-07-19,development,-0.0032549441314220426,0.0034409315067291256,-0.00136840918084383,-0.00039414060184558234
2007-07-20,development,0.0021854262284278867,0.0019886968746185302,0.000651469873213768,0.0016085309920867282
2007-07-23,development,-0.0028763835334300993,0.0024697347339630127,-0.0012105189007282256,-0.000539055900065104
2007-07-24,development,-0.002639007295131683,-0.005955574968878483,0.0028605075636863706,-0.0019113582334412654
2007-07-25,development,0.000864247954750061,0.002043436017227173,0.0006314303913116455,0.0011797047877629599
2007-07-26,development,-0.011412405312538147,-0.007479952350902557,-0.014423306277394294,-0.011105221313611665
2007-07-27,development,-0.008886066477108002,-0.012254057112598419,-0.005217739232778549,-0.008785954274161657
2007-07-30,development,-0.002233096516895294,0.0024036578612327574,-0.004981721716022491,-0.0016037201238950092
2007-07-31,development,0.003125751782083511,0.0036685574964046477,-0.004002383291884584,0.0009306419955345249
2007-08-01,development,0.003550950329303741,-0.003090248734951019,0.0030396681798934935,0.0011667899247487384
2007-08-02,development,-0.007426327487277984,-0.002584542736673355,-0.0026697461836814877,-0.004226872135877609
2007-08-03,development,-0.007108720114994049,-0.00901691843585968,-0.010647465664196014,-0.008924368071683246
2007-08-06,development,0.0021826054778575897,0.008024429520845413,0.0015617675315856934,0.003922934176762899
2007-08-07,development,-0.012455496922433841,-0.0032729732664108276,-0.015630462571525575,-0.010452977586790082
2007-08-08,development,-0.020266617013072967,-0.010382051197052001,-0.013188027363872527,-0.014612231857999166
2007-08-09,development,-0.021822236125349996,-0.010961890380620955,-0.014800548066616058,-0.015861558190862338
2007-08-10,development,0.03208152907526493,0.024603695362091064,0.0305162634103775,0.029067162615911163
2007-08-13,development,0.018944259241914747,0.012802614255189896,0.018046743618011472,0.01659787237170537
2007-08-14,development,0.0025170007064342498,0.0030940217023642967,0.0056670275455474855,0.00375934998478201
2007-08-15,development,0.008200887231826782,0.0023503117965340613,0.001599052048397064,0.004050083692252636
2007-08-16,development,0.0006346030307054519,-0.004361476244413852,-0.006845013419342041,-0.0035239622110168137
2007-08-17,development,0.002408690654993057,0.005682353842389584,-0.0009031771888732909,0.0023959557695031166
2007-08-20,development,0.0040118804599046706,0.007293242492222785,0.005568873991775513,0.005624665647967656
2007-08-21,development,0.0013957679915904998,0.00792215106356144,0.008388650402460575,0.005902189819204172
2007-08-22,development,-0.0008080181496858596,0.004222158916175365,0.006903916796207428,0.0034393525208989777
2007-08-23,development,0.008635438941931724,0.0021678574288368224,0.006462917449569702,0.005755404606779416
2007-08-24,development,-0.002099577465438843,0.002664922583866119,0.0007142417249679566,0.00042652894779841096
2007-08-27,development,0.0014607753462314605,-0.004688910406041145,-0.003166655267524719,-0.0021315967757781344
2007-08-28,development,0.0032096200424145556,0.0017737249839663504,0.0015866521470069884,0.002189999057795965
2007-08-29,development,0.000167495383644104,-0.0017605435019254685,0.0020669400814056394,0.00015796398770809164
2007-08-30,development,-0.0009738791249275207,0.0023743796103000638,0.0030877360078811643,0.001496078831084569
2007-08-31,development,0.0023615422086715695,0.003913072438144684,0.0025145951805114744,0.0029297366091092423
2007-09-04,development,-0.0029597970623016358,-0.004033047815990448,-0.0029510729679107666,-0.003314639282067617
2007-09-05,development,-0.0024179263054847715,-0.0025743985585283038,-0.0026478399521827696,-0.002546721605398615
2007-09-06,development,0.004169241897010803,0.0009146689006328582,0.005823438991546631,0.0036357832630634305
2007-09-07,development,0.0034846548829078673,0.0027357374683380127,-0.0021531750429153442,0.0013557391027768453
2007-09-10,development,0.002012898929977417,-0.0003665070301055908,0.001878707390117645,0.001175033096663157
2007-09-11,development,-0.002692276938819885,-0.004335955766534805,-0.003711135906075347,-0.0035797895371433457
2007-09-12,development,0.001215863051891327,0.0030010027400970457,-0.0003259806438207626,0.0012969617160558699
2007-09-13,development,0.0006482534509658813,0.0006950165189743042,0.0021722068319559094,0.0011718256006320316
2007-09-14,development,-0.001921576521873474,-0.0013110072007179259,0.00001266420304775238,-0.0010733065065145493
2007-09-17,development,-0.00056877298412323,-0.000492874521780014,-0.0030187744427680966,-0.0013601406495571133
2007-09-18,development,-0.0008254057365321147,-0.0013468873158454895,0.003230254099011421,0.0003526536822112722
2007-09-19,development,0.009797980357551575,0.007842854437589645,0.005978850075578689,0.007873228290239969
2007-09-20,development,0.008064067655467987,0.0023270564363002777,0.00030911259734630583,0.00356674556303819
2007-09-21,development,-0.0052277798136711115,-0.00246246235165596,-0.006875776862049102,-0.004855339675792058
2007-09-24,development,0.0020417166645050047,-0.002349893251991272,-0.003950525275373458,-0.0014195672876199086
2007-09-25,development,0.005246693846607208,0.003292594177021909,0.0011028963268041611,0.003214061450144426
2007-09-26,development,-0.00665884784822464,-0.0003013897531032562,0.0021948087426185607,-0.001588476286236445
2007-09-27,development,0.008905527678585053,0.003498443539857864,0.00495403518307209,0.0057860021338383355
2007-09-28,development,0.003590632626438141,0.006490106079769134,0.0030145906542301177,0.004365109786812464
2007-10-01,development,-0.0028383345787048337,-0.008283311453151702,-0.0020126203666210175,-0.004378088799492518
2007-10-02,development,-0.004483680006790161,-0.00286254073805809,-0.003931490016650725,-0.0037592369204996587
2007-10-03,development,-0.00004794562826156616,0.002697631904554367,0.004976994886207581,0.0025422270541667936
2007-10-04,development,0.008454403028583525,0.003807448117542267,0.005352115151023865,0.0058713220990498855
2007-10-05,development,0.0011367715169906616,0.001906880573272705,0.00496572439956665,0.0026697921632766724
2007-10-08,development,0.001320765009021759,-0.0002928775369644165,0.0021709007190704346,0.0010662627303759257
2007-10-09,development,-0.004052093696386719,-0.0028919466580390927,-0.004494122358703613,-0.003812720904376475
2007-10-10,development,-0.0012550413105010985,0.0034844771434307097,0.005057040065765381,0.0024288252995649973
2007-10-11,development,0.00358756504907608,0.0027339953090190884,0.002449898719501495,0.0029238196925322215
2007-10-12,development,0.0016915405309677123,0.003928739634084701,0.0015610718563079833,0.0023937840071201325
2007-10-15,development,-0.003435406536579132,-0.0025079681519031526,-0.003575211010169983,-0.003172861899550756
2007-10-16,development,0.006107771146106719,0.004455972481410455,0.0015133348928451538,0.004025692840120776
2007-10-17,development,0.006329222662830353,0.00957460198097229,0.008465877156162262,0.008123233933321634
2007-10-18,development,0.005025186629962921,0.0008312335965633392,-0.002697725455379486,0.001052898257048925
2007-10-19,development,0.005741003648662567,0.006846482750320434,0.004318147214698791,0.005635211204560598
2007-10-22,development,-0.0016394917918205261,0.00022242165150642394,0.001412617505455017,-1.4842116196950941e-6
2007-10-23,development,-0.0010368288599967956,-0.004464285910701751,-0.007241970162778092,-0.004247694977825546
2007-10-24,development,0.004475980157661438,0.00442062659611702,-0.0017757049434661864,0.002373633936770757
2007-10-25,development,0.004395910095405579,-0.002789253644800186,-0.003937786811447143,-0.000777043453613917
2007-10-26,development,-0.004372487231540679,-0.0042360867449760435,0.0044494625309944155,-0.0013863704818407692
2007-10-29,development,-0.006807219690227509,-0.009837477163028716,-0.003977751085090637,-0.006874149312782287
2007-10-30,development,-0.0018716882883391378,0.004504189821100235,-0.0012317525249481201,0.000466916335937659
2007-10-31,development,-0.0005055100789546967,0.00009707306823730468,-0.0028281016046524045,-0.0010788462051232654
2007-11-01,development,-0.003234588718986511,0.00850092881040573,0.003777022184562683,0.0030144540919939673
2007-11-02,development,0.0033907545714855192,0.0031554606293201443,0.006074215427780151,0.004206810209528605
2007-11-05,development,-0.000013257035708427428,0.00004184844913482666,-0.0011190578010559081,-0.000363488795876503
2007-11-06,development,0.006630095651841163,0.0032448183030041695,0.0018165797912597656,0.003897164582035033
2007-11-07,development,-0.003026648819255829,-0.010741757193613052,-0.009079710461521149,-0.007616038824796677
2007-11-08,development,-0.002502691166329384,0.00014709627757072448,0.0010138468090057373,-0.0004472493599176407
2007-11-09,development,0.0004920909107685089,0.00001188832025527954,0.00454874279718399,0.0016842406760692596
2007-11-12,development,0.002712667008113861,-0.008129117993068695,0.002780029309749603,-0.0008788072250684105
2007-11-13,development,-0.0018731601827859878,0.01051845197148323,0.008192505177393148,0.005612598988696797
2007-11-14,development,-0.010993020059394835,-0.012459350288391112,-0.007756852807044983,-0.010403074384943643
2007-11-15,development,-0.0005224815349340439,-0.005274072531318665,0.0005651665720939636,-0.0017437958313862483
2007-11-16,development,0.0006508144362449645,-0.003950077045917511,0.001988982588291168,-0.000436760007127126
2007-11-19,development,-0.007560648106265068,-0.006073329285383225,-0.010705290273666382,-0.008113089221771558
2007-11-20,development,-0.005376583463263404,-0.001899540418434143,-0.008245061627435683,-0.00517372850304441
2007-11-21,development,0.004447707030773163,0.006529804698610305,0.00797779907631874,0.00631843693523407
2007-11-23,development,0.007751540062141418,0.006978267094326019,0.005493053823757171,0.00674095366007487
2007-11-26,development,0.0029744386741638183,-0.00482294095878601,-0.0014961381645679473,-0.0011148801497300465
2007-11-27,development,0.0009078036771774291,-0.00007686587645428226,-0.000681582959318161,0.00004978494713499531
2007-11-28,development,0.005697359351730346,0.00841694407596588,0.010223509697437285,0.008112604375044503
2007-11-29,development,0.0032868160362243652,0.004337093422555924,0.002482812854576111,0.0033689074377854667
2007-11-30,development,-0.002758335102653503,-0.00044504780020713803,-0.00019331668882369995,-0.0011322331972281137
2007-12-03,development,-0.0036926741082191467,0.001382563477706909,-0.0005981713640689849,-0.0009694273315270742
2007-12-04,development,-0.0014081830079078674,-0.00205568545384407,0.0023599190400290723,-0.00036798314057428843
2007-12-05,development,0.003592035252571106,0.004130858193397521,0.002326391095495224,0.003349761513821284
2007-12-06,development,-0.0006817752800941467,0.0021774328506469725,-0.005543922581148148,-0.0013494216701984408
2007-12-07,development,0.005847430688095093,0.003131091414451599,0.000937026203584671,0.0033051827687104545
2007-12-10,development,-0.006232806342697144,-0.005145597334575653,-0.006851205673551559,-0.006076536450274786
2007-12-11,development,0.0014318323482628795,-0.00014737539834976197,0.002961978643941879,0.0014154785312849988
2007-12-12,development,0.0001382161877632141,0.001895496250104904,-0.0007792480034828186,0.0004181548114617665
2007-12-13,development,-0.0004400281406402588,0.0017154452589988709,0.00006765071139335632,0.00044768927658398947
2007-12-14,development,0.00442238716840744,0.0008938997245788574,0.0008931925867080689,0.0020698264932314555
2007-12-17,development,-0.0019315456557273865,-0.0022300012234687805,-0.0037393995472908017,-0.002633648808828989
2007-12-18,development,-0.0013048616760253907,-0.0015883680541871783,-0.0018235990005016326,-0.0015722762435714007
2007-12-19,development,-0.008235160796546936,-0.0022221016395568846,-0.005726647244262695,-0.005394636560122172
2007-12-20,development,0.002055416686058044,0.0004024652232170105,0.0006018828763484955,0.00101992159520785
2007-12-21,development,-0.0065071681058883665,-0.00008950437169075012,-0.006892784696674347,-0.004496485724751154
2007-12-24,development,-0.0011370641267776488,-0.001780282746696472,-0.00043514893927574155,-0.001117498604249954
2007-12-26,development,-0.0005849218808174133,0.00013037977032661437,-0.00017315426068696942,-0.0002092321237259228
2007-12-27,development,-0.0009757974877357482,-0.002055562810611725,-0.0013410309650421141,-0.0014574637544631957
2007-12-28,development,0.0017483024517059326,0.0002133315852165222,0.00048109295215606685,0.0008142423296928405
2007-12-31,development,0.0016906197412490844,0.004391628800535202,0.00041385624179840084,0.002165368261194229
2008-01-02,development,-0.0034077839097864868,-0.00835685738363266,-0.0037997299143791197,-0.005188123735932755
2008-01-03,development,0.003250902673816681,-0.0031079730437278746,0.007578865230512618,0.0025739316202004745
2008-01-04,development,0.0014072234184265137,-0.008575712808799743,-0.0018657694401741027,-0.003011419610182444
2008-01-07,development,-0.001267303831076622,-0.004585670759153366,-0.003851358489513397,-0.003234777693247795
2008-01-08,development,-0.0028206377277374267,-0.0037462676916258817,-0.004169107530021667,-0.0035786709831283257
2008-01-09,development,0.004305913115143775,0.0014337482023239136,0.0034271704353809355,0.0030556105842828745
2008-01-10,development,0.014045728496265411,0.009912730054187774,0.005456162206459045,0.00980487358563741
2008-01-11,development,-0.005603990419435501,-0.005948561168384552,-0.003559679865169525,-0.005037410484329859
2008-01-14,development,-0.0018181902323007582,-0.0005788385166168213,-0.0005352778705596924,-0.0009774355398257573
2008-01-15,development,-0.0031411506601095197,-0.006347987445735931,-0.009297093958906415,-0.006262077354917289
2008-01-16,development,0.0012437847163438796,0.01044725593304634,0.007315081282186508,0.006335373977192242
2008-01-17,development,-0.008191699314379691,-0.0026199618360996245,-0.008035264231157302,-0.0062823084605455395
2008-01-18,development,0.007823968144583702,0.008172441775035857,0.01062748851864338,0.008874632812754314
2008-01-22,development,-0.009913799910521506,-0.00848443708229065,-0.009002044882678984,-0.00913342729183038
2008-01-23,development,-0.007039951826353397,-0.002198607744884491,0.0016973599824666977,-0.0025137331962570633
2008-01-24,development,0.01180821950688362,0.008193826483249664,0.012731704840874672,0.010911250277002653
2008-01-25,development,0.0030272223212003705,-0.00351825848531723,-0.0004039847459077835,-0.0002983403033415477
2008-01-28,development,-0.01206411198453903,-0.01967220847916603,-0.019911282246303556,-0.01721586757000287
2008-01-29,development,-0.0015894776645898818,-0.01010650024915781,0.007067240775299072,-0.0015429123794828733
2008-01-30,development,-0.0022492417370080947,0.0019060168146133422,0.0027908175140380857,0.0008158641972144444
2008-01-31,development,0.0009394096560716628,-0.0018250412841796875,0.01142854269604683,0.0035143036893129347
2008-02-01,development,0.004030048491096496,0.0033979730890750883,0.007792761333847046,0.005073594304672877
2008-02-04,development,-0.003035876918721199,0.003430510211086273,-0.012731226985311508,-0.004112197897648811
2008-02-05,development,-0.0101457486931324,-0.007491974353742599,-0.0063989869883281005,-0.008012236678401034
2008-02-06,development,0.011648467634868622,0.00796315679681301,0.005004856266880035,0.008205493566187222
2008-02-07,development,-0.0007058976665019989,-0.0014715918352365494,-0.003574729698324203,-0.0019174064000209174
2008-02-08,development,0.0017788268589973449,0.0005274806772232056,0.00290498122279644,0.0017370962530056636
2008-02-11,development,-0.0024086950959444045,-0.001618725822162628,0.0012151817572593688,-0.0009374130536158879
2008-02-12,development,0.00452719551611538,0.003965717130708694,0.0029152077951431275,0.003802706813989067
2008-02-13,development,0.002354106938433647,0.0006440738335609436,0.005182706951165199,0.0027269625743865968
2008-02-14,development,-0.003529097314143181,-0.0038674509210109708,-0.002886708339381218,-0.00342775219151179
2008-02-15,development,0.006063145420479774,0.00449238964753151,0.0032453070742845536,0.004600280714098613
2008-02-19,development,-0.0015008165674686431,0.000847934952545166,0.0034099659772872924,0.0009190281207879384
2008-02-20,development,-0.004071442060041427,-0.006054095930031775,-0.0018689422496795654,-0.00399816007991759
2008-02-21,development,-0.001027352773451805,-0.0009694701791286468,-0.0007700633440732955,-0.0009222954322179157
2008-02-22,development,0.007146772533559799,0.0059430718454360956,0.0051176708105802535,0.006069171729858716
2008-02-25,development,-0.00046684890832901,0.0016767144443035125,-0.0002952223839044571,0.00030488105069001513
2008-02-26,development,-0.0013663095633745194,0.001588047166442871,0.0001765655042106504,0.000132767702426334
2008-02-27,development,0.0007486403694629669,-0.0008172496384143829,-0.00048239175601005554,-0.00018366700832049053
2008-02-28,development,-0.001290453959584236,-0.00002027399787902832,0.0028723554568290707,0.0005205424997886021
2008-02-29,development,0.0022594027058839795,0.0007878029742717742,0.004893560213518142,0.002646921964557965
2008-03-03,development,0.007327097101187706,0.0036209630864620207,0.0021790902011871336,0.004375716796278953
2008-03-04,development,0.0039067866677019595,0.007869023001050949,0.015326796342849731,0.009034202003867545
2008-03-05,development,-0.0013771015511512756,0.004371446234607696,0.00027374616842269897,0.00108936361729304
2008-03-06,development,0.006103860277175903,0.0011053659687519073,0.003092465616941452,0.0034338972876230872
2008-03-07,development,0.00015157916564941405,-0.0007537051312923431,0.0024430261561393736,0.0006136333968321481
2008-03-10,development,-0.0005460070548057556,0.001972146993780136,0.0003672035503387451,0.0005977811631043751
2008-03-11,development,0.00007305901384353638,0.0047392515820854865,-0.004319616195344924,0.00016423146686136603
2008-03-12,development,-0.0015187275087356566,-0.00031913935666084286,0.0015163819323539733,-0.00010716164434750866
2008-03-13,development,-0.005071846137523651,-0.004074939386796951,-0.0015424926607131957,-0.003563092728344599
2008-03-14,development,-0.004128112369298935,-0.0058710319913387295,0.0017843985935688017,-0.002738248589022954
2008-03-17,development,-0.0007765480975627898,-0.006516193755245208,0.0029124394764423367,-0.0014601007921218872
2008-03-18,development,0.005640693837165832,0.016795409185361862,0.0007133668111695093,0.007716489944565735
2008-03-19,development,-0.005997978595590591,-0.0045922579718589785,-0.003692069815969467,-0.004760768794473012
2008-03-20,development,-0.0018282065100193024,0.001269380286169052,-0.008561409452199936,-0.003040078558683396
2008-03-24,development,-0.005513053649663925,-0.0006256289270401001,-0.002599493037891388,-0.002912725204865138
2008-03-25,development,0.006703465830278396,0.005541949869298935,0.0003474633332967758,0.004197626344291369
2008-03-26,development,0.003066401405616498,-0.005286954056406021,-0.00008422657065987587,-0.000768259740483133
2008-03-27,development,0.004885694590210914,0.004379528556489944,0.007809047505104541,0.0056914235506018
2008-03-28,development,0.004137066267466545,-0.0051295269452571865,0.002672679558587074,0.0005600729602654774
2008-03-31,development,-0.0019639994896173477,-0.002208170870733261,-0.0025872689138054846,-0.0022531464247186974
2008-04-01,development,0.002200727800917625,0.006786306569373063,0.006635594335842133,0.005207542902044274
2008-04-02,development,0.001739843161225319,-0.0014320022918224333,-0.0005708471637904644,-0.00008766876479585958
2008-04-03,development,-0.005943409172868728,-0.00772095635843277,-0.0038498427317023277,-0.005838069421001276
2008-04-04,development,0.008011727883982658,0.006356537131357193,0.008164244646567106,0.007510836553968986
2008-04-07,development,0.0007039905948162078,-0.0008036602143287659,-0.0007276124759674072,-0.0002757606984933217
2008-04-08,development,-0.0010863041843414305,-0.007911434152412414,-0.0068476265234947,-0.0052817882867495156
2008-04-09,development,0.004553484326434135,0.003736821937322616,0.00925481115400791,0.00584837247258822
2008-04-10,development,0.0023972116983652114,0.003781019439268112,0.003058018383336067,0.0030787498403231305
2008-04-11,development,-0.0037388468554496765,-0.003313051801109314,-0.0035622586469650267,-0.003538052434508006
2008-04-14,development,0.0029577475986003873,-0.0017625008620262145,0.0018166981417775153,0.0010039816261172294
2008-04-15,development,-0.0009148243214268506,-0.006148191544628143,0.000021435508716106414,-0.0023471934524462953
2008-04-16,development,0.0032942037764430044,0.003801185271644592,0.00031087327655553816,0.002468754108214378
2008-04-17,development,0.0021992251363635064,0.0012519862162590025,0.0033102253596663475,0.002253812237429619
2008-04-18,development,-0.000607677441573143,0.0028228591722488402,0.0001532079112291336,0.0007894632139682769
2008-04-21,development,0.008193838278651238,0.0025862257940769194,0.006328412663912773,0.00570282557888031
2008-04-22,development,-0.0001860559408187866,-0.002244112301308906,0.000577170844078064,-0.0006176657993498762
2008-04-23,development,0.004537980375051498,0.008530447157764435,0.0008549946533203124,0.004641140728712081
2008-04-24,development,-0.004296861687850952,-0.004616775697302818,-0.0032117148475170132,-0.004041784077556928
2008-04-25,development,-0.00739960881499052,-0.008441694177746772,-0.006474566679990292,-0.007438623224242528
2008-04-28,development,-0.008669687047362326,-0.007639036259078979,-0.006902457150101661,-0.00773706015218099
2008-04-29,development,0.0019201736538410185,0.0033526283537149426,-0.004269101522494995,0.0003345668283536553
2008-04-30,development,0.004109219281339645,0.0026188204874992367,-0.0013993016619682312,0.0017762460356235503
2008-05-01,development,-0.00020642092669010163,0.000304394521522522,0.0008744504078865051,0.00032414133423964184
2008-05-02,development,-0.0024309983506202695,-0.003575043612194061,-0.006911436005783081,-0.00430582598953247
2008-05-05,development,-0.00147867162296772,-0.0024481546030044555,-0.0022749722240447997,-0.0020672661500056584
2008-05-06,development,-0.0023717262170682776,0.003587493397092819,0.0033487503720283506,0.0015215058506842973
2008-05-07,development,0.0000820109691619873,0.0013950832253456116,0.0024052345949172973,0.0012941095964749654
2008-05-08,development,0.0062658075045824045,-0.0002741567584753036,0.0045063993284225464,0.003499350024843216
2008-05-09,development,0.007163588626623154,-0.000854131428861618,-0.0025687744592666627,0.0012468942461649577
2008-05-12,development,0.0058583479591608045,0.005428034023499489,0.00718526282119751,0.006157214934619268
2008-05-13,development,0.0038802036595106124,0.0008813304336260684,-0.0020144493115425107,0.0009156949271980566
2008-05-14,development,-0.0009949256709098815,0.004470861631298065,-0.002002867911720276,0.0004910226828893025
2008-05-15,development,-0.006223445510292053,-0.005075711971890926,-0.00562182914276123,-0.005640328874981403
2008-05-16,development,-0.0012735561331748961,0.001915917779624462,0.004351071605110168,0.0016644777505199113
2008-05-19,development,-0.004870850917625427,0.000849364513015747,-0.0046537676197052,-0.0028917513414382936
2008-05-20,development,0.002225310396409035,-0.0031625696473836897,0.004108714674336815,0.0010571518077873868
2008-05-21,development,0.0030497996067285534,0.0009824248479962348,0.0005635977569818497,0.001531940737235546
2008-05-22,development,-0.0015736667505025863,0.0019633352278351783,-0.0004978361465692519,-0.000036055889745553316
2008-05-23,development,0.0015987797105789184,-0.002189319625222683,-0.000803682910490036,-0.00046474094171126685
2008-05-27,development,-0.006122475980424881,-0.003995219140613079,-0.0000764424425125122,-0.0033980458545168238
2008-05-28,development,-0.006594376549953722,-0.003027623364329338,-0.0012070134434223174,-0.0036096711192351257
2008-05-29,development,-0.002604418084383011,0.001390195551764965,0.0010387732944011688,-0.00005848307940562568
2008-05-30,development,0.0008294436195135116,-0.0029146052780032157,-0.0017998224116563795,-0.0012949946900486944
2008-06-02,development,0.0015356324081420897,0.003111681331706047,0.004144656213092804,0.0029306566509803137
2008-06-03,development,-0.006404142674612999,-0.0071304016720050096,-0.001459576805949211,-0.004998040384189073
2008-06-04,development,-0.004568010387682914,-0.003897762931740284,-0.0030544944429159162,-0.003840089254113038
2008-06-05,development,-0.0008117920350313186,-0.0023783469238638877,0.0020826810092687605,-0.0003691526498754819
2008-06-06,development,-0.0017623980396032333,0.0018291126032590865,0.0019018775989770888,0.0006561973875443139
2008-06-09,development,0.008156761421895026,0.0075233825385093685,0.005958905814862251,0.007213016591755549
2008-06-10,development,0.0005516283562660218,-0.001345362821662426,0.002876181254876089,0.0006941489298265617
2008-06-11,development,0.003923022096061706,0.006446238185286521,0.0009471480961799621,0.0037721361258427296
2008-06-12,development,-0.002951352313327789,0.0014664967975854873,0.0019251139019966124,0.00014675279541810356
2008-06-13,development,0.002276947204756737,0.0006958373307347297,0.0010275136843919755,0.0013334327399611475
2008-06-16,development,-0.008059861593317985,-0.005942767489087581,-0.004230852989983559,-0.006077827357463042
2008-06-17,development,0.000655716316441918,0.006214235663676262,-0.002201113416838646,0.001556279521093178
2008-06-18,development,-0.008567864953446388,-0.0016531722765922546,-0.005037870639061927,-0.005086302623033523
2008-06-19,development,-0.0036478411537408826,-0.014469270852673053,-0.008383355508208274,-0.008833489171540738
2008-06-20,development,-0.0003933902895212173,-0.00209985228228569,-0.006442286301064491,-0.002978509624290466
2008-06-23,development,0.0096434987074852,0.014620889834785461,0.007895137520217895,0.010719842020829519
2008-06-24,development,0.0059673029562950135,0.00431609920300874,0.008269707077217102,0.0061843697455069525
2008-06-25,development,0.0030473661124706267,0.0010878268148899078,0.0031829881905555725,0.002439393705972036
2008-06-26,development,0.0010961839253902435,-0.003339295630407333,-0.004745195399880409,-0.0023294357016324994
2008-06-27,development,-0.003123701080036163,0.0029466188775539395,-0.005628352106142044,-0.0019351447695414223
2008-06-30,development,0.007185546340703964,0.0030689421692848204,0.003556657023048401,0.004603715177679062
2008-07-01,development,-0.002007122845983505,0.0034235901542663573,-0.004498666291076994,-0.0010273996609313806
2008-07-02,development,-0.0005532175231933593,0.002437701721096039,-0.002199329060745239,-0.00010494828761418648
2008-07-03,development,0.002931204603099823,0.008367907597446442,0.0053545801454067225,0.005551230781984329
2008-07-07,development,0.004614460557174682,0.006570996552467346,0.002157545717382431,0.004447667609008153
2008-07-08,development,0.012981035946321487,0.008120504657411575,0.007914619686603546,0.009672053430112203
2008-07-09,development,-0.010513456363316572,-0.004609351701545715,-0.008929216195774078,-0.008017341420212121
2008-07-10,development,-0.007480837762427329,-0.0024804104560375213,-0.010374317741441727,-0.006778521986635526
2008-07-11,development,-0.004680807483816146,-0.007229605496454239,-0.0023511646524906156,-0.004753859210920333
2008-07-14,development,0.002809329097700119,0.0035142996893405914,0.004721991741418839,0.0036818735094865163
2008-07-15,development,-0.007036768020272255,-0.0012371663722822428,-0.0028835238838672635,-0.0037191527588072535
2008-07-16,development,0.00903134524488449,0.008935470552682876,0.007759791507530212,0.00857553576836586
2008-07-17,development,0.004943982303071022,0.01024315459165573,0.00504936398806572,0.006745500294264157
2008-07-18,development,0.0037056571826219555,0.0005395067122936248,0.007763210378217697,0.00400279142437776
2008-07-21,development,-0.0011254087777137756,-0.003468918105125427,0.0002027032651901245,-0.0014638745392163595
2008-07-22,development,0.014266183571481704,0.008683450194072724,-0.00664544475012734,0.005434729671809029
2008-07-23,development,0.0075672869009017945,0.015830111740684508,-0.005998146573829651,0.005799750689252217
2008-07-24,development,-0.010519014630365371,-0.012543863954353331,0.004616379578733444,-0.006148833001995087
2008-07-25,development,-0.004886010133552551,-0.00464579506778717,0.001659920766544342,-0.0026239614782651265
2008-07-28,development,-0.002509190610718727,0.0002723952729701996,0.007939957858204841,0.0019010541734854381
2008-07-29,development,-0.005560990559079169,0.0060843591442584985,-0.001974741429591179,-0.00048379094813728326
2008-07-30,development,0.012311174242854118,0.004414290953493118,0.006903872537159919,0.007876445911169051
2008-07-31,development,-0.009278660041737555,-0.0011833152307033539,-0.006640781422400474,-0.0057009188982804606
2008-08-01,development,-0.007245038812756538,-0.01160984639210701,-0.008741020065712929,-0.009198635090192158
2008-08-04,development,0.00034651470463275907,-0.0007012550817012787,-0.003190926777529716,-0.0011818890515327453
2008-08-05,development,-0.0010681364702939988,-0.0006425507467444899,0.0011069030211687087,-0.00020126139862326002
2008-08-06,development,0.006180658600068092,0.00429961025364995,-0.002576078436636925,0.0026347301390270386
2008-08-07,development,-0.0038458050964593885,0.007460186223047971,0.0029145653748750685,0.0021763155004878836
2008-08-08,development,-0.002434914328789711,-0.004260457414072751,-0.0025668846886873244,-0.003087418810516595
2008-08-11,development,-0.006514647421479225,-0.0043655350398361685,-0.00884106408188343,-0.006573748847732941
2008-08-12,development,0.0014726837227344513,0.0008800057069957256,0.002294950978823984,0.0015492134695180536
2008-08-13,development,0.008889487692284584,0.008607845959305763,0.008153825526714325,0.008550386392768223
2008-08-14,development,-0.004506060171771049,-0.0068534728420794,-0.003573056933546066,-0.004977529982465505
2008-08-15,development,-0.002488531456685066,-0.002442032349896431,-0.005487676768016815,-0.0034727468581994374
2008-08-18,development,0.0036029627893686294,0.0034316588576614854,0.0017713176822662354,0.00293531310976545
2008-08-19,development,0.007732224343204713,0.005901765450173616,0.006269288861370086,0.006634426218249472
2008-08-20,development,0.0036835713705301283,0.002414344074434042,0.0030977641823768613,0.0030652265424470104
2008-08-21,development,0.0004644496142148971,0.0024509501426577566,0.00450248166975975,0.0024726271422108015
2008-08-22,development,-0.00011429838745594024,-0.004386264194595813,-0.003163951017665863,-0.002554837866572539
2008-08-25,development,-0.0011073253937244414,-0.0014962297656834125,-0.003759955861473083,-0.0021211703402936456
2008-08-26,development,0.0011673106411933898,-0.0001969797945005417,-0.00030916904582977295,0.0002203872669543584
2008-08-27,development,0.0003932350378513336,-0.0026469523301959038,-0.0013355098570346832,-0.0011964090497930844
2008-08-28,development,0.0013827232186079024,0.003106229672765732,-0.00009714544601440429,0.0014639358151197432
2008-08-29,development,-0.001885423854613304,-0.005989953026974201,-0.003917099579668045,-0.003930825487085184
2008-09-02,development,-0.009662454240846633,-0.007801746724951267,-0.008222446790504455,-0.00856221591876745
2008-09-03,development,-0.010127334694457054,-0.006207379241764545,-0.0143910855339108,-0.0102419331567108
2008-09-04,development,-0.004558969999074936,-0.007209547527039051,-0.005277036770820617,-0.005681851432311535
2008-09-05,development,-0.0027879231893539426,-0.0011034885922551155,-0.00253030296356678,-0.0021405715817252795
2008-09-08,development,-0.003684609030032158,-0.013575746488904953,-0.011692265874481201,-0.009650873797806103
2008-09-09,development,-0.007671802955781746,0.0009965065170764922,-0.0015593973671913146,-0.0027448979352988566
2008-09-10,development,0.009108558559131622,0.0011597672549962996,0.005922977984905243,0.005397101266344388
2008-09-11,development,0.001759315251159668,0.0026380721301317214,0.003490285282278061,0.0026292242211898163
2008-09-12,development,0.000948621452832222,-0.005861301021057367,0.0006773471504926682,-0.0014117774725774925
2008-09-15,development,-0.001113757779598236,-0.0035516869612216948,0.003680562493753433,-0.00032829408235549913
2008-09-16,development,-0.003278567665505409,-0.009676771408472052,0.0014226541013479233,-0.003844228324209846
2008-09-17,development,-0.01496916854212284,-0.01040610373661518,-0.012364702816843987,-0.012579991698527337
2008-09-18,development,-0.02604104492049217,-0.022027242633509636,-0.014900454804563522,-0.02098958078618844
2008-09-19,development,0.0036686719722270962,-0.005084477200245857,-0.0017995917609214783,-0.001071798996313413
2008-09-22,development,0.006676944379329681,0.020825175902366638,0.0062583482155323025,0.011253489499076208
2008-09-23,development,-0.0031024969508647916,0.0015229698142766952,-0.0011994906695333236,-0.00092633926870714
2008-09-24,development,0.00269178264708519,0.006855852596139907,0.004492726076173782,0.004680120439799627
2008-09-25,development,0.0028920747792720793,0.00987518874900341,0.004102857836699485,0.005623373788324992
2008-09-26,development,0.0028455145798444745,0.0018019366101026534,0.0004990725766897201,0.0017155079222122827
2008-09-29,development,-0.010950853660035132,-0.005419057569432258,-0.009544361627840996,-0.00863809095243613
2008-09-30,development,0.012925324941084611,0.007525545113492012,0.004224603229403496,0.008225157761326707
2008-10-01,development,-0.003656893048906326,-0.012025273892664909,-0.006267708572888374,-0.007316625171486536
2008-10-02,development,-0.01495811014471054,-0.0027555149242162705,-0.004699179581236839,-0.007470934883387883
2008-10-03,development,0.007622743811941147,0.0049506936981678,0.003993014909029007,0.005522150806379318
2008-10-06,development,-0.012996847196817398,-0.009030406799983978,-0.008096256005477904,-0.01004117000075976
2008-10-07,development,-0.007479544763898849,-0.006475881186707055,-0.0059584879081010815,-0.006637971286235662
2008-10-08,development,0.003037579259443283,0.002901643035531044,0.004582487037920952,0.003507236444298426
2008-10-09,development,0.006874640579652786,0.0017805481140732765,0.0030926447737932203,0.003915944489173095
2008-10-10,development,-0.009315854531168937,-0.020007095863628387,-0.006949970406901836,-0.012090973600566386
2008-10-13,development,0.0363641622218132,0.03210392163208723,0.021639819688129423,0.030035967847343286
2008-10-14,development,-0.00434817741484642,-0.005432647363519668,-0.0037624309851968223,-0.0045144185878543035
2008-10-15,development,-0.017005004860496522,-0.020653127014398573,-0.019498381202602385,-0.019052171025832492
2008-10-16,development,0.0115425142434597,0.01135254782795906,0.014878475615167617,0.012591179228862126
2008-10-17,development,0.0006663013783216477,-0.0013790591351985932,0.0022356296895503997,0.000507623977557818
2008-10-20,development,0.010723005664634704,0.01018432622771263,0.012251518224096298,0.011052950038814546
2008-10-21,development,-0.007598131198169719,-0.008252261921954154,-0.010327014334011078,-0.00872580248471165
2008-10-22,development,-0.005430085384774208,-0.009172593337726593,-0.009223292428541183,-0.007941990383680661
2008-10-23,development,-0.002274584829568863,-0.0016461946697235107,0.002447733135342598,-0.0004910154546499253
2008-10-24,development,-0.004165656686979532,-0.005554826030725241,-0.007397212072014808,-0.0057058982632398605
2008-10-27,development,-0.003036927140492201,-0.013058510061603783,-0.010441874762105941,-0.008845770654733976
2008-10-28,development,0.013443160740768909,0.012757330275156215,0.015898803774380684,0.01403309826343527
2008-10-29,development,-0.009891710950160027,-0.009790790356969833,-0.00830968654706478,-0.009330729284731547
2008-10-30,development,0.010951754827153682,0.009427680827474593,0.00968991741657257,0.010023117690400282
2008-10-31,development,0.000012433147263526915,-0.0006309845889568329,-0.0030183872738361356,-0.0012123129051764805
2008-11-03,development,-0.000040281379067897795,0.0024683662987709043,-0.0015182193569660187,0.00030328852091232925
2008-11-04,development,0.00897387225960493,0.009284256374835967,0.0026835461668791656,0.006980558267106688
2008-11-05,development,-0.0023143359548926353,-0.0027389751907825467,0.002368084284853935,-0.000895075620273749
2008-11-06,development,-0.006469866766917705,-0.003548299902629852,0.0016049657239198684,-0.0028044003152092292
2008-11-07,development,0.0026837513730883595,0.005219216151762009,0.003179229834127426,0.0036940657863259313
2008-11-10,development,0.004066036267614364,0.004127167822313309,0.0071139152265787126,0.005102373105502128
2008-11-11,development,-0.0007246138448495236,-0.003785516880559921,0.0004938205347537995,-0.0013387700635518818
2008-11-12,development,-0.0032454939043760297,-0.006578658902978897,-0.003892817481815815,-0.00457232342972358
2008-11-13,development,0.0004292000441789627,0.0062828700153827665,0.0009941735770344735,0.0025687478788654007
2008-11-14,development,-0.0005466638101577759,-0.0031863112415790556,0.0018864658943414687,-0.000615503052465121
2008-11-17,development,0.0016242670726060867,-0.00048056440329551694,-0.0004975582797408103,0.00021538146318991983
2008-11-18,development,0.002443895709347725,-0.0009796420603537797,0.0021994040037274358,0.0012212192175737938
2008-11-19,development,-0.0008833795647144317,-0.0012830372715473175,-0.0027219494939804078,-0.0016294554434140521
2008-11-20,development,-0.0010227409742116927,-0.0015123372581481932,-0.0019749727147340772,-0.0015033503156979876
2008-11-21,development,0.008179511829471587,0.00496580724966526,0.007430823173886538,0.006858714084341129
2008-11-24,development,-0.0045889414000988005,0.0003852983530282974,-0.00245051761662364,-0.0022180535545647142
2008-11-25,development,-0.0055137449826717375,-0.007394030847835541,0.0015435585417773604,-0.0037880724295766394
2008-11-26,development,-0.0006208521329641341,-0.0019261322499275206,-0.0034146134965658188,-0.0019871992931524913
2008-11-28,development,-0.000723006878376007,0.0005289768155097961,0.002059494196629524,0.0006218213779211044
2008-12-01,development,-0.0005068978842616081,-0.0007371597770214081,-0.0013671217128038405,-0.000870393124695619
2008-12-02,development,-0.0005156428137638577,-0.0016008114861488342,0.0006789188171863555,-0.00047917849424211216
2008-12-03,development,0.002522056725168228,0.0034195064274311062,0.007939672031807898,0.004627078394802411
2008-12-04,development,-0.004511958854293823,-0.003436111274576187,-0.004528193207240104,-0.0041587544453700375
2008-12-05,development,0.00294633439745903,0.0029018190161705015,0.000630259872841835,0.0021594710954904554
2008-12-08,development,-0.001811243172931671,0.0002420428867816925,0.0022114855847120284,0.0002140950995206833
2008-12-09,development,0.0023570005764007567,0.0012348559634373902,-0.001504532845878601,0.000695774564653182
2008-12-10,development,-0.004576913015460968,-0.0023685984548330306,-0.002108540910887718,-0.0030180174603939053
2008-12-11,development,0.003600856753015518,0.00195795435757637,0.006635749744176864,0.004064853618256251
2008-12-12,development,0.004133703795051575,0.0008277585295438766,-0.0014574649323701857,0.0011679991307417552
2008-12-15,development,0.001431300078678131,0.0036404033536195754,0.0017433814402818678,0.0022716949575265245
2008-12-16,development,0.0004323151118278503,0.002558795577478409,0.0011216157993057974,0.0013709088295373523
2008-12-17,development,-0.004012985065746307,-0.003336742595052719,-0.001055892028069496,-0.002801873229622841
2008-12-18,development,0.004904661033153534,0.0026413833453416825,0.0027600836073875426,0.003435375995294253
2008-12-19,development,-0.0017060467884540556,-0.002376008379793167,-0.0026147157124280927,-0.002232256960225105
2008-12-22,development,0.005239106628751754,0.0025713965920209883,0.004762118302083015,0.0041908738409519196
2008-12-23,development,-0.0013798907309924364,-0.0026224726155281066,-0.0016697070715188979,-0.0018906901393464803
2008-12-24,development,-0.000057637379789352417,0.000012252583265304565,-0.0006424822789430618,-0.0002292890251557032
2008-12-26,development,-0.0018838455815792083,-0.0017489706109762191,-0.0012021346484184265,-0.001611650280324618
2008-12-29,development,-0.0016121904754638672,-0.0006476506207704544,-0.003069794181036949,-0.001776545092423757
2008-12-30,development,0.0012180292932033538,0.0018977179198223166,0.0032020312720060346,0.002105926161677235
2008-12-31,development,0.002716528776693344,0.00397440459638834,0.0019536429297685623,0.0028815254342834155
2009-01-02,development,-0.0006982961487293243,-0.002269410736131668,-0.00027949729056358336,-0.0010824013918081918
2009-01-05,development,-0.005108761546945572,-0.003956296584117412,-0.004865988779973984,-0.004643682303678989
2009-01-06,development,-0.011576746140146255,-0.009736335429108142,-0.015672385025493504,-0.012328488864915966
2009-01-07,development,0.010198691676568984,0.009714264166343212,0.009598641079318524,0.009837198974076906
2009-01-08,development,0.0013537701323986053,-0.0020800716720104214,-0.0033339290730953217,-0.0013534102042357127
2009-01-09,development,0.002155399803495407,0.00014542120206356048,0.0036472827225923535,0.001982701242717107
2009-01-12,development,0.0001175962818622589,0.003484040267086029,0.001797984412264824,0.001799873653737704
2009-01-13,development,-0.00034610658788323417,-0.004186452864849567,-0.001995909548985958,-0.002176156333906253
2009-01-14,development,0.004227980889832973,0.002132009561932087,0.003942458106482029,0.0034341495194156967
2009-01-15,development,0.004946863412582874,0.0012098317575812338,0.004740103219187259,0.0036322661297837886
2009-01-16,development,0.00015518312164545058,-0.0022513004217267034,0.0027370417225956916,0.00021364147417147952
2009-01-20,development,0.0021784973769307134,0.003403644345474243,0.004932709503984451,0.003504950408796469
2009-01-21,development,-0.003168517355442047,-0.001396400266138627,-0.004403142507219315,-0.0029893533762666625
2009-01-22,development,0.004775576455771923,0.00876922973305583,0.007484947741556168,0.00700991797679464
2009-01-23,development,-0.005098153141665458,-0.000110004869389534,-0.004832146526503563,-0.003346768179186185
2009-01-26,development,0.0016728239191770554,0.0006949732521176338,0.00034810562081336976,0.0009053009307026863
2009-01-27,development,0.0006993178367614745,0.0018885638132333754,0.0014936635822630137,0.0013605150774192879
2009-01-28,development,-0.002678006855022907,-0.005973109671062231,-0.006090329586321115,-0.0049138153708020845
2009-01-29,development,0.00420886289358139,0.005574993115854263,0.007843160432291031,0.005875672147242228
2009-01-30,development,-0.0006971956677556038,0.0033138530207812785,0.0014444291472256183,0.0013536955000837644
2009-02-02,development,0.0013777912933349609,0.003390611891424656,-0.0007271553917050361,0.0013470825976848603
2009-02-03,development,0.007430143798749963,0.0016813486256122589,0.004565837446308136,0.004559109956890119
2009-02-04,development,-0.0035318387220859525,0.0009733556302130221,-0.0018749525047600268,-0.001477811865544319
2009-02-05,development,-0.006123292133712768,-0.000852806205317378,-0.009461510107401013,-0.005479202815477053
2009-02-06,development,0.00030379664793014525,0.001054874134233594,0.0006565768355101347,0.0006717492058912912
2009-02-09,development,-0.00042143945064544676,-0.0022334337232261894,-0.000464206018063426,-0.001039693063978354
2009-02-10,development,0.0013025962638378143,0.0014277577669574762,-0.0022270407884538174,0.0001677710807804911
2009-02-11,development,0.00429649305973053,0.002984007422363758,0.005905675273245573,0.00439539191844662
2009-02-12,development,0.003857472274971008,0.005005559211087226,0.004141941831633448,0.0043349911058972275
2009-02-13,development,-0.0024317968277931213,-0.003690771932864189,-0.004968199085357785,-0.003696922615338365
2009-02-17,development,4.005433416366577e-6,-0.00044128274480104444,-0.0011926563814938069,-0.0005433112309594949
2009-02-18,development,0.0009009179899215697,0.0023535166107654572,0.002725749208522808,0.001993394603069945
2009-02-19,development,-0.0017250618348121642,-0.003324425671696663,-0.0048527650463342665,-0.003300750850947698
2009-02-20,development,0.0006873358909606933,-0.0018120207093954086,-0.0026126898311853407,-0.001245791549873352
2009-02-23,development,-0.0050321759093284605,-0.002936990201020241,-0.003958973303353787,-0.003976046471234162
2009-02-24,development,-0.0027127331346463875,-0.0025157999314308166,-0.002670674132943153,-0.002633069066340119
2009-02-25,development,-0.007053466602396964,-0.001853373263990879,-0.0008922556657552719,-0.0032663651773810385
2009-02-26,development,-0.0010589748624563217,-0.0051163663473606106,0.002700699976325035,-0.001158213744497299
2009-02-27,development,-0.003948566238415241,-0.0016928021665692328,-0.005573972732269764,-0.0037384470457514124
2009-03-02,development,0.004818939225661754,-0.0009177755713820458,-0.0013219209455132483,0.0008597475695888201
2009-03-03,development,-0.0031350505598545073,-0.00008891877972266301,-0.002487813621973991,-0.0019039276538503874
2009-03-04,development,0.0056806780263304706,0.00176365484469831,-0.002394831442439556,0.0016831671428630748
2009-03-05,development,-0.0033939213684558867,-0.0020603172344893215,-0.0020337718596220014,-0.002496003487522403
2009-03-06,development,0.01137062333395481,0.01306464470859468,0.011986341001701354,0.012140536348083616
2009-03-09,development,-0.0027773771658062933,-0.002502623445519805,-0.0020304222992062566,-0.0024368076368441183
2009-03-10,development,0.0016596481222987175,0.002792759283581376,0.0021824404928336674,0.00221161596623792
2009-03-11,development,-0.002372448894655704,-0.004083933123677969,-0.002009956383681297,-0.002822112800671657
2009-03-12,development,0.003307933900749683,-0.004737905845525861,0.001380486037147045,-0.00001649530254304427
2009-03-13,development,0.0023765541943550107,-0.0005544570173829793,0.005415687952387333,0.002412595043119788
2009-03-16,development,0.006045355687057972,0.00034983172186315057,0.002568852559506893,0.002988013322809338
2009-03-17,development,0.008660159622751653,0.005000525092434883,0.01218248020157814,0.008614388305588225
2009-03-18,development,-0.00521296015985012,-0.003261912490913272,0.001237796080172062,-0.0024123588568637764
2009-03-19,development,-0.004109815884399414,-0.005674421302863955,-0.00922344401806593,-0.006335893735109767
2009-03-20,development,0.00281873198223114,-0.0010593330716341734,-0.002101618057382107,-0.00011407304892838014
2009-03-23,development,-0.0020564756125450133,-0.0028253247182190417,0.007402088037610053,0.0008400959022819993
2009-03-24,development,-0.005473730192446708,-0.0017985718314040989,-0.0028313230622291565,-0.0033678750286933214
2009-03-25,development,0.004325001013231277,0.0038792935837745667,0.0035840087134599683,0.003929434436821938
2009-03-26,development,-0.001713332638168335,0.0009535506123781204,0.004769898143470287,0.0013367053725600242
2009-03-27,development,0.0009987666613340378,-0.0003521620040655136,-0.0028647539831519126,-0.0007393831086277961
2009-03-30,development,0.01157688705291748,0.011969008509254454,0.0029313553020238873,0.008825750288065275
2009-03-31,development,0.0044217559523344035,0.0046737363085269925,0.002268798332186008,0.0037880968643491347
2009-04-01,development,-0.005559630106568336,-0.006694834475111961,-0.007821851873159409,-0.006692105484946568
2009-04-02,development,-0.005128224194598198,-0.007692250165653228,-0.006006570356607437,-0.006275681572286289
2009-04-03,development,-0.004503570571374893,-0.009046650126838683,-0.005961342817926407,-0.006503854505379995
2009-04-06,development,0.00014248260033130646,0.0014947361162662505,-0.0007947255805492401,0.000280831045349439
2009-04-07,development,0.0021570675711232775,-0.0022644358367443084,0.000490907284784317,0.00012784633972109537
2009-04-08,development,-0.0014234246181964874,0.0006213600174903869,0.000012868824100494384,-0.0002630652588685354
2009-04-09,development,-0.016324350267505644,-0.020928353932285308,-0.015370732362699507,-0.017541145520830154
2009-04-13,development,-0.0020017624312400817,-0.00696915944519043,-0.0012615445116996764,-0.003410822129376729
2009-04-14,development,0.0016419584227085112,-0.0003329382503032684,-0.00005692183485031128,0.00041736611251831055
2009-04-15,development,-0.00372517324681282,-0.00417960241220603,-0.0033834377210617064,-0.003762737793360185
2009-04-16,development,-0.005272152739191055,-0.004072536192083359,-0.005393888817358017,-0.0049128592495441435
2009-04-17,development,-0.0105732055934906,-0.0122263922716856,-0.01163722607088089,-0.01147894131201903
2009-04-20,development,0.01400288693666458,0.012618446517705917,0.012208448126363753,0.012943260526911415
2009-04-21,development,-0.009494053602695465,-0.010571230560040473,-0.007240211085471584,-0.009101831749402508
2009-04-22,development,-0.008768215845441818,-0.006675058967018127,-0.00687102524857521,-0.007438100020345052
2009-04-23,development,-0.003724748788976669,-0.00035980781185626984,0.0015689723937511444,-0.000838528069027265
2009-04-24,development,-0.012734242262029648,-0.012935753023195266,-0.00938654883890152,-0.011685514708042145
2009-04-27,development,0.01299243995757103,0.011274162756609916,0.00852947652516365,0.010932026413114864
2009-04-28,development,0.0018880914976504566,-0.0008888827036619186,0.0021199438831329344,0.0010397175590404909
2009-04-29,development,-0.008801765514278411,-0.00919781462225914,-0.003608921258163452,-0.007202833798233668
2009-04-30,development,-0.009733871717882156,-0.0076132697643280026,-0.008787208115291595,-0.008711449865833918
2009-05-01,development,-0.0022408676048278806,-0.0020117678176164626,-0.0014326211483955383,-0.001895085523613294
2009-05-04,development,-0.011940077169847487,-0.014442443525552748,-0.011571597516155243,-0.01265137273718516
2009-05-05,development,0.0018058585727214812,0.006282501245013415,0.0009203951174736022,0.003002918311736166
2009-05-06,development,-0.00519121463508606,-0.00327981594247818,-0.00631191329960823,-0.00492764795905749
2009-05-07,development,0.006190095881938934,0.0029259881209373474,0.002452858062648773,0.0038563140218416847
2009-05-08,development,-0.007780181076049804,-0.00838210983185768,-0.013480131173753738,-0.00988080736055374
2009-05-11,development,0.011474154153728485,0.010271186380720138,0.01150425144639015,0.011083197326946258
2009-05-12,development,0.014020873177146911,0.010172222501564026,0.009628317841200508,0.011273804506637147
2009-05-13,development,0.016364135367536545,0.013467544704675673,0.013271929079699516,0.01436786971730391
2009-05-14,development,-0.00486925072350502,-0.0018639771368980406,-0.0012305118445158005,-0.00265457990163962
2009-05-15,development,-0.000775315108346939,-0.0011500422513484954,0.0000616395186305046,-0.0006212392803549765
2009-05-18,development,-0.013080265653610229,-0.011078955265522003,-0.0063680974023699755,-0.01017577277383407
2009-05-19,development,-0.006124823209846425,-0.0021925823446273802,-0.002299066806125641,-0.0035388241201998153
2009-05-20,development,0.0016396095539331435,-0.0018026329127788542,-0.0025420916838407516,-0.0009017050142288207
2009-05-21,development,-0.003856890911388397,-0.0015993701661586761,-0.0015254666900515557,-0.002327242589199543
2009-05-22,development,0.0028758290576934814,0.00216439841594696,0.002319017283439636,0.002453081585693359
2009-05-26,development,0.0036372052932500836,0.0011038377922058106,0.0031088815901398658,0.00261664155853192
2009-05-27,development,-0.004678814319682121,-0.0056065050067084544,-0.0073278484328866,-0.005871055919759058
2009-05-28,development,-0.0023680770609140396,-0.005171672387254238,-0.002843642511367798,-0.0034611306531786915
2009-05-29,development,0.0032348949959993363,0.002189324367165565,0.0024140614165902136,0.0026127602599183715
2009-06-01,development,-0.000348559215760231,-0.0006998962230026722,-0.0009860989693045617,-0.0006781848026891549
2009-06-02,development,0.003455964858317375,0.0054114596372127535,0.006676369583043808,0.005181264692857978
2009-06-03,development,0.0035861097054719925,0.004198067738842964,0.005577560956740379,0.004453912800351779
2009-06-04,development,-0.00820564781472683,-0.007713417176300287,-0.008081535109221934,-0.00800020003341635
2009-06-05,development,0.0007564976594924926,0.0008211554335176945,0.000377780640232563,0.00065181124441425
2009-06-08,development,0.0007742372145414352,0.0031444542544722554,0.0033675063190460202,0.0024287325960199034
2009-06-09,development,0.00025115578292335264,-0.0005294614222228527,-0.0011222062653899192,-0.00046683730156313975
2009-06-10,development,0.0006874327517747879,-0.0018238591364145278,-0.0015038093117713928,-0.0008800785654703777
2009-06-11,development,-0.0017773918571472166,-0.004387379669839144,0.0006154745006918907,-0.00184976567543149
2009-06-12,development,0.002596110201025009,0.0038102032929241657,0.0027150948591828346,0.003040469451044003
2009-06-15,development,0.00395010123436451,0.003941931688272953,0.0032524767763376233,0.003714836566325029
2009-06-16,development,0.0005035761518478394,0.003519236079700684,0.0031316315232038498,0.0023848145849174576
2009-06-17,development,0.01072405778274536,0.012700570985937118,0.011728501221024989,0.011717709996569155
2009-06-18,development,0.004205045309901238,0.004549714203596115,0.004602303498995304,0.004452354337497552
2009-06-19,development,-0.0023106515692472456,-0.0005865878429412841,-0.003350747258353233,-0.0020826622235139212
2009-06-22,development,0.010503281435227394,0.01053741488609314,0.007915222704470157,0.009651973008596897
2009-06-23,development,-0.0010619199490070343,-0.003133506261587143,0.0006104803129404307,-0.001194981965884582
2009-06-24,development,-0.001352021789741516,-0.003989369707202911,-0.0050699826965808865,-0.003470458064508438
2009-06-25,development,0.0032572055980205536,0.0036076584680080413,-0.001839164267361164,0.001675233266222477
2009-06-26,development,-0.0021058360550880433,-0.0040555961716651915,-0.005773250946414471,-0.003978227724389235
2009-06-29,development,0.0021702611605644226,0.00020517715311050414,0.0034624414636373517,0.0019459599257707595
2009-06-30,development,-0.0007273253841331447,-0.001186362856054306,0.0012013016530871392,-0.00023746219570010382
2009-07-01,development,0.004007127644377947,0.00068738000998497,0.0022317902338147163,0.0023087659627258777
2009-07-02,development,-0.00009652549566030502,-0.004266247282218933,0.0019318555463075638,-0.0008103057438572248
2009-07-06,development,0.004726761333620548,0.006040479376602173,0.004326419496178627,0.005031220068800449
2009-07-07,development,0.0006164425461500883,-0.0005871986060380936,0.0001563173314988613,0.00006185375720361867
2009-07-08,development,0.006915330709987878,0.0075242222506137005,0.006479595576059818,0.006973049512220466
2009-07-09,development,0.0024341053265094755,0.0024218027173161507,0.0023743547897815704,0.002410087611202399
2009-07-10,development,-0.0010170965812653302,0.00046860689393281936,0.0008101062673151493,0.00008720552666087947
2009-07-13,development,-0.0015957405022472143,-0.0009600607403039932,-0.0015139958919227123,-0.0013565990448246399
2009-07-14,development,0.0024470121731877325,0.0017944959228277206,-0.006761721927721235,-0.0008400712772352606
2009-07-15,development,0.00010934347138106823,-0.001154148038637638,-0.002582671922969818,-0.0012091588300754627
2009-07-16,development,-0.002478112443202734,-0.005130723450291156,-0.007748956001234054,-0.0051192639649093145
2009-07-17,development,0.0009145442284077405,0.002523727324736118,2.083033037185669e-6,0.001146784862060348
2009-07-20,development,-0.0018708725155323744,-0.007163024402344226,-0.005434511890125274,-0.004822802936000625
2009-07-21,development,0.004796770626523712,0.0058727235690712925,0.004217588943576813,0.004962361046390606
2009-07-22,development,-0.0016910592705965042,-0.0014935138880133628,-0.001387725737428665,-0.001524099632012844
2009-07-23,development,-0.0023863999735116957,-0.006141909672164917,-0.007601533655405044,-0.0053766144336938855
2009-07-24,development,-0.0036003299271583555,-0.0029610709509015083,-0.0034184036534309387,-0.0033266015104969344
2009-07-27,development,0.000294782661652565,-0.0013464138544321059,-0.0013140904329299926,-0.0007885738752365112
2009-07-28,development,0.00573162804312706,0.0038970007675985935,0.002606288016653061,0.004078305609126238
2009-07-29,development,0.0037570930182933807,0.008236934941017628,0.006979356187725067,0.006324461382345358
2009-07-30,development,-0.005138638572072983,-0.00849993131160736,-0.010416006528902053,-0.008018192137527465
2009-07-31,development,0.0006809421542167663,-0.0021549786715507504,-0.008320235576248168,-0.003264757364527384
2009-08-03,development,-0.00397844917936325,-0.00027900071541070936,-0.007119262089443207,-0.003792237328072389
2009-08-04,development,-0.007470019755458831,-0.009219918737864494,-0.011372928648528789,-0.009354289047284038
2009-08-05,development,-0.0020675895434379577,-0.004432310376727581,-0.006761694831562042,-0.004420531583909194
2009-08-06,development,-0.005637425134992599,-0.0012008080762743948,0.0005913639985561371,-0.002082289737570286
2009-08-07,development,-0.017848418533182142,-0.012648912679147719,-0.00906885896267891,-0.013188730058336257
2009-08-10,development,-0.0006860978988647461,-0.005278427060222625,-0.0012269009071350096,-0.0023971419554074604
2009-08-11,development,0.008864238392531339,0.0077098545519888395,0.00979612850818634,0.00879007381756884
2009-08-12,development,-0.003844454740899801,-0.001772256662839651,-0.003315360828399658,-0.0029773574107130364
2009-08-13,development,-0.0003328783715724945,-0.0004973833839654922,-0.0014583553532123564,-0.0007628723695834479
2009-08-14,development,0.0065804012226045126,0.004137470472186803,0.004446843924045563,0.00505490520627896
2009-08-17,development,0.0027942058212876318,0.005483105620801449,0.006222952179479599,0.00483342120718956
2009-08-18,development,-0.0058755254959225655,-0.004217751541001662,-0.004020914441823959,-0.004704730492916062
2009-08-19,development,0.003865706772381067,0.0040095245242357256,0.0023675580440044404,0.003414263113540411
2009-08-20,development,-0.0011620300971090793,-0.0006569894470334053,-0.0050202529798507685,-0.002279757507997751
2009-08-21,development,-0.008117351062363385,-0.005183912734091281,-0.004922177664661407,-0.006074480487038692
2009-08-24,development,-0.0024245628065168857,-0.004815420661365985,-0.0011934169509887694,-0.0028111334729572137
2009-08-25,development,-0.003386022588545084,-0.0003272392509818077,-0.003253761425757146,-0.0023223410884280126
2009-08-26,development,0.00787059523912072,0.007613945652210712,0.005687343256735801,0.007057294716022411
2009-08-27,development,0.0030699031639933585,-0.004271440743827819,-0.00041746931495666503,-0.0005396689649303753
2009-08-28,development,-0.0059192516321420665,-0.005660704488551617,-0.004949937524652481,-0.0055099645484487205
2009-08-31,development,0.002199693024331331,0.0018553160135269164,0.004216863672375679,0.002757290903411309
2009-09-01,development,0.006374954672124405,0.004355241691088676,0.00549336178047657,0.005407852714563216
2009-09-02,development,0.004236240875720978,0.00810348059682846,0.012023466055393218,0.00812106250931422
2009-09-03,development,0.00046385369114875793,0.00041690075706243514,0.0032341967484712597,0.0013716503988941509
2009-09-04,development,-0.0014422808091640472,0.003528911824786663,0.00006963951752185821,0.0007187568443814914
2009-09-08,development,-0.00862088668513298,-0.004303115449666977,-0.00518529842736721,-0.006036433520722389
2009-09-09,development,-0.001029580976486206,0.0009393710398573152,-0.004153037660336494,-0.0014144158656551281
2009-09-10,development,-0.008009428803253173,-0.005217577809119224,-0.007992615019106865,-0.007073207210493087
2009-09-11,development,-0.00043309083743095397,-0.004744359487366676,0.0005414605992317199,-0.00154532990852197
2009-09-14,development,-0.005110889923620224,-0.0077806681380271905,-0.004891914651489257,-0.005927824237712224
2009-09-15,development,-0.011455190968084335,-0.011003474176836014,-0.012854476148291287,-0.011771047097737212
2009-09-16,development,-0.005333227723121643,-0.011808177952384948,-0.009123078747200966,-0.008754828140902518
2009-09-17,development,0.004447240501356125,0.0036100754019141195,0.007300244552206993,0.005119186818492412
2009-09-18,development,0.007241944772386551,0.008995969244670868,0.00913414345998764,0.008457352492348353
2009-09-21,development,0.005233190679597854,0.003945199595987796,0.0035509342410326,0.004243108172206083
2009-09-22,development,-0.010957779532998512,-0.009715588078713417,-0.01079963871064186,-0.010491002107451262
2009-09-23,development,0.005731058179330825,0.005558001357221603,0.008927630430173873,0.006738896655575433
2009-09-24,development,0.004751309326696396,0.008174418189656734,0.008749594163441657,0.007225107226598262
2009-09-25,development,-0.00312835787858963,-0.007101318620407581,-0.003450658320736885,-0.004560111606578032
2009-09-28,development,0.002848502292871475,0.008094433410930633,0.0011817911723613738,0.004041575625387827
2009-09-29,development,0.003531880712032318,0.0010126257897028858,-0.0012191603936195373,0.001108448702705222
2009-09-30,development,0.004664889373636245,0.005745359279942512,0.010365002693343162,0.006925083782307307
2009-10-01,development,0.006552285257244109,0.007756658279824256,0.007864728415441512,0.00739122398416996
2009-10-02,development,-0.003185404476881027,-0.00609149485104084,-0.0018763861279964447,-0.003717761818639437
2009-10-05,development,0.004005993133449555,0.006439892126131058,-0.0004214531235694885,0.003341477378670375
2009-10-06,development,0.001914811574745178,0.003633492574548721,0.0011013940629808318,0.002216566070758244
2009-10-07,development,-0.00016666014170646666,-0.0007395434510231017,0.0020337804868936537,0.00037585896472136173
2009-10-08,development,-0.004862256051921844,-0.0039027493111371994,-0.005855029003357887,-0.004873344788805643
2009-10-09,development,-0.0025924632956027985,0.0007915788273334503,0.0010466142094492912,-0.0002514234196066857
2009-10-12,development,-0.00025639937176704405,0.002866664649629593,0.0015899972398400305,0.0014000875059008598
2009-10-13,development,-0.0035992285503901483,-0.003091948792886734,-0.00255174974386692,-0.0030809756957146006
2009-10-14,development,0.0019190651426792143,0.003894600827312469,0.003312173188638687,0.003041946386210123
2009-10-15,development,-0.0018310830760002136,-0.004393069387149811,-0.0026785230872750283,-0.0029675585168083512
2009-10-16,development,-0.001019938276720047,0.0029755217967033384,0.00022491505469083786,0.0007268328582247098
2009-10-19,development,0.004039544035577774,0.004726989429616928,0.006988017628455162,0.005251517031216621
2009-10-20,development,-0.005889175263690948,-0.0005551662259326461,0.0013444941158533095,-0.001699949124590095
2009-10-21,development,-0.0012716234760284423,0.0015424996814727783,0.004593808069479465,0.0016215614249746003
2009-10-22,development,-0.0017071644502162932,-0.0024659868730545044,-0.006171463927006721,-0.0034482050834258398
2009-10-23,development,0.005516774944639206,0.005560969536972046,0.0029212521679997444,0.004666332216536999
2009-10-26,development,-0.005190076778793335,0.001607245491170883,-0.0024639688026189804,-0.0020156000300804774
2009-10-27,development,-0.0019297198863506317,-0.0011296833439588547,-0.00019063387920929234,-0.0010833457031729262
2009-10-28,development,-0.002461975182533264,0.00010623094902038573,0.003837832856750488,0.0004940295410792032
2009-10-29,development,0.005264426725721359,0.004879568207526207,0.006833843811941146,0.0056592795817295705
2009-10-30,development,-0.004557123912668228,-0.0005900163029193878,-0.0010256572707176208,-0.0020575991621017455
2009-11-02,development,0.008705679954528808,0.005883661333584785,0.003962960564899445,0.006184100617671012
2009-11-03,development,-0.002896433717395758,-0.002360300521349907,-0.00018013516817092895,-0.0018122898023055312
2009-11-04,development,0.006693326044702529,0.009200367713451386,0.004185181653308868,0.006692958470487595
2009-11-05,development,0.004118543688869476,-0.0031287795440673827,-0.0010747189534664153,-0.000028318269554774022
2009-11-06,development,-0.0013487739822387694,-0.00168307212600708,-0.00217934258518219,-0.0017370628978093463
2009-11-09,development,0.00708821373295784,0.0045847694851636886,0.0027699322497367856,0.004814305155952771
2009-11-10,development,0.00454164925661087,0.0009179606737675192,0.0033053867309093474,0.002921665553762579
2009-11-11,development,0.0028305694336414338,0.0038098991373538968,0.0034224238311767576,0.003354297467390696
2009-11-12,development,0.00256307300696373,0.003715569188117981,0.0000895376254081726,0.002122726606829961
2009-11-13,development,0.005581906000137329,0.002228824965906143,0.007866738752317429,0.005225823239453634
2009-11-16,development,-0.003264788983297348,-0.00506984421377182,-0.0026675590258121488,-0.0036673974076271054
2009-11-17,development,0.005115884191703796,0.0015422346354484558,-0.0003877382606998205,0.002090126855484144
2009-11-18,development,-0.0004106444398880005,-0.0006504781858444214,-0.0012706401324272154,-0.0007772542527198791
2009-11-19,development,0.0009360725037574767,0.002721623628950119,0.0038343614611148834,0.0024973525312741596
2009-11-20,development,-0.0018336465476989745,0.001249041891002655,-0.0012958491728782653,-0.0006268179431915282
2009-11-23,development,0.004395333655071258,0.00033802510547637936,-0.00018714208288192748,0.0015154055592219032
2009-11-24,development,-0.0002649387094515798,-0.003652041476535797,0.0013163035489082335,-0.0008668922123597143
2009-11-25,development,-0.0034548956496238707,-0.0020881718052387236,-0.002161667244434357,-0.0025682448997656503
2009-11-27,development,-0.0035274178446292877,-0.0042487350223541255,-0.00025906935968399045,-0.0026784074088891346
2009-11-30,development,0.0009014808518409728,0.0016630327305316925,0.00026172735877037046,0.0009420803137143453
2009-12-01,development,-0.0030025201781749724,-0.004675968025519038,-0.0038639334367275235,-0.0038474738801405114
2009-12-02,development,-0.0035456392527103424,-0.0031670222503662106,0.0004472077691078186,-0.0020884845779895783
2009-12-03,development,0.0036514023531913757,0.0026359345161914823,0.002287722075557709,0.0028583529816468556
2009-12-04,development,-0.0020806191800594328,-0.0021094694378376005,-0.002619684800338745,-0.0022699244727452596
2009-12-07,development,0.003995741137218475,0.0027230952242851257,0.006399613664293289,0.00437281667526563
2009-12-08,development,-0.0021160684879302978,-0.000702963783454895,-0.0037173800106336348,-0.0021788040940062758
2009-12-09,development,0.0032763572306632994,0.0038494715451717373,0.005834302307033539,0.004320043694289525
2009-12-10,development,0.007131839789676666,0.0029738623418331146,0.01086674046640396,0.00699081419930458
2009-12-11,development,-0.0007440712878227233,-0.003460797009038925,-0.0036190788615226743,-0.0026079823861281074
2009-12-14,development,0.0011002174648284911,0.0004446052843570709,0.0055597215901374815,0.0023681814464410144
2009-12-15,development,0.0006231845192489863,-0.0017419008887767792,-0.0008608775024414062,-0.0006598646239897331
2009-12-16,development,-0.000028685143947601317,-0.00030605148372650146,-0.0005175045662879944,-0.0002840803979873657
2009-12-17,development,-0.001467876473712921,-0.003099613203716278,-0.006694158770275116,-0.0037538828159014385
2009-12-18,development,-0.0033723810339450835,0.00036544852929115294,-0.00017846565580368042,-0.0010617993868192036
2009-12-21,development,-0.006014808659124374,-0.005013377895641327,-0.006345379757213592,-0.005791188770659764
2009-12-22,development,0.004165874136304855,0.0006391664408601754,0.005117862382698059,0.003307634319954363
2009-12-23,development,0.0013754111543655394,0.001787220030069351,0.00017617487440109252,0.0011129353529453277
2009-12-24,development,-0.0002947775207519531,-0.001276307626581192,-0.0017109421500205993,-0.0010940090991179148
2009-12-28,development,0.0024935108521938324,0.004139475972461701,0.0033533872758865356,0.003328791366847356
2009-12-29,development,0.0022967545495033263,0.0027763822329521176,0.0023817165294647215,0.0024849511039733885
2009-12-30,development,-0.0005763081427574158,0.002745294092130661,0.0020686317444215774,0.001412539231264941
2009-12-31,development,0.0024496756344795224,0.0006738734243869781,0.0016160403299808502,0.0015798631296157835
2010-01-04,development,-0.003341578014373779,-0.0017120191822528837,-0.00048380498814582824,-0.001845800728257497
2010-01-05,development,0.0010792461342334747,-0.00005056765937805176,0.007188365919971466,0.0027390147982756293
2010-01-06,development,0.0033086434293033125,0.002108817147731781,0.001133808148765564,0.0021837562419335524
2010-01-07,development,-0.00813338036198616,-0.008965847118091582,-0.006041035573577881,-0.007713421017885208
2010-01-08,development,0.00398346840558052,0.005552496335840225,0.005392312578248977,0.004976092439889907
2010-01-11,development,0.005307011496829986,0.0030534811346054074,0.0006923133445739746,0.0030176019920031224
2010-01-12,development,0.005722979405212402,0.0010891398846084354,0.002414647383356094,0.0030755888910589772
2010-01-13,development,0.002289916941642761,0.002428650694799423,-0.00017081593403816221,0.001515917234134674
2010-01-14,development,-0.0018432957750320433,-0.003117670968770981,0.0016787252548217772,-0.0010940804963270824
2010-01-15,development,0.0004515569728851318,0.0010033873646259307,0.0005069436673164367,0.0006539626682758331
2010-01-19,development,0.0035062610561370847,0.008684097948503494,0.003947724260854721,0.0053793610884984334
2010-01-20,development,-0.010410794069766997,-0.011816911422681807,-0.011847632507398485,-0.011358445999949096
2010-01-21,development,-0.006537941724395752,-0.008448358496904373,-0.009858752651453018,-0.008281684290917714
2010-01-22,development,0.002260323760032654,0.00008767330803871155,-0.0028669638053417205,-0.00017298891242345169
2010-01-25,development,0.0035287262323379517,0.002121829777908325,0.0032717815024375916,0.002974112504227956
2010-01-26,development,-0.001865247189583826,0.0024509106533527375,-0.0035791892112255093,-0.000997841915818866
2010-01-27,development,-0.00002644930658340454,-0.000552890266418457,-0.001323042487001419,-0.0006341273533344268
2010-01-28,development,-0.0013771946895122528,-0.0020944069280147554,-0.001540787390232086,-0.001670796335919698
2010-01-29,development,0.0010778514019966125,0.0034777568660259244,0.008135213510227203,0.004230273926083247
2010-02-01,development,0.005446624022579193,0.0007480326625823974,0.0007051057632446289,0.0022999208161354062
2010-02-02,development,0.002776220982646942,0.001813767708034636,0.003272098178243637,0.0026206956229750714
2010-02-03,development,0.00501323521785736,0.00759519958114624,0.0072945458577632905,0.0066343268855889636
2010-02-04,development,0.0009312452265739441,0.002081199316573143,0.0037896833747863767,0.002267375972644488
2010-02-05,development,-0.002589344111776352,-0.002064258004593849,0.00013507398056983948,-0.0015061760452667872
2010-02-08,development,-0.0018317469658374786,-0.0007365341681957244,-0.002687999095726013,-0.0017520934099197385
2010-02-09,development,0.00860627429356575,0.00912493971376419,0.0031367784009347917,0.006955997469421577
2010-02-10,development,-0.003313500360393524,-0.003209401514339447,-0.004184457456493378,-0.0035691197770754495
2010-02-11,development,0.004094169747018814,0.004973992026758194,-0.0029846409517288205,0.0020278402740160624
2010-02-12,development,-0.004615950641298294,0.0002504678920745849,-0.006065835359096527,-0.0034771060361067454
2010-02-16,development,0.005178577040719986,0.00500083843421936,0.0003542032381534576,0.003511206237697601
2010-02-17,development,0.006745627377216052,0.005835370282173157,0.006968156739997864,0.006516384799795691
2010-02-18,development,0.007625926276397705,0.0107600357527256,0.008913091928768158,0.009099684652630488
2010-02-19,development,-0.005476590837526321,0.0025866302148342133,-0.002056062921667099,-0.001648674514786402
2010-02-22,development,0.001588693056344986,-0.00023673527011871336,0.0008317673639774323,0.0007279083834012349
2010-02-23,development,0.0033513980561733245,0.002357229759029104,-0.001871897934246063,0.0012789099603187886
2010-02-24,development,0.009140331534671782,0.006447840955018997,0.010139259086275101,0.008575810525321961
2010-02-25,development,0.006033635450029373,0.0017360653021812437,0.005363936829996109,0.004377879194068909
2010-02-26,development,0.005729913289833069,0.004721103885412216,0.006679178772640228,0.005710065315961838
2010-03-01,development,0.0024333555457592007,0.007731464317655563,0.0020344493562221527,0.004066423073212306
2010-03-02,development,-0.005425069026374817,-0.0013858382807731629,0.0006439565726011038,-0.0020556502448489584
2010-03-03,development,-0.0033647102366447445,0.00032113352499008177,-0.002272594854259491,-0.0017720571886380512
2010-03-04,development,0.00404450739865303,0.004272396944475174,0.0020728359132766725,0.0034632467521349586
2010-03-05,development,0.00265923848361969,0.00445368475189209,0.004546209445762634,0.003886377560424805
2010-03-08,development,0.0003986681487560272,0.0027870150097846986,0.0029177291560173032,0.002034470771519343
2010-03-09,development,0.0003861375071969509,0.002166774531364441,0.0009311349802017211,0.001161349006254371
2010-03-10,development,-0.0036453054874897002,-0.0026296600054264065,0.00019123336219787596,-0.00202791071023941
2010-03-11,development,0.004898298193883896,0.0008764470552921295,0.00315034851732254,0.0029750312554995217
2010-03-12,development,-0.00517998046169281,-0.002296982358026504,-0.003809477086353302,-0.0037621466353575383
2010-03-15,development,-0.002705269421672821,0.0006671697395801544,0.00011977114286422729,-0.0006394428464094798
2010-03-16,development,-0.004115238278102874,-0.009388897872172485,-0.004365581450557709,-0.005956572533611023
2010-03-17,development,-0.009538711435937881,-0.010470053488826752,0.0006285813482284546,-0.0064600611921787265
2010-03-18,development,0.0012782761209011078,0.0015627878815889357,0.0002823850546836853,0.0010411496857245762
2010-03-19,development,-0.0008237278283119201,0.003468933932805061,-0.004093579102802276,-0.0004827909994363784
2010-03-22,development,-0.0010950705931186675,-0.0016948154475688933,-0.000581717889213562,-0.0011238679766337077
2010-03-23,development,-0.0033635108624935147,0.0007228870554685592,0.0003632748184474956,-0.0007591163295258199
2010-03-24,development,0.006894898626947403,-0.002109041448521614,-0.00019062381410598755,0.0015317444547732673
2010-03-25,development,-0.00021732037200927735,0.0006797096611976623,-0.0025027000873088837,-0.0006801035993734996
2010-03-26,development,0.004299381938076019,0.004588798640155792,0.0004617372668743133,0.0031166392817020415
2010-03-29,development,0.003978460184383392,0.0032473785374641418,0.007636809014177322,0.004954215912008285
2010-03-30,development,0.0010651316501615524,0.000944294649863243,0.004381933570098877,0.002130453290041224
2010-03-31,development,-0.00012830049176216124,0.001554533882021904,0.0011393830976486206,0.0008552054959694546
2010-04-01,development,0.0016505540373802185,-0.0011578045397281646,-0.0009875381862163542,-0.00016492956285476677
2010-04-05,development,-0.0015530751055717468,0.0004063619424819946,-0.003300885870838165,-0.0014825330113093056
2010-04-06,development,0.00008505060439109802,-0.0006303559438467026,-0.00026899848632812496,-0.0002714346085945765
2010-04-07,development,-0.0005406387458324432,-0.001309063477438748,0.0008615465675354003,-0.00032938521857859686
2010-04-08,development,-0.00044736264615058896,-0.005633080882644653,-0.002862171187877655,-0.002980871572224299
2010-04-09,development,0.0021528218152999878,-0.004732648451709747,0.0010767857462406158,-0.0005010136300563811
2010-04-12,development,-0.002439006270933151,0.0014233432587623595,-0.0025757699203014374,-0.0011971443108240764
2010-04-13,development,0.004149231774711609,0.0009951879605293273,0.000678960991376925,0.0019411269088726202
2010-04-14,development,-0.0006830290930747986,-0.0033711920077323914,0.0005673331947803497,-0.0011622959686756135
2010-04-15,development,0.00393210910243988,0.0018788643409729004,0.005797406318807602,0.0038694599207401274
2010-04-16,development,-0.00825958487100601,-0.006501188740348816,-0.006417024176931381,-0.0070592659294287366
2010-04-19,development,0.002144109644794464,0.002563039176464081,0.002396917349910736,0.002368022057056427
2010-04-20,development,0.002585457678785847,0.004127148961257934,0.00520071615819931,0.003971107599414363
2010-04-21,development,-0.006908327202701568,-0.009502496183013916,-0.008166551070213317,-0.008192458151976266
2010-04-22,development,-0.0015295068013191223,-0.006505968374824524,-0.003645379345798492,-0.003893618173980713
2010-04-23,development,-0.00048018039474487305,-0.005456154068279266,-0.0008546871885299682,-0.002263673883851369
2010-04-26,development,-0.008333175745487214,-0.0011799585094451903,-0.0021382922165870664,-0.0038838088238398235
2010-04-27,development,-0.004796318493461608,-0.00623370794612036,-0.00903759867143631,-0.006689208370339425
2010-04-28,development,0.0002303376935958862,0.0010922824420928955,0.006217132495117187,0.002513250876935323
2010-04-29,development,0.01040544816532135,0.00595749379491806,-0.0033377957075119017,0.004341715417575835
2010-04-30,development,-0.0004775242962837219,-0.006751035683441162,-0.0055906250710487364,-0.004273061683591207
2010-05-03,development,-0.0028314709427833557,0.0018356938456535337,0.005954222285366058,0.0016528150627454121
2010-05-04,development,0.0009879792351722718,-0.0024200228490829467,-0.0078717047305307,-0.0031012494481471252
2010-05-05,development,0.005588390179252624,0.0005405161407470702,0.007432024460345506,0.004520310260115067
2010-05-06,development,-0.011089810602998733,-0.014865078644132614,-0.01273777675036192,-0.012897555332497757
2010-05-07,development,0.00291990104765892,0.005003825768661499,0.003133083992689848,0.0036856036030034223
2010-05-10,development,0.004152264214754104,0.007846512376070022,0.010111113391059636,0.0073699633272945875
2010-05-11,development,-0.0017825919976461888,-0.006883133924674987,-0.004539036988812685,-0.00440158763704462
2010-05-12,development,0.0005596265765190125,-0.004275819329071045,0.004854171407061815,0.0003793262181699274
2010-05-13,development,0.0003214150382041931,-0.004163975793790817,-0.0044795995020985606,-0.002774053419228395
2010-05-14,development,-0.001854882810974121,-0.00033708800535202024,-0.0018055205424845218,-0.0013324971196035545
2010-05-17,development,0.0006275234360694885,-0.0024595709307670592,-0.0007603022985339165,-0.0008641165977438291
2010-05-18,development,-0.002011982507944107,-0.002771555942540096,-0.00367529151866436,-0.0028196099897161877
2010-05-19,development,0.0025222465251922605,0.004210888668376207,0.002189309745723009,0.0029741483130971587
2010-05-20,development,-0.004846361616325378,-0.003945543796497583,-0.008235731494671106,-0.005675878969164689
2010-05-21,development,0.0036434091068744657,0.006910773425191641,0.005686431244939566,0.005413537925668558
2010-05-24,development,-0.003134374535083771,-0.002476047464418411,-0.000935372512102127,-0.002181931503868103
2010-05-25,development,0.0013665601071834563,0.0012670068299293518,-0.0032999893604133933,-0.0002221408077668618
2010-05-26,development,-0.0024890538494110105,-0.005385912842059136,-0.0007328219479560852,-0.0028692628798087437
2010-05-27,development,0.008841483419609069,0.005819942212969064,0.0018077551498889921,0.005489726927489042
2010-05-28,development,-0.003229985067987442,-0.003099628025370836,0.0011033485092639922,-0.0017420881946980955
2010-06-01,development,0.002378283437013626,0.0029129609893858432,0.00830603033246994,0.004532424919623136
2010-06-02,development,0.00520471481438055,0.006652692372566461,0.006462390419721603,0.006106599202222871
2010-06-03,development,0.0003714274474143982,-0.0006286861674547195,0.0026080813443660734,0.0007836075414419173
2010-06-04,development,-0.00028752798500061036,-0.0031434822855114937,-0.0013546532697200774,-0.0015952211800773937
2010-06-07,development,0.005716375650405884,0.005309934174227714,0.007090631786441802,0.006038980537025133
2010-06-08,development,0.0030925629917144776,0.005370050110334992,0.00251056538066864,0.003657726160906037
2010-06-09,development,-0.006521040902614593,-0.0008368039459824562,-0.004478530769300461,-0.00394545853929917
2010-06-10,development,0.0012537355064392089,0.0037337227323412893,0.0037647256792545315,0.00291739463934501
2010-06-11,development,0.00044384488925933835,0.0003452065475106239,0.003949842923355103,0.0015796314533750215
2010-06-14,development,-0.0029042490454673766,-0.0009725379679799079,-0.002000099545955658,-0.001958962186467647
2010-06-15,development,-0.0004012496114730835,0.0012056325325250626,0.000058324444443630634,0.0002875691218318699
2010-06-16,development,0.006764361775302887,0.005032092499303817,0.007005030115413665,0.0062671614633401235
2010-06-17,development,0.007081517888927459,0.005107592602467537,0.005485382220888137,0.005891497570761045
2010-06-18,development,0.0022398025834083554,0.004345345902466774,0.0012391156927108763,0.002608088059528668
2010-06-21,development,-0.0019163242564201354,-0.002476140448653698,-0.0001512105240345001,-0.0015145584097027778
2010-06-22,development,0.001656641678262592,0.0004629762196540832,0.0003041878599643707,0.0008079352526270153
2010-06-23,development,-0.0010152494453907013,0.00020783798649311064,-0.006207068756246567,-0.0023381600717147194
2010-06-24,development,-0.0031940109543800352,-0.0008475913527011871,0.0012449705381870268,-0.0009322105896313986
2010-06-25,development,-0.008857644655323028,-0.003824725498116016,-0.0039705086596012115,-0.005550959604346752
2010-06-28,development,0.00011158135051727295,0.004328294644463062,0.0030544358857154843,0.0024981039602319393
2010-06-29,development,0.00038195479350090024,0.0021445339162701623,0.002417603735971451,0.0016480308152475043
2010-06-30,development,-0.003643366305208206,-0.003522344617795944,-0.003046493459367752,-0.003404068127457301
2010-07-01,development,0.004506266903495789,0.006111753654766083,0.001997358030796051,0.004205126196352641
2010-07-02,development,0.0008325992362976074,-0.0011057723894596098,0.0010791886782169342,0.00026867184168497725
2010-07-06,development,0.0035783752363204952,0.004743760547065734,0.006490384990310669,0.004937506924565633
2010-07-07,development,0.002203397790956497,0.0033996540637016297,0.005676009800477663,0.0037596872183785963
2010-07-08,development,-0.002322842500925064,-0.002867740993785858,-0.0017710566519021987,-0.002320546715537707
2010-07-09,development,-0.0031938475635528564,-0.0023562270506858824,-0.0016455111540794373,-0.002398528589439392
2010-07-12,development,0.0005589601994514465,0.00826389736843109,0.006951345494127273,0.0052580676873366025
2010-07-13,development,-0.002127182336303996,0.0018630423637390136,0.002127301643204689,0.0006210538902132356
2010-07-14,development,0.0006516736197471619,0.002279016115474701,0.00031457629342079163,0.0010817553428808847
2010-07-15,development,-0.0015969257333755492,-0.0008118285066604614,-0.0023827667336940766,-0.0015971736579100289
2010-07-16,development,-0.0017248384031772613,-0.0008368966558456421,-0.0046295820679187775,-0.0023971057089805605
2010-07-19,development,0.0033358396049022673,0.003450776594352722,0.0030830779224157332,0.0032898980405569075
2010-07-20,development,-0.00004583293972015381,-0.000564172561377217,0.003140516473293304,0.0008435036573986444
2010-07-21,development,-0.0011570235894680023,0.00012611171927452087,-0.0017452679993867873,-0.0009253932898600895
2010-07-22,development,-0.004786081858682632,-0.005680727388715744,0.002379466138291359,-0.002695781036369006
2010-07-23,development,0.004777488334131241,0.002350052835655212,0.005036258959603309,0.004054600043129921
2010-07-26,development,-0.0034770185404777525,-0.005465642404937744,-0.002271579174208641,-0.0037380800398747124
2010-07-27,development,-0.0020497973791122437,0.005302220640707016,0.00190333102189337,0.001718584761162714
2010-07-28,development,0.0025497443183422086,0.004260854580259323,0.004759415357112884,0.0038566714185714716
2010-07-29,development,-0.0008397746116638183,0.0019806152050971986,0.003090846137046814,0.001410562243493398
2010-07-30,development,0.0032736469796180723,-0.0013624119790077208,0.00202492948141098,0.0013120548273404438
2010-08-02,development,-0.0007110617220401764,-0.0033419048235416413,-0.003922576124763488,-0.0026585142234484354
2010-08-03,development,0.0028335268590080143,0.004722266574430465,0.00960983826303482,0.005721877232157766
2010-08-04,development,-0.0009373405679911375,-0.0049390300449371335,-0.0019493898920059202,-0.0026085868349780637
2010-08-05,development,-0.00018133674675524235,-0.00452555405626297,-0.0023056499979019164,-0.0023375136003067096
2010-08-06,development,0.007155333334466814,0.006384316751194,0.004894820151996613,0.0061448234125524755
2010-08-09,development,0.0024595081508606673,-0.00207814317073822,0.0009829992712974548,0.00045478808380663397
2010-08-10,development,0.002404882119730115,-0.0005573082233924855,0.004717860189247131,0.0021884780285282533
2010-08-11,development,-0.0021082981407672167,-0.0015740695889949797,0.0009470074360847472,-0.0009117867645591498
2010-08-12,development,0.00032602425745427606,0.0025113630074977875,0.004840039856624603,0.0025591423738588887
2010-08-13,development,0.0022229619769662617,-0.001346817070531845,-0.00037177535133361815,0.00016812318503359948
2010-08-16,development,-0.001208789766949415,0.0017647250162124632,0.0006310147989273071,0.0003956500160634518
2010-08-17,development,0.0025501542744010685,0.0027931221040725708,0.0035877463579158412,0.0029770075787964936
2010-08-18,development,0.0018120173217892647,0.00007627991209030151,0.002555063131380081,0.0014811201217532158
2010-08-19,development,0.003933523248168826,0.000287813623547554,-0.0033335337162613866,0.0002959343851516645
2010-08-20,development,-0.0006554552028208971,-0.005414963915014267,-0.004051930492830276,-0.00337411653688848
2010-08-23,development,-0.0006644483568876981,-0.0023278914270401,-0.005137551056671142,-0.00270996361353298
2010-08-24,development,-0.00802381933106906,-0.000985029634952545,-0.002852967651081085,-0.003953938872367563
2010-08-25,development,-0.0007123880668640137,-0.0000987267210483551,0.00013130651552677153,-0.00022660275746186573
2010-08-26,development,0.00020137222552299498,-0.0003420890630722046,-0.001077412990283966,-0.0004060432759443919
2010-08-27,development,-0.0008362664945602416,0.000819484819984436,-0.0019275577814579009,-0.0006481131520112355
2010-08-30,development,-0.0018829809242248534,-0.0005623170872926711,-0.0013364417226433753,-0.0012605799113869665
2010-08-31,development,0.002692997868680954,-0.0014544984335849165,-0.0005683866589426994,0.00022337092538444602
2010-09-01,development,0.007850984782505035,0.0009106146948337554,0.004820215591359138,0.004527271689565976
2010-09-02,development,0.0018551069536209106,0.002922230476474762,0.004591973574364185,0.003123103668153286
2010-09-03,development,0.003911084049129486,-0.0007022141652107238,0.003309639035952091,0.0021728363066236176
2010-09-07,development,-0.002210644717788696,0.0027476125982761382,0.0007464182983279228,0.00042779539293845496
2010-09-08,development,0.00045188569545745845,-0.0006898886187076569,-0.0014665258121148348,-0.0005681762451216777
2010-09-09,development,0.0007524966473102569,-0.0013334332796573639,-0.004674760075426101,-0.0017518989025910694
2010-09-10,development,-0.0005306631618976592,-0.0023666865483760835,-0.002229611689710617,-0.0017089871333281197
2010-09-13,development,-0.0025708606321811676,-0.004398480623626709,-0.006231499957799911,-0.004400280404535929
2010-09-14,development,0.008493247222467326,0.00511454061794281,0.003369395422029495,0.0056590610874798775
2010-09-15,development,0.01030219115729332,0.01103600979475975,0.009099850534057617,0.010146017162036896
2010-09-16,development,0.006335178014564514,0.0049034857569694515,0.006511544156980514,0.005916735976171493
2010-09-17,development,-0.00048510356044769283,-0.0011277691543579102,-0.002825995581436157,-0.0014796227654139198
2010-09-20,development,0.003516679586791992,0.00009229366030693054,0.00021280042929649353,0.0012739245587984722
2010-09-21,development,0.0015207855364799498,0.0027329583437303074,-0.0006044992219924926,0.0012164148860725882
2010-09-22,development,0.005894012418651581,0.003281278888607025,0.005145149710083008,0.004773480339113872
2010-09-23,development,0.0010184761874198914,0.002476020006418228,-0.002407145002555847,0.0003624503970940908
2010-09-24,development,-0.0035717890166282653,-0.0029002888206005094,-0.0035305464292049405,-0.0033342080888112383
2010-09-27,development,-1.0148229598999024e-6,0.00341304992146492,-0.0014455280908584594,0.0006555023358821868
2010-09-28,development,-0.001506911887216568,-0.0030489678510665892,-0.0029410881333044284,-0.002498989290529195
2010-09-29,development,-0.00024402105536460876,-0.001006224955511093,-0.003933257672262192,-0.0017278345610459648
2010-09-30,development,-0.006620567142105102,-0.006635817636346817,-0.0044189710007190705,-0.005891785259723663
2010-10-01,development,0.004954759557342529,0.007328395608472824,0.004883588121175766,0.005722247762330373
2010-10-04,development,-0.003136020930480957,0.001374913249349594,0.0023018439088344574,0.0001802454092343649
2010-10-05,development,-0.001529574008786131,-0.0014740826941013335,-0.0021329809230327605,-0.0017122125419734083
2010-10-06,development,-0.005851185259532928,-0.000717232641172409,0.007135841518735885,0.0001891412060101826
2010-10-07,development,0.0024754985746383664,-0.0017578218030929564,-0.00229330787525177,-0.00052521036790212
2010-10-08,development,-0.003552488820362091,-0.005810123512601852,-0.0054535084407329555,-0.0049387069245656326
2010-10-11,development,0.0023295209060668945,0.0012255634805202484,0.002168301745557785,0.0019077953773816425
2010-10-12,development,0.009252015102958679,-0.002688132529690051,-0.0029423490427494046,0.0012071778435064075
2010-10-13,development,-0.0013884280387878418,-0.00045875711793899533,-0.002539409417247772,-0.0014621981913248698
2010-10-14,development,0.008913270605182648,0.005551767858028411,0.008585576592206955,0.007683538351806005
2010-10-15,development,0.007123078339958191,0.004827453211402893,0.006599868760442733,0.006183466770601272
2010-10-18,development,-0.0019393082746505736,0.00048403133153915404,0.002217050170993805,0.0002539244092941285
2010-10-19,development,-0.0003661586022377014,0.004269830869865417,0.0004639579841771803,0.0014558767506016321
2010-10-20,development,-0.0032970048213958737,-0.004030838474702835,-0.005124481210321188,-0.0041507748354732985
2010-10-21,development,0.008449856571674347,0.00370894484167099,0.0034580800360262394,0.0052056271497905255
2010-10-22,development,0.0018905039509773253,0.0032670259420871733,-0.005397462851369381,-0.00007997765276829387
2010-10-25,development,-0.00025583100814819337,0.0023835766894817353,-0.0005793629866242409,0.0005161275649031003
2010-10-26,development,-0.0000763803924118487,-0.00345916216635704,-0.00145628108959198,-0.0016639412161202896
2010-10-27,development,0.00798756012058854,0.000038459261703491206,0.00505343182221055,0.004359817068167527
2010-10-28,development,0.002053709166920185,0.0026422613389492033,-0.0005764120265841484,0.0013731861597617466
2010-10-29,development,-0.0023701891631901263,-0.006356054576349258,0.0006767815503299236,-0.0026831540630698203
2010-11-01,development,-0.006098646281796694,-0.004600198116254806,-0.005058934256583452,-0.005252592884878317
2010-11-02,development,-0.003123029253721237,-0.0015863763502271175,-0.00039257588152885435,-0.0017006604951590697
2010-11-03,development,-0.0019404163186848163,0.000316019983291626,-0.0040728358616173264,-0.0018990773990035057
2010-11-04,development,0.0010211614901781082,-0.009681351700782775,0.0003601647800683975,-0.0027666751435120895
2010-11-05,development,0.0001396505097389221,0.0005586854193210601,0.004022127191543579,0.0015734877068678537
2010-11-08,development,0.0009122060775399208,-0.0028233797721862793,-0.002119174815070629,-0.0013434495032389959
2010-11-09,development,-0.0005287217757523059,0.002191140342569351,-0.003569524135749012,-0.0006357018563106555
2010-11-10,development,-0.0025145898197352886,-0.004460398290777206,-0.004002058893060684,-0.003659015667857726
2010-11-11,development,-0.0002616057471334934,0.0009429780723571777,0.0010445776033878326,0.0005753166428705056
2010-11-12,development,0.004724836182302236,0.002421473275709152,0.004972793163108826,0.004039700873706738
2010-11-15,development,0.001629505616813898,-0.002667054308223724,0.0013793054132938385,0.00011391890729467078
2010-11-16,development,-0.004155475336571681,0.0004479696940422058,-0.0007105985797643661,-0.0014727014074312804
2010-11-17,development,0.002989765003442764,0.0022157871514320374,0.0040006326089859,0.003068728254620234
2010-11-18,development,0.004423907606142759,-0.002575443282794952,0.0012927205563306808,0.0010470616265594956
2010-11-19,development,-0.00375963261950016,-0.0026268539498805997,0.0015300804823875427,-0.001618802028997739
2010-11-22,development,0.00276075281201601,0.0021856813995838166,0.00558249034705162,0.003509641519550482
2010-11-23,development,-0.0010759051790177822,0.000043168415712165006,0.0007816498152732849,-0.00008369564934411077
2010-11-24,development,0.0020610291860640047,-0.004921019217181206,-0.0020593482899188996,-0.001639779440345367
2010-11-26,development,-0.001694084631407261,0.00043873636336326597,0.0027160270871162415,0.0004868929396907489
2010-11-29,development,-0.006156644318783283,-0.0027208841950416562,-0.0012986146577835082,-0.0033920477238694826
2010-11-30,development,-0.0044139633921861645,-0.00033797766823768615,-0.005681325266226768,-0.0034777554422168733
2010-12-01,development,0.003511315760028362,-0.0024594948493957517,0.00006969784502983093,0.00037383958522081375
2010-12-02,development,0.0010885960178911686,-0.0020269998565435408,0.003075041883134842,0.0007122126814941565
2010-12-03,development,-0.0022386161858081815,-0.002228129119825363,0.0003537226499557495,-0.0013710075518925983
2010-12-06,development,-0.003088530355679989,-0.006706674016332626,-0.0008817585399627685,-0.003558987637325128
2010-12-07,development,0.0026159617083307773,0.0012177069751024246,0.001992533137798309,0.001942067273743837
2010-12-08,development,0.00624678267507553,0.0029284421726226803,0.006335628317928314,0.005170284388542175
2010-12-09,development,-0.000849175142610073,-0.0003676145685434341,0.0023939759395599364,0.00039239540946880974
2010-12-10,development,-0.004854003939187526,-0.007513021175408363,0.004268765309762955,-0.0026994199349443114
2010-12-13,development,-0.0025476248906612397,0.00024161535172462461,0.0024659076707363127,0.000053299377266565785
2010-12-14,development,0.0026723512947082516,0.004459792765674385,0.002945041525840759,0.003359061862074465
2010-12-15,development,-0.0005866817515730858,0.0024841533474862574,0.00006326380052566528,0.0006535784654796124
2010-12-16,development,0.0016866781970977783,0.0002789488219022751,-0.0027060809360504147,-0.00024681797235012043
2010-12-17,development,-0.0038951583494901657,-0.0031418084438085553,-0.0064217986869812005,-0.004486255160093307
2010-12-20,development,-0.0044538608848094935,-0.0028030886583566665,-0.00045125114669799805,-0.0025694002299547192
2010-12-21,development,-0.002894170143651962,-0.002056694555103779,-0.000876987889273095,-0.0019426175293429453
2010-12-22,development,-0.0002574997074007988,0.0012038223641216755,-0.0031126488689422606,-0.0007221087374071279
2010-12-23,development,0.0043500334480404855,0.003569721123939752,0.005358713333511352,0.004426155968497197
2010-12-27,development,-0.001371452407324314,0.0018883889769136905,0.0005174467111110686,0.00034479442690014836
2010-12-28,development,-0.0024037291754961014,-0.0013857660817146302,-0.00033866048555374143,-0.0013760519142548243
2010-12-29,development,-0.002615291026992303,-0.0003769791522026062,-0.0005483154767990113,-0.0011801952186646402
2010-12-30,development,-0.0021177739911079404,-0.0011333004481196402,0.0010010088692188263,-0.0007500218566695848
2010-12-31,development,-0.005226395377063751,-0.004502030894875526,-0.00417953892788887,-0.004635988399942716
2011-01-03,development,0.005370695809864998,-0.0009881672128617762,0.0024347153182983396,0.0022724146384338535
2011-01-04,development,0.006337524009561539,0.0015482840748751157,0.0007205659619808197,0.002868791348805825
2011-01-05,development,-0.000954856229352951,-0.002401782500076294,-0.0038265007798194885,-0.0023943798364162443
2011-01-06,development,-0.00241448807182312,-0.00022151633832454682,-0.0021855355663299558,-0.0016071799921592075
2011-01-07,development,0.003751244969820976,0.005274533568555117,0.004114007859325409,0.004379928799233834
2011-01-10,development,0.007039953753876686,0.009200939931756257,0.0027980826180934904,0.006346325434575477
2011-01-11,development,-0.007577519053339958,-0.0035997117768704887,-0.0069661516070805545,-0.006047794145763667
2011-01-12,development,-0.008583108666586875,-0.0038650827943623066,-0.003452113393974304,-0.005300101618307829
2011-01-13,development,0.00512566021285057,0.003891542521429062,-0.0003879091728210449,0.0028764311871528627
2011-01-14,development,0.001137815071105957,-0.0008034608872294426,-0.0022365412460803986,-0.0006340623540679614
2011-01-18,development,-0.002032102739572525,0.0016735071283340453,-0.0011555904444694519,-0.0005047286852359771
2011-01-19,development,0.0013827950245900865,0.006748956034004688,0.004591135407209396,0.004240962155268057
2011-01-20,development,-0.007680013804626465,-0.003980880752897263,-0.004926536755466461,-0.005529143770996729
2011-01-21,development,-0.0034160717079162596,-0.00030322837785482404,-0.00243602224316597,-0.0020517741096456846
2011-01-24,development,-0.0013615608009338379,-0.0064906768933773035,-0.0021152304585456846,-0.0033224893842856086
2011-01-25,development,0.0016184206928253173,0.00027596804499731075,0.002855136199617386,0.0015831749791466714
2011-01-26,development,-0.008622369255161286,-0.003860425048732757,-0.003358202676296234,-0.005280332326730092
2011-01-27,development,0.0015965082615852354,0.005636537958955764,0.0001875694079399109,0.0024735385428269704
2011-01-28,development,-0.003814959770154953,-0.006410935166835784,-0.002521985679769516,-0.004249293538920084
2011-01-31,development,-0.0016508957911014557,0.0031429127346038815,-0.000889801676416397,0.0002007384223620096
2011-02-01,development,0.004572501805114746,0.008406549144554137,0.004375999637160706,0.005785016862276529
2011-02-02,development,0.002343038160133362,-0.0023757737582206723,-0.0015566756295204162,-0.0005298037425359089
2011-02-03,development,0.007835127988052368,0.006642627813434601,0.0031052215379714964,0.005860992446486155
2011-02-04,development,0.0063860549664497375,0.0039288830771446225,0.006482843976402282,0.005599260673332214
2011-02-07,development,-0.0028635435897827145,-0.002484587985420227,-0.0004129983632087707,-0.0019203766461372374
2011-02-08,development,0.0025643932620187273,0.0003523574958801269,0.005131692774772644,0.002682814510890499
2011-02-09,development,0.0056288712359428405,0.004410043112182617,0.005600757432174682,0.005213223926766712
2011-02-10,development,-0.005093450246715546,-0.005452364244031906,-0.005412658414506912,-0.005319490968418122
2011-02-11,development,0.008259961743640899,0.012387059628820418,0.009575421480894089,0.010074147617785136
2011-02-14,development,0.0025627423785209657,0.002324295415782928,-0.00030173806171417236,0.0015284332441965738
2011-02-15,development,0.0021872219876289366,0.005578542112047911,0.002797108701753616,0.003520957600476821
2011-02-16,development,0.005617377502346039,-0.0014071681790351867,0.0035301248109817504,0.002580111378097534
2011-02-17,development,-0.00026421348457336425,0.0011350283244609832,0.0014117100338459014,0.0007608416245778402
2011-02-18,development,-0.009683600666046142,-0.008150982511091231,-0.0008245788203716278,-0.006219720665836335
2011-02-22,development,-0.004315028798580169,-0.0014612662591934203,-0.003040070452928543,-0.002938788503567378
2011-02-23,development,-0.0104372858335495,-0.0052224338971138,-0.010348808969501234,-0.00866950956672151
2011-02-24,development,0.0016150549083709716,-0.0025293135596752164,-0.0013406099643707276,-0.0007516228718916574
2011-02-25,development,0.000737385109615326,-0.0023723400582313535,-0.0008005957012176513,-0.0008118502166112263
2011-02-28,development,-0.0010178708417892457,-0.0008027501299858093,-0.00025136761445999147,-0.0006906628620783488
2011-03-01,development,0.0002909246087056148,0.002414021506357193,0.005813181215763092,0.002839375776941967
2011-03-02,development,0.0002717509530544281,0.0031213865144252774,0.0012131039829730986,0.0015354138168176014
2011-03-03,development,0.003545597560071945,1.3048610687255858e-7,0.0016509752562999724,0.0017322344341595965
2011-03-04,development,-0.0042646482269763945,0.001495775859928131,-0.0011233104216098785,-0.0012973942628860472
2011-03-07,development,0.0017145032991886138,0.006538813295173644,0.0032314396676540375,0.0038282520873387654
2011-03-08,development,0.005836687296724319,0.0022806984050650005,0.0032407510970592496,0.0037860455996161896
2011-03-09,development,-0.0013525586963176726,-0.0024502521773338316,-0.0006392446096897125,-0.0014806851611137387
2011-03-10,development,-0.007725645887231827,-0.005888338768362999,0.0005740460455417633,-0.004346646203351021
2011-03-11,development,0.00011366833181381225,0.0008284187708377837,-0.003076197623825073,-0.0007113701737244924
2011-03-14,development,-0.0030426050793647763,-0.0014155198397397995,-0.0004884435928344727,-0.0016488561706463495
2011-03-15,development,-0.009113488139390944,-0.005841505970287323,-0.01298875988576681,-0.009314584665148359
2011-03-16,development,-0.004530549841499329,-0.007326634525084495,-0.006441391661918163,-0.006099525342833995
2011-03-17,development,0.0023255304750919342,0.0022947293526172636,0.003355555420541763,0.00265860508275032
2011-03-18,development,0.00012921055874824523,0.00015933851668834686,-0.0010377569733738899,-0.00024973596597909923
2011-03-21,development,0.002545798480463028,0.0020278979774951936,0.0060935665232181545,0.0035557543270587923
2011-03-22,development,-0.0020489313354543444,-0.0008061030130863189,-0.001507776179432869,-0.0014542701759911773
2011-03-23,development,0.004087191828536987,0.005350462452125549,0.0044185818260669705,0.0046187453689098355
2011-03-24,development,0.004857470353603363,0.0008824624782323837,0.00438844610260725,0.0033761263114809987
2011-03-25,development,0.0019600508587837217,-0.00019406269052028654,0.0023668432589173316,0.001377610475726922
2011-03-28,development,-0.0008185923084259032,0.0034552208347082137,-0.0009269746279597282,0.0005698846327741941
2011-03-29,development,0.0033515484186172483,-0.0038349764630596994,0.0010882139370560645,0.0002015952975378711
2011-03-30,development,0.00023867158017158507,-0.0012613463601589203,-0.0024804726323008537,-0.001167715804096063
2011-03-31,development,0.0014464945954799652,0.0030910496944904324,0.005713185024285316,0.003416909771418571
2011-04-01,development,-0.0009696932470321654,-0.0020225537504673,0.0011471546358466148,-0.0006150307872176169
2011-04-04,development,0.0016112272415161131,0.004246763111829758,0.0018533927554965019,0.002570461036280791
2011-04-05,development,-0.004537535237216949,-0.005367263878726959,-0.008229140229285656,-0.006044646448409854
2011-04-06,development,-0.00046109464144706723,0.00022857008471488952,0.006142953807735443,0.001970143083667755
2011-04-07,development,0.0010541022053718566,-0.0017380885864257812,-0.0008640386551380157,-0.0005160083453973134
2011-04-08,development,0.0009399814640045166,0.00007381453189849853,-0.0008791058847904205,0.000044896703704198176
2011-04-11,development,0.0057734302152633666,0.005919558383846283,0.00838499494175911,0.006692661180289587
2011-04-12,development,-0.001116979603927159,0.0010412631232738494,-0.00008527279660701751,-0.00005366309242010905
2011-04-13,development,0.000293777445936203,-0.0008465035326004028,0.000798392323899269,0.00008188874574502308
2011-04-14,development,-0.006415499682044983,-0.0016455195337772368,-0.004730627844071388,-0.004263882353297869
2011-04-15,development,-0.0026820950074672696,-0.0013473279736042022,0.0001362067407131195,-0.0012977387467861174
2011-04-18,development,-0.004574499375152588,-0.002411002897644043,-0.0031191541162014008,-0.0033682187963326774
2011-04-19,development,0.010110428323936462,0.0056380236632061,0.00983359075152874,0.008527347579557101
2011-04-20,development,0.00931694244146347,0.009384300664329529,0.005147080390739441,0.007949441165510813
2011-04-21,development,0.006826556258583068,0.008312205858039856,0.0015385410543441772,0.0055591010569890345
2011-04-25,development,0.0036571492288589476,0.0007656841746807098,0.003176475339651108,0.0025331029143969216
2011-04-26,development,-0.0019140436771392822,-0.005975631403398514,-0.0050212682598590845,-0.004303647780132294
2011-04-27,development,-0.005356624459075927,-0.01304888554778099,-0.00548616151087687,-0.007963890505911264
2011-04-28,development,-0.0012725593588352204,-0.00036188338291645046,0.002142732287311554,0.00016942984851996105
2011-04-29,development,0.008909072961902619,0.008889779697751999,0.0009980574131011962,0.006265636690918605
2011-05-02,development,-0.0022230072845458985,-0.0020237560259342194,0.0021298554121971128,-0.0007056359660943351
2011-05-03,development,0.006016051676479375,0.004535257343292236,0.009917361649227142,0.006822890222999585
2011-05-04,development,0.0024180679607152936,-0.00005348132350444793,0.003742874558353424,0.002035820398521423
2011-05-05,development,-0.0015643865203380583,0.0005932970900058746,0.005050077575302124,0.00135966271498998
2011-05-06,development,-0.00268072633664608,-0.004547748689007759,-0.0029681369128227234,-0.003398870646158854
2011-05-09,development,0.0030144050343513485,-0.000014022560024261474,0.0005743219882965088,0.0011915681542078653
2011-05-10,development,0.007147907446980476,0.0006050720454940325,0.007450462837696075,0.0050678141100568615
2011-05-11,development,0.004409439656758309,-0.0001408140563726425,0.004643198860549927,0.002970608153645198
2011-05-12,development,-0.0010481840673685074,-0.004490267709803581,0.0036012071052551266,-0.0006457482239723206
2011-05-13,development,-0.004650002954268455,-0.002726300989460945,-0.002974482503890991,-0.003450262149206797
2011-05-16,development,-0.0007740923951387405,-0.0031057299026727675,-0.001693170990371704,-0.001857664429394404
2011-05-17,development,-0.002631052338075638,-0.005536555503559112,-0.000844757085257912,-0.003004121642297554
2011-05-18,development,0.0028806910108089448,0.0027131122599601746,0.004633438486862183,0.003409080585877101
2011-05-19,development,0.0029375922053575514,0.00044837796480655666,0.00291815801410675,0.0021013760614236195
2011-05-20,development,-0.004701917956805229,-0.0036427579588651656,-0.0048527943075180055,-0.0043991567410628
2011-05-23,development,-0.0014587987278699875,-0.00321667820212841,-0.0016073656229019164,-0.002094280850966771
2011-05-24,development,-0.00245903357960186,-0.000534252758026123,-0.002263544637107849,-0.0017522769915786105
2011-05-25,development,0.0024547526007175444,0.0016614854082107544,0.006421005016422271,0.0035124143417835235
2011-05-26,development,0.0020614894807338712,0.004172970422458649,0.005389820733165741,0.00387476021211942
2011-05-27,development,-0.0016477877846479416,-0.004314618859648705,-0.0007875266490936279,-0.0022499777644634246
2011-05-31,development,0.002783157114601135,0.0019465994245052337,0.0050885693888664246,0.0032727753093242645
2011-06-01,development,0.0018559609017848968,0.006334972627454018,-0.0005799434189796448,0.0025369967034197566
2011-06-02,development,-0.0016639954475879668,0.0007927994605839252,-0.0054497106055259705,-0.0021069688641766706
2011-06-03,development,-0.007809843136978149,-0.008600497755014896,-0.005864781652927398,-0.0074250408483068145
2011-06-06,development,0.0025542865350961686,0.0057319987460553645,0.0019609797914505005,0.003415755024200678
2011-06-07,development,0.0004841571309804916,0.002921436059731245,0.005026804778311109,0.002810799323007615
2011-06-08,development,0.0036410928226709364,0.00434098309442997,0.004049661414694786,0.004010579110598564
2011-06-09,development,0.00744318225300312,0.0035379558848202225,0.003756033969902992,0.004912390702575445
2011-06-10,development,-0.005943983647894859,-0.005343689159613848,-0.004525553889250755,-0.005271075565586487
2011-06-13,development,-0.0015272345926523208,-0.0020010707192242147,0.001106118622469902,-0.0008073955631355446
2011-06-14,development,0.004121251252153004,0.004024209694486856,0.005175300402712822,0.004440253783117561
2011-06-15,development,-0.0006290757347583771,-0.00225441418133378,-0.002938919948005676,-0.0019408032880326113
2011-06-16,development,-0.0004806233188152313,0.002467523482578993,0.001965837470507622,0.0013175792114237944
2011-06-17,development,-0.0026066799154281614,0.00027465976298451423,-0.00019488282570838929,-0.0008423009927173455
2011-06-20,development,0.0007907229202270507,0.002757938735216856,0.0021461061069488526,0.0018982559207975864
2011-06-21,development,0.0032530569044589993,0.004975200300507448,0.0004050540681838989,0.002877770424383449
2011-06-22,development,0.0005440475548267364,0.004174856749898195,0.0035147557737112045,0.0027445533594787123
2011-06-23,development,0.0010670254943847656,0.001660790095591545,-0.0031656346505165097,-0.000145939686846733
2011-06-24,development,0.002902247010755539,0.0018584837167501449,0.0029331060179710387,0.002564612248492241
2011-06-27,development,0.004717020567512512,0.004274489820379018,0.0009874879510402678,0.0033263327796439327
2011-06-28,development,0.0006062013411521911,0.0007370775319218635,-0.004284863202642,-0.0009805281098559818
2011-06-29,development,-0.00015713852863311767,0.0035794956686913963,0.0016895608569145201,0.0017039726656575998
2011-06-30,development,0.007892142276716231,0.005774446483123303,0.007758381380939483,0.007141656713593005
2011-07-01,development,0.009612985627651215,0.00620172513051629,0.005301848285865784,0.007038853014677764
2011-07-05,development,0.0019711905923843385,0.002135962510752678,-0.0002781272799968719,0.0012763419410467148
2011-07-06,development,0.004336278606926751,0.006381369462054968,0.004009933300924301,0.004909193789968673
2011-07-07,development,-0.002506863672924042,-0.0007850892902672291,-0.003528109731340408,-0.0022733542315105594
2011-07-08,development,0.001027133389520645,0.0014335150274157524,-0.0005567963642120361,0.0006346173509081205
2011-07-11,development,0.005950221424865723,0.0020146196920812127,0.00036912779994010923,0.002777989638962348
2011-07-12,development,-0.0034964371901512145,-0.0040412867082351865,-0.0073247757551670074,-0.004954166551184469
2011-07-13,development,-0.0051816717612743375,-0.0074914063637614246,-0.00887486979379654,-0.007182649306277433
2011-07-14,development,0.00013250787572860717,-0.003305833660495281,-0.003480199114990234,-0.0022178416332523025
2011-07-15,development,-0.0047673944551467895,-0.0023633481263160704,-0.0064521890145778655,-0.004527643865346908
2011-07-18,development,0.00735619423122406,0.0029277051192224024,0.005169089451503754,0.005150996267316739
2011-07-19,development,0.0004044116775512695,-0.0008187211658895016,-0.0003749076700515754,-0.0002630723861299358
2011-07-20,development,-0.0001455398518562317,-0.0007550633543491363,0.001963454136800766,0.00035428364353179924
2011-07-21,development,0.0012320765369415283,0.0035013508097827433,0.005880221099615097,0.003537882815446456
2011-07-22,development,-0.0017584586471557616,0.0012487131671011448,-0.001815831811571121,-0.0007751924305419126
2011-07-25,development,0.005794670296287536,0.005879118969553709,0.005140507364940643,0.005604765543593963
2011-07-26,development,0.0028961936746129038,0.002253357956969738,0.002422089266300201,0.002523880299294281
2011-07-27,development,-0.005779417240333557,-0.002664761888486147,-0.007119637395668029,-0.005187938841495912
2011-07-28,development,-0.000015168860721588134,0.000052834332090616226,0.002798421771430969,0.0009453624142666657
2011-07-29,development,-0.009137744939470291,-0.0030418540536403657,-0.004401336786174774,-0.005526978593095144
2011-08-01,development,-0.004843876880407333,0.00445603149587512,-0.0004730079216480255,-0.00028695110206007976
2011-08-02,development,-0.003866269570207596,-0.002918670305531367,0.00011018204622268677,-0.0022249192765054254
2011-08-03,development,0.006572007106542587,0.000993566153526306,0.004566750046491623,0.004044107768853505
2011-08-04,development,0.005546287692832947,0.006012702649784088,0.008017992479133606,0.006525660940583547
2011-08-05,development,0.006563194610500336,0.003524447907733917,0.0011839377544403075,0.0037571934242248534
2011-08-08,development,-0.0006419202910900116,-0.001857175306558609,-0.00010949517631530762,-0.000869530257987976
2011-08-09,development,0.021917245359039307,0.026271570361804962,0.0251513219747201,0.024446712565188124
2011-08-10,development,-0.0024499715538978577,-0.005648924695634842,-0.003250866416454315,-0.0037832542219956716
2011-08-11,development,0.009292201051855086,0.006236616618347167,0.009592650005698204,0.008373822558633484
2011-08-12,development,0.008805843438339234,0.007843228263330459,0.0033680194413423536,0.006672363714337349
2011-08-15,development,-0.003491784250450134,-0.0002264974236011505,-0.0066997715759038925,-0.003472684416651726
2011-08-16,development,0.0027543491866493038,0.003627381355142593,-0.0008429932327032089,0.0018462457696962293
2011-08-17,development,0.0029944558285713192,0.004946781401491165,0.004333426469063759,0.004091554566375414
2011-08-18,development,-0.0032393926789760588,-0.009056198993062972,-0.013690554770088195,-0.008662048814042408
2011-08-19,development,-0.002250990193414688,-0.0006098148792743682,-0.006335544536328315,-0.003065449869672457
2011-08-22,development,0.0027276455253839493,0.00229854968290329,0.0037246958288192746,0.0029169636790355048
2011-08-23,development,0.0038050378088593483,0.00427255756706383,0.010154158943247794,0.0060772514397236565
2011-08-24,development,0.0002513146698951721,-0.0009033048585414886,-0.00008654591495990753,-0.00024617870120207465
2011-08-25,development,-0.0056843503955125805,-0.0039362554141998286,-0.007146133657765388,-0.005588913155825932
2011-08-26,development,0.0010732700007915496,0.002853048533439636,0.0062300613610506055,0.00338545996509393
2011-08-29,development,0.0011136561511158943,-0.00030973199834823605,0.006178059920454025,0.0023273280244072276
2011-08-30,development,-0.0011031591890215873,-0.00009910105414390564,-0.00018725624560878275,-0.00046317216292475857
2011-08-31,development,-0.00043188026676177976,0.0008614906223297119,0.0007174129595041275,0.0003823411050240199
2011-09-01,development,-0.0001281766888141632,0.0007329069973945618,0.0020695762141704557,0.0008914355075836181
2011-09-02,development,-0.002344677448546886,-0.0016962981375694274,-0.0004287346101760864,-0.0014899033987641334
2011-09-06,development,0.0012578886229157448,0.002671305166387558,0.0006439235729455947,0.0015243724540829659
2011-09-07,development,0.00013499353812789486,0.002044319022130966,0.0005121716561317444,0.0008971614054635352
2011-09-08,development,-0.00020648576812744139,-0.0017955753632068632,-0.0002331941667318344,-0.0007450850993553796
2011-09-09,development,-0.0009838622050762176,-0.0020908288421630857,0.0019637050621986387,-0.00037032866168022153
2011-09-12,development,0.002694402062797546,0.003848327522230148,0.001673371900320053,0.0027387004951159154
2011-09-13,development,0.000672924356508255,-0.00042404107486410645,-0.00023081812884807586,6.021717598690889e-6
2011-09-14,development,0.001096055788707733,0.0036470123643994328,0.0017968692997217177,0.002179979150942961
2011-09-15,development,0.0007968168749809265,0.0015829501650094985,0.00081162263777256,0.0010637965592543283
2011-09-16,development,0.003893450807857513,0.006345536550176143,0.003427220277690887,0.004555402545241514
2011-09-19,development,-0.00035467307510375976,-0.0017290284064531325,0.002168331181550026,0.000028209899997711153
2011-09-20,development,0.003549447630214691,0.0019777933879971503,-0.0000908761989186998,0.001812121606431047
2011-09-21,development,-0.0018997916958808899,-0.0027237870432972907,0.00036233389234542845,-0.0014204149489442507
2011-09-22,development,0.005315186892223358,0.005082760146939754,0.004599201323962211,0.004999049454375108
2011-09-23,development,0.0013756466297149658,0.0013967284409642218,-0.003903592395734787,-0.0003770724416851997
2011-09-26,development,0.0007416837433815002,-0.0012625792070031165,-0.00043934207489490507,-0.0003200791795055071
2011-09-27,development,-0.0022441139787435067,0.0016153780030250548,0.0013493329641818999,0.00024019899615448267
2011-09-28,development,0.002534522897911072,0.0030343066959142686,0.004222427989888191,0.0032637525279045104
2011-09-29,development,0.00416733443403244,0.004357551513195038,0.003701814448094368,0.004075566798440616
2011-09-30,development,0.0036660334050178526,0.0014567425569295882,0.0034991257069349286,0.00287396722296079
2011-10-03,development,0.0018340007015228272,0.0033057939393162728,0.00021916665370464323,0.001786320431514581
2011-10-04,development,0.0008841486354351043,-0.0027736226292663603,-0.00042923791086673735,-0.0007729039682326644
2011-10-05,development,-0.005705505888223648,-0.001253416348385811,-0.0018714367246866225,-0.0029434529870986936
2011-10-06,development,0.006555517786931991,0.006812244000601768,0.0030175872971296308,0.005461783028221131
2011-10-07,development,0.0006339881650447845,0.0029604996509313584,0.00006823888957500458,0.0012209089018503825
2011-10-10,development,0.004859326586723328,0.006428132193565368,0.004432200080251693,0.005239886286846796
2011-10-11,development,-0.0007290967432022095,0.0007398470501184464,-0.005259904118627572,-0.001749717937237112
2011-10-12,development,-0.0005069823567867279,0.0007689547514915466,0.0007989164015293121,0.0003536295987447103
2011-10-13,development,-0.0024039257130146026,-0.0013980118813991546,0.0029201501998901364,-0.0002939291315078735
2011-10-14,development,0.0020061678458213805,-0.0004173686622142792,-0.001712458279132843,-0.000041219698508580586
2011-10-17,development,-0.0012254717853546141,0.002034126556301117,0.0014025255686759947,0.0007370601132074992
2011-10-18,development,-0.0029628168489178436,0.004577746795225143,-0.00047212059030532835,0.0003809364520006571
2011-10-19,development,0.004280062122821808,-0.0024443407418012616,-0.00036280009744167326,0.0004909737611929576
2011-10-20,development,0.002014756761407852,0.0007429113810062408,0.005502115165281296,0.00275326110256513
2011-10-21,development,0.004299504465818405,0.008765992019557953,0.0008188604081153869,0.004628118964497247
2011-10-24,development,0.0019053075451374052,0.0034454744424581526,0.002277839270853996,0.002542873752816518
2011-10-25,development,0.0001120263385772705,0.0019206328745569828,-0.000496436205625534,0.0005120743358362397
2011-10-26,development,-0.002114325663423538,-0.0009916780883312225,0.00160001174223423,-0.0005019973365068436
2011-10-27,development,0.0004757287266731262,-0.0033888185252428055,0.0005157789676666259,-0.0007991036103010178
2011-10-28,development,0.004887510319089889,0.005158107091164588,0.00007609223983287811,0.003373903216695785
2011-10-31,development,0.006677480684995651,0.007758328979420662,0.003197970375418663,0.005877926679944992
2011-11-01,development,0.0009004046569824219,0.002075361572742462,0.0034210445929525246,0.0021322702742258026
2011-11-02,development,0.005505212418842316,0.004726352586627006,0.001452647070479393,0.003894737358649572
2011-11-03,development,-0.00041610272045135494,0.003119285338640213,0.0007793720695257187,0.0011608515625715257
2011-11-04,development,-0.004402156665277481,-0.0013365606291055679,0.0017429581909179687,-0.0013319197011550266
2011-11-07,development,0.0042768106311321255,0.0030903991914749142,0.0014011781744003296,0.0029227959990024564
2011-11-08,development,-0.0014543694261980999,0.000687371090722084,-0.0006491392846345902,-0.00047204587337020204
2011-11-09,development,0.003964307235193252,0.001823061622953415,0.0029800994208574296,0.002922489426334699
2011-11-10,development,-0.00019791890859603882,-0.0026303052394866942,0.0010818195364236832,-0.0005821348705530166
2011-11-11,development,0.003660380253124237,0.0007731902117729186,0.0025973402396678924,0.002343636901521683
2011-11-14,development,0.0002873304983139038,0.0014295793748378752,-0.0009281306353330612,0.00026292641260623924
2011-11-15,development,-0.0030889599393367764,-0.002686070236905765,0.0012194822042226792,-0.0015185159906732873
2011-11-16,development,-0.001744818829536438,-0.005121391048526764,-0.003237420431756973,-0.0033678767699400584
2011-11-17,development,0.006641510603332519,0.003073828127479553,0.0028122429079055784,0.004175860546239217
2011-11-18,development,-0.0019857957837581632,-0.0015899248171329498,-0.0007945312176942825,-0.001456750606195132
2011-11-21,development,0.011166810865497588,0.0019258204819202422,0.001091160203242302,0.0047279305168867105
2011-11-22,development,0.003457666818428039,0.0056507320309162135,0.0045306316950210574,0.004546343514788436
2011-11-23,development,0.003640396809244156,0.0032066411465644833,0.0028819218026876446,0.003242986586165428
2011-11-25,development,0.0008021284056186676,-0.000011615836429595948,-0.0027832847570300103,-0.0006642573959469794
2011-11-28,development,0.00033211382603645325,0.0001347361925125122,0.0029341946192622185,0.0011336815459370613
2011-11-29,development,-0.0030709695146836523,-0.005268918086338043,-0.00595362390512228,-0.0047645038353813255
2011-11-30,development,-0.00146836295003891,-0.007639332841110229,-0.0007843896262288093,-0.0032973618057926496
2011-12-01,development,0.0018819507383584975,0.00531673354935646,0.006560600131642818,0.004586428139785925
2011-12-02,development,-0.0006095332236766814,0.0010163959148883819,-0.0003521532487988472,0.000018236480804284403
2011-12-05,development,-0.001581257633125782,-0.0064516688252449035,-0.0015132749896287917,-0.003182067149333159
2011-12-06,development,0.0023930951239943504,-0.0015991883130659279,0.0014051097056269645,0.0007330055055184623
2011-12-07,development,0.00014935860545635222,-0.0012468900629043578,-0.00046768831611871715,-0.0005217399245222409
2011-12-08,development,0.0024697258463978766,0.004752814728969336,0.004042567412674427,0.0037550359960138793
2011-12-09,development,-0.001082468832695484,0.0031644308337986466,-0.00025908885685205457,0.0006076243814170359
2011-12-12,development,0.0010069469381928443,-0.0011791809096992015,0.000523039674115181,0.00011693523420294124
2011-12-13,development,-0.0016875532304048537,0.002621778216087818,-0.001965279064476704,-0.0003436846929312464
2011-12-14,development,0.0007735318041801453,0.003055454386925697,0.0024340558957099915,0.002087680695605278
2011-12-15,development,-0.0010103343282818794,0.0019586868464291094,0.002401273868596554,0.0011165421289145946
2011-12-16,development,-0.0048341101901769636,-0.004122795055925846,-0.005107723556995391,-0.004688209601032734
2011-12-19,development,0.003390376706624031,0.004950596081805229,0.002831793312346935,0.0037242553669253986
2011-12-20,development,0.0016744918620869517,-0.003214228392899036,0.0008689989016532897,-0.00022357920971959825
2011-12-21,development,0.001356848702764511,-0.0035751293861210343,-0.002150303709030151,-0.0014561947974622248
2011-12-22,development,0.0002742346006631851,-0.010983712318694591,-0.005248455138516426,-0.00531931095218261
2011-12-23,development,0.0069826476402997965,0.004709811172091961,0.006041413744854927,0.005911290852415561
2011-12-27,development,0.002958271916413307,0.0016157640474438668,0.0014505902316331862,0.00200820873183012
2011-12-28,development,-0.0023894017478227614,-0.0004968668222423352,-0.0017157167606592178,-0.0015339951102414382
2011-12-29,development,0.0016050147886276245,-0.0007093760502815247,-0.0012855110216617584,-0.00012995742777188618
2011-12-30,development,-0.002396165375292301,-0.002179179647505283,-0.0008216440783858299,-0.0017989963670611382
2012-01-03,development,-0.0009768206337094306,-0.0015563472663998603,-0.004386614881122112,-0.002306594260410468
2012-01-04,development,-0.00005746971645355224,0.0006450640792846679,-0.0003301101024969935,0.00008582808677804069
2012-01-05,development,-0.0014815278433084487,0.004607714970946312,-0.004930270565700531,-0.0006013611460208894
2012-01-06,development,0.0013420711604833601,0.0003347148024320602,-0.00103797055683136,0.00021293846869468685
2012-01-09,development,0.0034335087255716323,0.00040849430830478667,0.0013113809719085693,0.0017177946685949961
2012-01-10,development,0.0005535887899924273,0.0036849329909801483,0.0019948655986785887,0.002077795793217055
2012-01-11,development,-0.008160481635236739,-0.002211034376168251,-0.011150849131774903,-0.0071741217143932974
2012-01-12,development,0.003107466161632538,0.0034975129139900208,0.0009873628103256224,0.0025307806286493937
2012-01-13,development,0.006898283208370208,0.003221245457577705,0.003350717317008972,0.004490081994318961
2012-01-17,development,0.003012192083454132,0.003899950127148628,0.0065520836255073545,0.004488075278703371
2012-01-18,development,0.0003649824131965637,-0.0023375944576228967,-0.0019093221506118773,-0.0012939780650127368
2012-01-19,development,-0.000648298341178894,-0.0011836635043144226,0.0018129802193641662,-6.327208709716809e-6
2012-01-20,development,0.0005703248572826385,-0.00034665986223220824,-0.0015176101941108704,-0.00043131506635348004
2012-01-23,development,0.004107752590703964,0.004529143714141846,0.0036509661291122433,0.0040959541446526845
2012-01-24,development,0.0028373270256519317,-0.0020115453336715695,-0.008044498211081183,-0.0024062388397002735
2012-01-25,development,0.00395237036576271,0.000010752331447601319,0.010073829376864433,0.004678984024691582
2012-01-26,development,0.001856296517753601,0.004194254068565368,0.0036245758727788922,0.0032250421530326204
2012-01-27,development,-0.0031177229435920715,-0.0060291497743606565,-0.0023892728370666504,-0.0038453818516731263
2012-01-30,development,0.004188536004924774,0.0050408201550483705,0.006257105972909927,0.005162154044294358
2012-01-31,development,0.000910129084016371,0.0036421252592086792,0.00527803966910839,0.0032767646707778132
2012-02-01,development,-0.002845442850613594,-0.0035741908802986145,-0.00755626722972393,-0.00465863365354538
2012-02-02,development,0.009681908818268775,0.007868592575931548,0.005625749243330955,0.007725416879177094
2012-02-03,development,-0.0007431835843086243,-0.004545513963127136,-0.00732511512145996,-0.004204604222965241
2012-02-06,development,-0.009140983638048172,0.0007040881135940551,0.0011046852475643158,-0.0024440700922966
2012-02-07,development,0.005683490570259094,0.005586959803819394,0.005746246377754212,0.005672232250610899
2012-02-08,development,-0.0003843673677921295,-0.004109053013896942,-0.0010740254197597503,-0.0018558152671496074
2012-02-09,development,0.008056759747362136,0.0061792282730102534,0.00772207781586647,0.007319355278746286
2012-02-10,development,-0.003707851983594894,0.0038766070423603056,-0.0021459853397369382,-0.0006590767603238423
2012-02-13,development,-0.0018034736283302306,-0.004114697529554367,-0.003816675679206848,-0.0032449489456971487
2012-02-14,development,0.0017697408011436461,0.0043742108297348025,0.005208201081895161,0.0037840509042578693
2012-02-15,development,-0.0050091325831890104,0.0003537320546627045,-0.0066221539071559905,-0.003759184811894099
2012-02-16,development,-0.006294562833595275,-0.0064541497793197625,-0.004122338871765136,-0.005623683828226725
2012-02-17,development,0.0027795140363693236,0.0032038951320171355,0.0006851925174713135,0.0022228672286192575
2012-02-21,development,0.01091452146730423,0.005978167701625824,0.005130035827064514,0.0073409083319981895
2012-02-22,development,0.012170028127476418,0.0030467003859996795,0.007203679913759232,0.00747346947574511
2012-02-23,development,-0.011532825177550315,-0.004405700791501999,-0.008235011820697784,-0.008057845929916698
2012-02-24,development,-0.0017073706940770148,0.004112855277967453,-0.0012813289447784423,0.00037471854637066536
2012-02-27,development,0.0012237324611663817,0.00023685947194099425,-0.00011796505494117737,0.0004475422927220662
2012-02-28,development,0.004961506314194202,0.004734857245313668,0.002958079986095428,0.004218147848534433
2012-02-29,development,0.008811376741302014,0.005670724224114417,0.008549450595521927,0.00767718385364612
2012-03-01,development,-0.00247495241638422,-0.0022937042804479597,0.001868032191467285,-0.0009668748351216315
2012-03-02,development,0.005611226533102989,0.004864628451824188,0.0026026129341602325,0.00435948930636247
2012-03-05,development,0.008270444344389439,0.006476399945139885,0.0077356912389278405,0.007494178509485722
2012-03-06,development,-0.00017100063182115554,0.004932602443957329,0.0029499976900366773,0.0025705331673909503
2012-03-07,development,-0.0020445548090219498,-0.004185135027217865,-0.0013152114389419554,-0.0025149670917272563
2012-03-08,development,-0.00401829703258276,-0.006508273211121559,-0.004349598240947723,-0.004958722828217348
2012-03-09,development,-0.0015510143759965896,-0.00375086958322525,-0.003256165026283264,-0.002852682995168368
2012-03-12,development,0.004997960028123856,0.004452162311172485,0.0019605032071113586,0.0038035418488025666
2012-03-13,development,-0.0034088707967504187,-0.005392918788003922,-0.004052934985542297,-0.004284908190098879
2012-03-14,development,-0.00468075361328125,-0.002168508463001251,-0.004062260049819946,-0.0036371740420341487
2012-03-15,development,-0.0018383189898014069,-0.0028019538135528564,0.0040821961602211,-0.00018602554771105442
2012-03-16,development,-0.0005948285629272461,-0.005379189756774902,-0.002537417713022232,-0.0028371453442414597
2012-03-19,development,0.0005725587254524231,-0.0005672077707767487,-0.0019651406490802763,-0.0006532632314682007
2012-03-20,development,0.0030995926664352416,0.004486246397847075,0.0016043017047882079,0.0030633802563568417
2012-03-21,development,0.006979106661009788,0.0051914569221615785,0.002903101392173767,0.005024554991781711
2012-03-22,development,0.0051116339420080184,0.008600770961487293,0.00922614600586891,0.0076461836364547404
2012-03-23,development,-0.0053408731900453565,-0.005141862358415126,-0.0025018315165042876,-0.004328189021654923
2012-03-26,development,0.005570802053570747,0.004055278951203823,0.006551573232078552,0.005392551412284375
2012-03-27,development,0.0021247951883792875,0.002027304855751991,-0.00043374693928618436,0.0012394510349483647
2012-03-28,development,-0.004194834669518471,-0.00108282266548872,-0.007523500333118438,-0.004267052556041876
2012-03-29,development,0.0019271893567323684,0.0032770523260474203,0.00008310207872390747,0.0017624479205012322
2012-03-30,development,-0.00026357161076068876,0.0010084291582226753,0.0023113968791007994,0.0010187514755209287
2012-04-02,development,0.005273602288413047,0.002247359807169437,0.004469221632575989,0.003996727909386158
2012-04-03,development,-0.008155882935880052,-0.0009456791548490524,-0.005430357017803192,-0.004843973036177432
2012-04-04,development,0.004951576853561401,0.004635227513289451,-0.002309531501674652,0.0024257576217254005
2012-04-05,development,0.00324575371222496,0.002139299177753925,0.0014996006168365478,0.002294884502271811
2012-04-09,development,0.0009622544186592101,0.004595227855801582,-0.0009522484413146972,0.0015350779443820313
2012-04-10,development,0.0019297608093738555,0.00341258407279253,0.004441367009067535,0.0032612372970779735
2012-04-11,development,0.002064679284095764,-0.0005340546875363347,-0.000190711923122406,0.00044663755781234113
2012-04-12,development,0.0044691478861808775,0.004835414329278469,-0.0008968106081962585,0.0028025838690876963
2012-04-13,development,0.0032307782470226286,0.0008596329480886459,0.0022482853733062744,0.0021128988561391828
2012-04-16,development,0.0014880258996009825,0.0020925592906594274,0.002626810356903076,0.002069131849054495
2012-04-17,development,0.0033433561375141143,0.004973727839100361,0.0021023589973824127,0.0034731476579989624
2012-04-18,development,-0.00853736350212097,0.002621301345336437,0.0038310277988672253,-0.0006950114526391029
2012-04-19,development,-0.015651236254119873,-0.01018432220108509,-0.0012776319417476653,-0.009037730132317543
2012-04-20,development,0.0028606784601688385,0.006352177628576755,0.004783228327965736,0.00466536147223711
2012-04-23,development,-0.0023627118312835693,-0.002102776784706116,0.0010298857316970824,-0.0011452009614308677
2012-04-24,development,0.0003319055376313568,-0.011135443034827709,-0.0009432373821496963,-0.003915591626448683
2012-04-25,development,0.006130209842348099,0.001046746522426605,0.006728252125406265,0.004635069496726989
2012-04-26,development,0.0070510759314417835,0.00734484554156065,0.0029965960120916365,0.00579750582836469
2012-04-27,development,0.01125328534901142,0.0037859669274568557,0.008275451684761048,0.0077715679870764415
2012-04-30,development,0.008209652597558499,-0.004977615285170078,0.016433642407822607,0.006555226573403676
2012-05-01,development,-0.001756246045422554,-0.0014676133155150644,-0.001550033336162567,-0.0015912975657000616
2012-05-02,development,0.0013300166631937027,0.005546161644172668,0.0009484394855499267,0.002608205930972099
2012-05-03,development,0.011128911885893345,0.008873836375451088,0.004473464969754219,0.00815873774369955
2012-05-04,development,-0.003548384176623821,-0.0029066665606737136,-0.0005428598614931106,-0.0023326368662635482
2012-05-07,development,-0.023149962779569624,-0.007680501725006103,-0.016735764266443253,-0.01585540959033966
2012-05-08,development,-0.0029838200517416,0.0016633336562156677,-0.0004403609537867072,-0.0005869491164375466
2012-05-09,development,0.006556656462228298,0.0022538163547754287,0.00024257242414951324,0.00301768174705108
2012-05-10,development,0.004551563836896419,0.0009174504590272903,-0.002649055851149559,0.0009399861482580502
2012-05-11,development,-0.0004611491815924644,-0.0021789959672689437,-0.0029612679468154907,-0.0018671376985589661
2012-05-14,development,-0.00403988610202074,-0.002091097936749458,-0.0038088390019178388,-0.003313274346896012
2012-05-15,development,0.003730680754895353,0.002378571020913124,0.002019463323163986,0.002709571699657488
2012-05-16,development,-0.007631839172029495,-0.0030002255885601043,-0.006308565213751793,-0.005646876658113797
2012-05-17,development,0.00026436530709266664,0.00234177408285141,0.004143480016708374,0.002249873135550817
2012-05-18,development,0.0031796805925846097,0.0016464404410600662,0.001107016727888584,0.0019777125871777534
2012-05-21,development,0.0015481512323021888,-0.0015013430516481398,0.0010985933626532554,0.00038180051443576814
2012-05-22,development,0.000839691452729702,0.006155993261132359,0.0002501239920020103,0.0024152695686213573
2012-05-23,development,-0.0007204419882416725,-0.003947370761370659,-0.0013361261966109276,-0.0020013129820744195
2012-05-24,development,-0.0034819027834057806,0.0032165958656549453,-0.0058442583064556115,-0.0020365217414021488
2012-05-25,development,-0.0010934194984316826,-0.004728951926541328,0.0008902371120214462,-0.001644044770983855
2012-05-29,development,0.002640220789217949,0.005399839128351212,0.00030103074581623075,0.002780363554461797
2012-05-30,development,0.004954850546491146,0.0075508871008872986,0.005139690672603255,0.0058818094399939
2012-05-31,development,-0.000723096765267849,0.0015534095400571823,-0.000025524786365032194,0.00026826266280810036
2012-06-01,development,-0.0038606505792140957,-0.009537767827939986,-0.009940607411694526,-0.007779675272949535
2012-06-04,development,0.006345101179635524,0.005506949455165863,0.0020847821578621863,0.004645610930887858
2012-06-05,development,-0.0068749871238681735,-0.005974561407661437,-0.00369532652926445,-0.00551495835359802
2012-06-06,development,0.003999472708821296,0.0049641184687137605,0.004320860863780975,0.004428150680438677
2012-06-07,development,0.008921883297514916,0.004814329741978645,0.005707624102854729,0.00648127904744943
2012-06-08,development,0.0021183345254182813,0.0025127668842077253,0.0019029053807139396,0.0021780022634466487
2012-06-11,development,-0.004112331108140945,-0.003036626076745987,-0.002507726630306244,-0.003218894605064392
2012-06-12,development,0.005911271149539947,0.0007908485531963582,0.00763098307249546,0.0047777009250772546
2012-06-13,development,-0.0011145766381025315,-0.0007200017845153808,0.001022126812696457,-0.0002708172033071518
2012-06-14,development,-0.0014279239520072937,-0.007614333583450317,-0.004141022429597378,-0.004394426655018329
2012-06-15,development,0.0020020098432779313,-0.0033358868563652037,0.0013871258245825766,0.00001774960383176807
2012-06-18,development,-0.004498505145263672,0.0004327704957962036,-0.006226297354221344,-0.0034306773345629377
2012-06-19,development,0.0029506370853900907,0.0009425647486686706,0.003943649447368426,0.002612283760475729
2012-06-20,development,-0.0016689200150489807,-0.00365378404006958,0.001120711626625061,-0.0014006641428311664
2012-06-21,development,-0.004012358931446075,0.0008695207604408263,0.0008513012174606322,-0.0007638456511815389
2012-06-22,development,-0.0015646851317882536,-0.006348034045886993,-0.004515589697647094,-0.004142769625107447
2012-06-25,development,-0.007754163501358032,-0.0006925299324989318,-0.0025616572172164915,-0.003669450217024485
2012-06-26,development,-0.0016173572745137308,-0.0012292370503425598,0.000967157553577423,-0.0006264789237596225
2012-06-27,development,-0.013287020850563049,-0.01179821109085083,-0.009953587724781035,-0.011679606555398306
2012-06-28,development,-0.005016248293280601,-0.005552403612613678,-0.006726421092319489,-0.005765024332737922
2012-06-29,development,0.004007331592160463,-0.003300028679656982,0.0032663065317153927,0.0013245364814062912
2012-07-02,development,-0.0007843383610546588,-0.0009065577427864075,0.002502175797843933,0.0002704265646676222
2012-07-03,development,0.006351248512303829,0.002451904237175008,0.004316769427394867,0.004373307392291235
2012-07-05,development,0.0007998640625238419,0.0037399127227067948,-0.003910236827278137,0.0002098466526508335
2012-07-06,development,0.0007945440221369266,-0.00033312627834677694,0.0019376044647216796,0.0007996740695039431
2012-07-09,development,0.004920935555273294,0.005160384090095759,0.0036465417751312254,0.004575953806833426
2012-07-10,development,0.004581615478146076,0.005064738195431232,0.0039428195674978735,0.004529724413691727
2012-07-11,development,-0.005142834221059084,-0.007744414730912447,-0.004505505457878113,-0.005797584803283215
2012-07-12,development,0.005286899533909559,0.006360593958777189,-0.00020697368640899656,0.0038135066020925836
2012-07-13,development,0.001976183753621578,0.0020251219079852104,-0.001571889378261566,0.0008098054277817408
2012-07-16,development,-0.004565766750955581,-0.0039154641018867495,-0.008908396931362151,-0.005796542594734828
2012-07-17,development,0.0023509499072088924,0.005020530188822746,0.0036806872798919674,0.0036840557919745353
2012-07-18,development,0.0027616953798294064,-0.003614886512976885,0.005383216613769531,0.0015100084935406842
2012-07-19,development,0.01062539603948593,0.00475684426817894,0.010306842216587066,0.008563027508083979
2012-07-20,development,-0.010498975786781311,-0.006632994169437885,-0.011174909602737426,-0.009435626519652207
2012-07-23,development,0.0019669201527118684,0.00260043063236475,-0.00021960086889266967,0.0014492499720613163
2012-07-24,development,0.0033143708864212034,0.0016769740136968073,-0.0012609304165840148,0.001243471494511332
2012-07-25,development,0.012182010536170006,0.007573459173244238,0.016831078852033613,0.012195516187149286
2012-07-26,development,-0.005497216822838783,0.005975030568295717,-0.005985631697034835,-0.001835939317192634
2012-07-27,development,0.0023199474376678466,-0.004524615267896652,-0.00652257721338272,-0.002909081681203842
2012-07-30,development,-0.003643277263331413,0.004085655401778221,-0.0020717613338947297,-0.000543127731815974
2012-07-31,development,0.004639187903738021,0.001390680810302496,-0.0009399463670344834,0.0016966407823353444
2012-08-01,development,-0.002073113408923149,-0.008301135571587086,-0.0007148069386005401,-0.0036963519730369245
2012-08-02,development,0.008971382214069366,0.007972483712232113,0.0076807394475936885,0.008208201791298388
2012-08-03,development,0.016833441781163215,0.0061385760419905185,0.011924480513525008,0.011632166112226247
2012-08-06,development,0.00034964591987133025,-0.0024119762475550174,-0.0015721879353046417,-0.0012115060876627763
2012-08-07,development,0.00042575621260258485,-0.0024446298779666423,-0.0020277397243499756,-0.0013488711299046777
2012-08-08,development,0.01077782595872879,0.006519462881660461,0.006676852621603012,0.007991380487330753
2012-08-09,development,-0.0008801630620360374,0.002091532397097349,-0.0006569002336025238,0.0001848230338195959
2012-08-10,development,0.0007713077234387397,-0.006586612177604437,-0.0025426554008483888,-0.0027859866183380286
2012-08-13,development,0.003154644157874584,-0.0010085471139729023,-0.00045951232595443724,0.0005621949059824148
2012-08-14,development,0.006140007526576519,0.006073442788173732,0.00448604963645935,0.005566499983736533
2012-08-15,development,0.0011199856120824813,0.00014084965245723724,0.0019339955458641052,0.0010649436034679413
2012-08-16,development,0.0024685145080924034,-0.004035268020093441,-0.001321545979499817,-0.0009627664971669515
2012-08-17,development,0.004359221062099934,0.0031512580749630927,0.003038293773841858,0.0035162576369682946
2012-08-20,development,-0.0025902816240787503,0.00023647918157577514,0.00023109189643859862,-0.0007075701820214589
2012-08-21,development,-0.0013105305561780928,0.0013239625124931336,0.0008932979763956544,0.00030224331090356505
2012-08-22,development,0.004989515567708015,0.00179197881629467,0.00385602651143074,0.003545840298477808
2012-08-23,development,0.008029813553619385,0.009460759690117835,0.01115379577293396,0.00954812300555706
2012-08-24,development,0.001033379154419899,0.0038050003004312513,0.0016280778583049773,0.0021554857710520425
2012-08-27,development,0.0022898657861828804,0.0023456357034802437,0.003484256847381592,0.0027065861123482388
2012-08-28,development,-0.003986953579749155,-0.0005843594827890395,0.001066616019654274,-0.0011682323476279735
2012-08-29,development,-0.0023046118708372116,0.002043575107383728,0.0008407461979627608,0.00019323647816975906
2012-08-30,development,0.001348506455719471,-0.0018420690816283226,0.0024000202563285826,0.000635485876806577
2012-08-31,development,-0.0007684149505615234,-0.0012582547200679778,0.0009295963843345642,-0.0003656910954316457
2012-09-04,development,0.00011721533912420273,0.0005430427612423896,0.0017328795840978622,0.0007977125614881516
2012-09-05,development,-0.0033186218987584113,-0.007427562703435271,-0.0038333201580047606,-0.004859834920066148
2012-09-06,development,0.0016658056689739227,0.006608092945289612,-0.002755290055656433,0.001839536186202367
2012-09-07,development,0.002750136264669895,0.004032790615797042,-0.003956181181263924,0.0009422485664010048
2012-09-10,development,-0.002393338332235813,0.00007042276568412781,-0.0031376903453588486,-0.0018202019706368446
2012-09-11,development,-0.001790076951444149,-0.006475733429145813,-0.009509828422160626,-0.005925212934250196
2012-09-12,development,-0.0076854689156174655,-0.007231893098783492,-0.007363505870699882,-0.00742695596170028
2012-09-13,development,-0.00004892571107149124,0.0018215544906139372,-0.00039214909412860866,0.00046015989513794583
2012-09-14,development,-0.010557723734235762,-0.010878080411195755,-0.011244885497879982,-0.010893563214437166
2012-09-17,development,0.007623825906920433,0.007532140307331085,0.009085338476896286,0.008080434897049267
2012-09-18,development,0.002218408666810667,0.002493977714920044,0.00420889921092987,0.002973761864220194
2012-09-19,development,-0.0022387205763816833,0.0013033798778533934,-0.0013353822469711304,-0.0007569076484998067
2012-09-20,development,0.010189044631004333,0.008018285420799255,0.005005880820989609,0.007737736957597732
2012-09-21,development,0.003285304273033142,0.0022970333528518675,0.0018976603853225707,0.0024933326704025265
2012-09-24,development,0.0033518032692909237,-0.0002783119353294372,0.005627884061574936,0.0029004584651788072
2012-09-25,development,0.005484851812982559,0.0031055636525001897,0.005139033610844612,0.004576483025442454
2012-09-26,development,-0.0006754001312732696,-0.0008429061867952346,0.0016215910310029983,0.00003442823764483131
2012-09-27,development,-0.0019088493713855742,0.00245635565431118,-0.00015186022174358367,0.0001318820203940073
2012-09-28,development,0.0013619772835731505,0.00003796602144241333,0.0004940051644325256,0.0006313161564826965
2012-10-01,development,-0.002135887113523483,-0.004708416797280311,-0.003826478096652031,-0.0035569273358186087
2012-10-02,development,0.00358457638053894,-0.00047918549351692196,-0.0016196015154285905,0.0004952631238644759
2012-10-03,development,0.008224695585441588,0.003616679092502594,0.003986190650558471,0.005275855109500884
2012-10-04,development,-0.0004521772583007812,-0.0008362442719459534,-0.005037563453578949,-0.002108661661275228
2012-10-05,development,0.001975185921525955,0.001218224464392662,0.0018245116397380828,0.0016726406752189
2012-10-08,development,-0.0010024350464344024,-0.003233659660363197,0.0003250644249439239,-0.001303676760617892
2012-10-09,development,-0.003384090308985328,-0.002854221147632599,-0.003940676422595978,-0.0033929959597379686
2012-10-10,development,0.002696038302373886,0.0021253778290033338,0.004472590744161606,0.0030980022918462753
2012-10-11,development,-0.009012181822061538,-0.009544891204237937,-0.011344595587968825,-0.009967222871422767
2012-10-12,development,0.0021407299907684326,0.002791353703403473,0.0007088064487457275,0.0018802967143058777
2012-10-15,development,0.002422377869415283,0.005699820628261566,0.003555748081588745,0.003892648859755198
2012-10-16,development,0.002980422257184982,0.0031700587846589332,-0.003999129446840286,0.000717117198334543
2012-10-17,development,-0.00003247922229766846,-0.0028399805735111233,0.0002551944533348083,-0.0008724217808246611
2012-10-18,development,-0.0009054800972938537,0.000895249334526062,-0.00006408987884521484,-0.000024773547204335515
2012-10-19,development,-0.0026327775592327116,-0.00219872023332119,-0.005462499153470993,-0.0034313323153416313
2012-10-22,development,0.0005314959956645966,-0.0003122618609666824,0.0030596530669689177,0.0010929624005556107
2012-10-23,development,-0.004069455105686188,-0.0009085228401660919,-0.0027612268227929474,-0.002579734922881742
2012-10-24,development,0.010127107103157043,0.00808298803844452,0.004477989070415496,0.007562694737339021
2012-10-25,development,0.004508237373352051,0.006468141825914383,0.00861451194896698,0.006530297049411138
2012-10-26,development,0.0005213421958446502,-0.003374035465502739,0.0009404413835287094,-0.0006374172953764598
2012-10-31,development,0.0005682419484615325,0.0030431695327997207,0.000021041121172904966,0.0012108175341447194
2012-11-01,development,0.003071401932648159,0.004939480519485473,-0.0012618782154560089,0.002249668078892541
2012-11-02,development,0.014954193328285216,0.003989144830322266,0.010025018219566344,0.009656118792724608
2012-11-05,development,0.006434977212429046,0.00044406784951686856,-0.0006637592948675155,0.0020717619223594662
2012-11-06,development,0.004531381648349762,-0.001108318747317839,0.005787904657506942,0.003070322519512955
2012-11-07,development,0.0007463427229881287,0.004319054410457611,0.0047178753733634945,0.0032610908356030775
2012-11-08,development,0.002196915942382812,-0.00012495669140815733,0.0028730185584068296,0.001648325936460495
2012-11-09,development,0.002041987430143356,0.0023349648754119874,0.0030538236455917357,0.0024769253170490264
2012-11-12,development,-0.0016116622916221618,-0.0016397384286880492,-0.00017029037189483643,-0.0011405636974016824
2012-11-13,development,0.0020002074895381925,0.0030537531455993652,-0.002245338090523112,0.0009362075148714819
2012-11-14,development,-0.004530840523767471,-0.002816894467639923,-0.0018736016425848006,-0.003073778877997398
2012-11-15,development,-0.0005335520396232605,0.0017497897324085234,0.006777769991278648,0.0026646692280213034
2012-11-16,development,0.00809504896454811,0.011805884690999984,0.006000943284106254,0.008633958979884783
2012-11-19,development,0.007372813144493103,0.005684970441198349,0.007505113222742081,0.006854298936144511
2012-11-20,development,-0.004017540874099325,-0.0012861717595100402,0.0026774918327331543,-0.0008754069336254037
2012-11-21,development,-0.00015213038091659546,0.0006353321740627288,-0.0011195923202991485,-0.0002121301757176717
2012-11-23,development,0.004177157607412338,0.0025569270508289336,0.0038899727672100067,0.0035413524751504257
2012-11-26,development,0.0069806888920783995,0.00271368276181221,0.0034247649389028546,0.004373045530931155
2012-11-27,development,-0.0029045871725082396,-0.00006102397204861627,-0.001844629105758667,-0.001603413416771841
2012-11-28,development,0.00006634645915031433,-0.004774166451692581,0.001541185723233223,-0.0010555447564363479
2012-11-29,development,-0.00005753974666595459,-0.0029893855259895325,-0.003375749814891815,-0.002140891695849101
2012-11-30,development,0.00162347718873024,0.000409800458908081,0.002297668303155899,0.0014436486502647401
2012-12-03,development,0.00044203220863342285,0.0012932295358180999,-0.0007412810277938843,0.00033132690555254615
2012-12-04,development,0.0015820580953598022,-0.0027970765703678128,-0.007357336970664751,-0.0028574518152242536
2012-12-05,development,-0.0032335080404281616,-0.0018421174925804136,-0.0012253987527370452,-0.0021003414285818735
2012-12-06,development,0.0028124225321769715,0.004015816799163818,0.0010287216279506683,0.0026189869864304857
2012-12-07,development,-0.0005294342473983765,0.000357539809513092,-0.0030762470440387725,-0.001082713827308019
2012-12-10,development,-0.00015842746772766112,-0.0004867695487976074,0.00012701675105094909,-0.00017272675515810648
2012-12-11,development,-0.0032104444626124386,-0.006611875628280639,-0.004450671819257736,-0.0047576639700502715
2012-12-12,development,-0.0032917732496261596,-0.005453261524391174,-0.004141387137651443,-0.004295473970556259
2012-12-13,development,-0.003691695212745666,-0.0005372297266960144,-0.0037867253302574155,-0.002671883423233032
2012-12-14,development,-0.0013792736647605895,-0.0016867318200111388,-0.005937567285919189,-0.003001190923563639
2012-12-17,development,0.00835047878332138,0.005970139532852172,0.008619888168382644,0.007646835494852066
2012-12-18,development,-0.0020588377613067624,-0.0033099260722685314,0.0012151812789440155,-0.001384527518210426
2012-12-19,development,-0.0028233978575706482,-0.00563476681432724,-0.00413771466755867,-0.004198626446485519
2012-12-20,development,0.004836415032625198,0.0031417120165348053,0.0057657645512580865,0.004581297200139363
2012-12-21,development,0.005147355150842667,0.003047708039903641,0.0026192439101219178,0.003604769033622742
2012-12-24,development,0.0015042186006546019,0.00037080608739852906,-0.0003085531270980835,0.0005221571869850158
2012-12-26,development,-0.007994451425933838,-0.009217603804969787,-0.007433082922498512,-0.008215046051134045
2012-12-27,development,0.0008042576536178589,0.0011824168956756592,0.00254937002620697,0.001512014858500163
2012-12-28,development,0.0009588605093002319,0.003322169031333923,0.0027822307554244995,0.0023544200986862183
2012-12-31,development,-0.0009786550876140594,-0.0025624488132953644,-0.0006035871607780457,-0.0013815636872291563
2013-01-02,development,0.009125016733989716,0.0021480308531284333,0.008937688621997833,0.006736912069705327
2013-01-03,development,0.0028069131823062897,0.0028978837864398954,0.005273594699192047,0.0036594638893127436
2013-01-04,development,-0.001011900890302658,-0.0054087637147426605,-0.00010255996465682983,-0.002174408189900716
2013-01-07,development,-0.0009937401806831359,0.0004955098780632019,0.00023525543785095213,-0.00008765828825632729
2013-01-08,development,0.01257814203619957,0.006130011185851955,0.013589121365070343,0.01076575819570729
2013-01-09,development,0.006532177925395966,0.005092225656199455,0.006313077308559418,0.005979160296718279
2013-01-10,development,0.002383948318386078,0.002198655767059326,0.0013904558176040648,0.0019910199676831564
2013-01-11,development,0.000273864129781723,-0.00009341868412494659,0.000894806673336029,0.0003584173729976018
2013-01-14,development,-0.0003804186830997467,-0.0027603057738542556,0.004590917618274688,0.00048339772044022857
2013-01-15,development,0.001212254346704483,0.001550738106060028,0.003829973592804241,0.0021976553485229173
2013-01-16,development,-0.0015536887474536896,0.003908101725983619,0.005114350532770156,0.0024895878371000288
2013-01-17,development,0.003911759188699722,0.0051268909926414485,0.001740385968875885,0.003593012050072352
2013-01-18,development,-0.002964016364765167,-0.00010011032240390777,-0.0005525065136909484,-0.0012055444002866745
2013-01-22,development,-0.0008565455857753754,-0.0007451079135179519,-0.0009345796633720398,-0.000845411054221789
2013-01-23,development,0.002084885778415823,0.0004216794482946396,0.0004349530828475952,0.0009805061031860193
2013-01-24,development,-0.006834586680889129,-0.003687726593852043,-0.015044792247629165,-0.008522368507456779
2013-01-25,development,-0.001567880560684204,-0.008452610866165161,-0.009941820262098312,-0.006654103896315894
2013-01-28,development,-0.007698845053863525,-0.004856165834999085,-0.006204045831775665,-0.006253018906879425
2013-01-29,development,0.012724258832550048,0.01454319637636883,0.009493565752410888,0.012253673653776588
2013-01-30,development,0.0017981747498512267,0.005847396855354309,0.0005712786995410919,0.0027389501015822088
2013-01-31,development,0.0025203076062202453,-0.00015221151990890501,-0.004089121851634979,-0.0005736752551078796
2013-02-01,development,0.0029220894102096554,0.005008867384624481,0.004733917482280731,0.004221624759038289
2013-02-04,development,0.0010405665979385376,0.0012333067969322205,-0.00027655461926460263,0.0006657729252020518
2013-02-05,development,0.009449352969264984,0.009179437047004699,0.0012636192436175828,0.006630803086629088
2013-02-06,development,-0.0006495614471435547,-0.002666708360004425,0.00036449677720069883,-0.0009839243433157603
2013-02-07,development,-0.0003451521379470825,0.00042720493040084836,0.0031676530042648314,0.0010832352655728657
2013-02-08,development,0.004125731252574921,0.0037808629839897155,0.004000706198644638,0.003969100145069758
2013-02-11,development,0.002183635848903656,0.006541963889026642,0.007264342762756348,0.005329980833562215
2013-02-12,development,0.003546582615404343,-0.002841069112920761,-0.0004118762979030609,0.00009787906819350694
2013-02-13,development,-0.0015049933187961577,0.0013677687093257903,-0.0017473195430278777,-0.0006281813841660817
2013-02-14,development,-0.016304887589883802,-0.00937210465698242,-0.009753275521802902,-0.01181008925622304
2013-02-15,development,0.00426692543683052,0.0012486628850936889,0.006000158070707321,0.003838582130877177
2013-02-19,development,-0.003491057042455673,-0.0016054412364959717,-0.0038294156735897062,-0.0029753046508471173
2013-02-20,development,0.006987323271799087,0.005732677497745392,0.006113027465105056,0.006277676078216512
2013-02-21,development,-0.00795731136894226,-0.00040032546863555906,-0.0043784026405334475,-0.004245346492703756
2013-02-22,development,0.005859266875886917,-0.00017392027211189269,0.0021650016100406644,0.002616782737938563
2013-02-25,development,-0.0014909100120067595,0.00028470363688468933,-0.007475780336046218,-0.0028939955703894296
2013-02-26,development,0.008746282374620436,0.007845226124811172,0.008687297382907962,0.008426268627446524
2013-02-27,development,0.0018030268392086029,0.002480190776872635,0.00370885926156044,0.0026640256258805596
2013-02-28,development,0.010578643692064285,0.0040230273896694185,0.006903980894994735,0.007168550658909479
2013-03-01,development,0.0030623898431777954,0.007238265460586548,0.0031783290099620816,0.0044929947712421415
2013-03-04,development,0.0023403079791545866,0.007879005466604232,0.002723663819026947,0.004314325754928588
2013-03-05,development,-0.002053717994042851,-0.0016616196172714232,0.0013957382556438445,-0.0007731997852234766
2013-03-06,development,0.005902238906478881,0.002032537070226669,0.005148249348831176,0.004361008441845576
2013-03-07,development,-0.0038985146920204163,-0.011947327610635756,-0.006878607930612564,-0.007574816744422911
2013-03-08,development,-0.006417181928825378,-0.00846374680352211,-0.005696572202062607,-0.006859166978136699
2013-03-11,development,0.001610943707370758,0.003561977870750427,0.004428160834693908,0.0032003608042716976
2013-03-12,development,-0.0005564616923332214,0.0002529804544543982,0.0018707543355464934,0.0005224243658892234
2013-03-13,development,-0.006733695658969879,-0.0038538924344062803,-0.0042706793911457056,-0.004952755828173955
2013-03-14,development,1.5273468017578124e-6,-0.0014092519326210022,-0.0011311599858760833,-0.000846294857231776
2013-03-15,development,0.00031568082427978515,-0.0013786956812858581,0.000437152749300003,-0.00020862070256869
2013-03-18,development,0.004543525171375275,0.003975354172801971,-0.0005975511893749237,0.0026404427182674405
2013-03-19,development,0.006733467244529724,0.0033665370631217953,0.00318662238721702,0.00442887556495618
2013-03-20,development,0.0015709368242263794,0.003762257887458801,0.0022708255615234373,0.0025346734244028725
2013-03-21,development,0.0004723729494094848,-0.0010852263529777526,-0.0016719724305152893,-0.0007616086113611857
2013-03-22,development,0.0003229862482070923,0.007150362466716766,0.004620010946941376,0.004031119887288412
2013-03-25,development,-0.002313412860870361,-0.003485835226345062,-0.0021803288542747495,-0.0026598589804967244
2013-03-26,development,0.004761657080035018,0.007584802341079711,0.011319025049209595,0.007888494823441441
2013-03-27,development,0.0010996826975822448,-0.0013538312190055847,-0.003435675363731384,-0.0012299412950515746
2013-03-28,development,0.004326893792057037,0.0043335793384552,0.004999798954963684,0.004553424028491974
2013-04-01,development,0.004204611091899872,0.00178945620803833,0.00392852518491745,0.0033075308282852173
2013-04-02,development,0.008180137123775482,0.009810955474853516,0.008691438532447814,0.00889417704369227
2013-04-03,development,0.00708364511270523,0.0023055197950069906,0.005925097808551788,0.005104754238754669
2013-04-04,development,0.003114211207008362,-0.003107131326675415,0.0034991938245773316,0.0011687579016367595
2013-04-05,development,0.0018341798865318297,0.0055664516220092775,-0.001173963146018982,0.0020755561208407086
2013-04-08,development,-0.006122096737194061,-0.0029235792097091675,-0.005142522649955749,-0.004729399532286326
2013-04-09,development,0.00046515217123031615,-0.0010886444169998168,-0.0020889160487163063,-0.0009041360981619355
2013-04-10,development,-0.003188244486045837,-0.004473123627471923,-0.005030848820877075,-0.004230738978131612
2013-04-11,development,0.0019126382297515868,0.0036247575139999387,0.0007097425692558289,0.002082379437669118
2013-04-12,development,-0.0028681420663833617,-0.0024923072634696957,-0.002908941518115997,-0.002756463615989685
2013-04-15,development,0.008105984207057952,-0.004232379835605621,-1.721337032318115e-6,0.0012906276781400046
2013-04-16,development,0.0040426983423398006,-0.0021791206543922423,-0.0039336014495849605,-0.0006900079205458008
2013-04-17,development,-0.002933076032590866,-0.0010522430747032165,-0.0027597486418724057,-0.0022483559163888295
2013-04-18,development,-0.003871272377157211,0.004531453986835479,-0.008423340953350067,-0.002587719781223933
2013-04-19,development,-0.002574998244524002,0.0007034710700988769,0.0008330946864128113,-0.0003461441626707713
2013-04-22,development,-0.0006161285291671752,-0.0035746772137641904,0.0013228922071456908,-0.0009559711785952249
2013-04-23,development,-0.001914133718061447,0.0041004968097748526,0.012359056135177612,0.004848473075630339
2013-04-24,development,-0.002819342877483368,-0.001168375608730316,-0.0008740922064781188,-0.0016206035642306008
2013-04-25,development,-0.004635539752006531,-0.00884197477016449,-0.01086891322441101,-0.008115475915527344
2013-04-26,development,0.003301525291252136,0.004542504705381393,0.008237973243141175,0.0053606677465915685
2013-04-29,development,0.0009245713942050934,0.003419401754570007,0.0014168811888694763,0.0019202847792148588
2013-04-30,development,0.004980628296995163,0.0067738019468307495,0.006181416908930635,0.005978615717585516
2013-05-01,development,-0.00266434153547287,-0.005378052474451065,0.0016206764848709105,-0.002140572508351008
2013-05-02,development,0.0028784366250514982,0.004288202103519439,-0.0007038462855815887,0.002154264147663116
2013-05-03,development,-0.0012070179937839506,-0.003502461513137817,-0.0040998623139858244,-0.002936447273635864
2013-05-06,development,-0.004783330988121033,-0.0026662879354953763,-0.003788371315860748,-0.0037459967464923854
2013-05-07,development,0.004380154573153519,0.008659777729177474,0.006432084851026535,0.00649067238445251
2013-05-08,development,0.0031364773829460142,0.00303942832660675,0.004831515701913833,0.0036691404704888657
2013-05-09,development,-0.0025571647897720336,-0.00532314395031929,-0.0032324710980415343,-0.003704259946044286
2013-05-10,development,-0.011656012520599364,-0.015756311691284178,-0.01500437137403488,-0.014138898528639475
2013-05-13,development,0.0013815630634307862,-0.004412577909326553,-0.00018999014654159544,-0.001073668330812454
2013-05-14,development,-0.0022233999183654783,-0.00004382001587777195,-0.002140662134075165,-0.001469294022772805
2013-05-15,development,-0.0025579604577064515,-0.000041197188472747804,-0.002585612281036377,-0.0017282566424051923
2013-05-16,development,-0.0018468678099632261,-0.0019239811405181884,-0.006376616576004028,-0.003382488508828481
2013-05-17,development,0.0012951865622520447,0.0020469016554832456,-0.0015882199470520018,0.0005846227568944295
2013-05-20,development,-0.004164525898551941,-0.003632329623699188,-0.005178668656730652,-0.00432517472632726
2013-05-21,development,-0.0019089224555015564,-0.0011034875133514404,-0.001123678048135227,-0.0013786960056627413
2013-05-22,development,0.002715131332683563,0.00013263172721862792,0.0026330445595920083,0.0018269358731647332
2013-05-23,development,-0.002092833410739899,-0.002206191676712036,-0.00022973931047320364,-0.0015095881326417128
2013-05-24,development,0.005260272704219818,0.003425726356983185,0.004226640379297733,0.004304213146833579
2013-05-28,development,0.0018075711088180542,0.002050441801261902,0.002421969569116831,0.0020933274930655956
2013-05-29,development,-0.0038419448564429156,-0.0020365217065811156,-0.0031669680557608604,-0.003015144872928297
2013-05-30,development,0.0028163288573503495,0.003033667432117462,0.0034273801558196543,0.0030924588150958218
2013-05-31,development,-0.0007233902192115783,-0.002136328638458252,-0.003641502650117874,-0.0021670738359292345
2013-06-03,development,0.006124388032650948,0.003345769602203369,0.006881939150708913,0.005450698928521076
2013-06-04,development,0.0036737438378095623,0.004421740833994323,0.005793640658193827,0.004629708443332571
2013-06-05,development,-0.0019081327353477476,-0.006542594687438011,-0.0017315342359781264,-0.0033940872195879616
2013-06-06,development,-0.0002536713366031647,0.003975073869156838,0.0021306772112250328,0.0019506932479262352
2013-06-07,development,-0.0014834277100563048,-0.00004829699147939682,-0.0004630130126237869,-0.0006649125713864961
2013-06-10,development,-0.00448462121284008,-0.0022019458394885063,-0.005428261947923898,-0.0040382763334174945
2013-06-11,development,0.000023184009718894957,0.0035761110054016113,0.002866179785698294,0.0021551582669396
2013-06-12,development,-0.002286250313138962,-0.003660511589992046,-0.004341942574548721,-0.003429568159226576
2013-06-13,development,-0.0027420595624923706,-0.0018637686286449432,-0.0013277078578472136,-0.001977845349661509
2013-06-14,development,0.0005644865459680557,-0.0011207302803158759,0.006266720682764053,0.0019034923161387442
2013-06-17,development,-0.00042683261656761167,0.0028483244869828223,0.0009526416239738464,0.0011247111647963524
2013-06-18,development,0.006106614351647213,0.00252547990847826,0.007118456609725952,0.005250183623283808
2013-06-19,development,-0.00031918731579184533,-0.006225321071708202,-0.005321281794500351,-0.0039552633940001325
2013-06-20,development,-0.000623569039195776,-0.005937119109892845,-0.0019613460557460784,-0.002840678068278233
2013-06-21,development,0.004646931729972362,0.0038000298080325123,0.004407591857337951,0.004284851131780942
2013-06-24,development,-0.005352727119261026,-0.004231263857114315,-0.003057786157655716,-0.004213925711343686
2013-06-25,development,-0.0022075886999607087,-0.003283014645840578,-0.001274523899269104,-0.0022550424150234636
2013-06-26,development,-0.004644056277698278,-0.0011761353308439254,-0.0032390908085823057,-0.00301976080570817
2013-06-27,development,0.003532246588850021,0.003390334696769714,0.004878359654378891,0.003933646979999542
2013-06-28,development,-0.0030197906965076923,-0.0023249632746458054,-0.0027705148753643036,-0.002705089615505934
2013-07-01,development,0.005226498173063993,0.0029085393665790557,0.0042849543005943295,0.004139997280079126
2013-07-02,development,-0.0030662582514703273,-0.002479774453353882,-0.0031789311268901584,-0.002908321277238123
2013-07-03,development,-0.002863764497554302,-0.0029572378667593,-0.003179816596698761,-0.003000272987004121
2013-07-05,development,0.0007483351073682308,0.0006591825865507125,0.00020772783908843992,0.0005384151776691278
2013-07-08,development,0.012410072089254856,0.0071267015584945675,0.01267536014995575,0.01073737793256839
2013-07-09,development,0.0023789900721376996,0.0014133949319601058,0.006195843212509155,0.0033294094055356534
2013-07-10,development,0.00022238443241119385,-0.007024040495920181,-0.004367615890884399,-0.0037230906514644623
2013-07-11,development,0.00905059360961914,0.0039851754731416705,0.006081925649261475,0.006372564910674096
2013-07-12,development,-0.0008935140191078186,0.002030845128202438,-0.0016142841715812682,-0.00015898435416221622
2013-07-15,development,-0.005057848689079284,-0.00809433369038105,-0.003916368486595154,-0.005689516955351828
2013-07-16,development,-0.0016467812838554382,-0.0038742414220631484,0.00036192588739395137,-0.0017196989395082119
2013-07-17,development,-0.0032055632453918455,-0.0022800109355211257,-0.0020045128131866456,-0.002496695664699872
2013-07-18,development,-0.0011823454090118407,0.0024235235332369805,0.0018886010343551634,0.0010432597195267678
2013-07-19,development,-0.00012244612016677856,-0.0006010204443216324,0.003450064029121399,0.0009088658215443294
2013-07-22,development,-0.0016603474569320679,0.001366707278907299,-0.0028539193866729735,-0.001049186521565914
2013-07-23,development,0.0010291058339118957,0.0006125234180688857,0.0011646494520416736,0.0009354262346741517
2013-07-24,development,-0.003180138308620453,0.003962477123987674,0.006541243951559066,0.002441194255642096
2013-07-25,development,-0.0009856408289909363,0.0029853854212164876,-0.0009213321152210236,0.00035947082566817595
2013-07-26,development,0.0008106669716835021,0.002595796776258945,0.0016228244136810301,0.0016764293872078258
2013-07-29,development,0.0007434619366645812,0.00023560804719924925,0.00030061258044242857,0.00042656085476875305
2013-07-30,development,0.003891590554526329,-0.0005873956396698952,-0.0022076903476715088,0.00036550152239497494
2013-07-31,development,-0.007744576430988311,-0.006608337577021122,-0.008070046284246445,-0.007474320097418626
2013-08-01,development,-0.004874919670581818,-0.0016455645186781883,-0.009379648651361466,-0.005300044280207157
2013-08-02,development,0.0008670773559570312,0.0005396097802519798,0.0013593451536655426,0.0009220107632915178
2013-08-05,development,-0.005370601222896575,-0.005879741734921932,-0.00829973674840927,-0.006516693235409259
2013-08-06,development,0.002403799149990082,0.0003048184675173354,0.00524105475578308,0.0026498907910968324
2013-08-07,development,-0.0007081110653877258,0.0030486209968566894,0.004247017391014099,0.0021958424408276877
2013-08-08,development,-0.006512587685585021,-0.007174368320465087,-0.010157123333835602,-0.00794802644662857
2013-08-09,development,-0.009967597225952148,-0.0068025207563400265,-0.005936576477622985,-0.007568898153305054
2013-08-12,development,-0.004443426395702362,0.0006623827421188354,0.0030863616886615754,-0.00023156065497398362
2013-08-13,development,0.00492901364402771,0.003005900952339172,0.0021883832635242223,0.0033744326199637016
2013-08-14,development,-0.002103149301147461,0.0037869021879196165,0.000039796514415740964,0.0005745164670626321
2013-08-15,development,-0.004482326980686188,-0.0005073000469207763,-0.004628107048797607,-0.0032059113588015237
2013-08-16,development,-0.0003288256002426147,0.003113297159576416,0.0025559592803955076,0.0017801436132431029
2013-08-19,development,-0.0012101609732627868,-0.002576645171165466,-0.0007305650534629822,-0.0015057903992970786
2013-08-20,development,0.0008632168264079577,0.0011989531648635863,-0.0027632790725708005,-0.00023370302709975217
2013-08-21,development,-0.008127437438964843,-0.006520822675323486,-0.002803024732208252,-0.005817094948832194
2013-08-22,development,-0.0017123298833847044,0.0013978154516220093,-0.0004061301370620727,-0.00024021485627492262
2013-08-23,development,0.0009481311557769775,-0.0016622047525405882,-0.0008538377410888671,-0.0005226371126174925
2013-08-26,development,-0.006622638304519653,-0.008787971497535706,-0.005367357420635223,-0.0069259890742301945
2013-08-27,development,0.0014900069640159607,-0.002642637687740277,0.0005104922860145569,-0.0002140461459032531
2013-08-28,development,-0.005505086957168579,-0.00043968637895584105,-0.0009145829536437987,-0.002286452096589406
2013-08-29,development,0.006730374830627441,0.007894568482398986,0.007508273460483551,0.007377738924503326
2013-08-30,development,-0.00360839569568634,-0.001962105071926117,-0.003664229210281372,-0.0030782433259646095
2013-09-03,development,-0.0019610049625396727,-0.0026727903847694394,0.0012887982536315917,-0.00111499903122584
2013-09-04,development,0.0006382905988693237,-0.000052287918281555175,-0.00136756410826645,-0.0002605204758928938
2013-09-05,development,-0.0009470783226966857,-0.0009791223026275634,-0.0028006782191753385,-0.0015756262814998626
2013-09-06,development,0.001309922712612152,-0.00454083281879425,0.0017157114052295684,-0.0005050662336508431
2013-09-09,development,-0.004756426345825195,-0.003468026007461548,-0.00470349591293335,-0.004309316088740031
2013-09-10,development,-0.0040316827434571986,-0.002709249533653259,-0.0019933866323471067,-0.002911439636485855
2013-09-11,development,-0.0003536876350402832,-0.0015131602626800536,0.00042017640089988704,-0.0004822238322734833
2013-09-12,development,-0.004811515058422088,0.0026934129339218136,-0.0005312791038036346,-0.0008831270761013029
2013-09-13,development,0.007552465391016006,0.00008939975357055664,0.0028278742694854736,0.003489913138024012
2013-09-16,development,0.006451814390611648,0.0012798398916244506,0.008289853406000136,0.005340502562745412
2013-09-17,development,-0.0040669283912181855,-0.002225404439984703,-0.006559710555887222,-0.00428401446236337
2013-09-18,development,0.0059466320405006405,0.0008840392930984497,0.0024113996932029723,0.003080690342267354
2013-09-19,development,0.0022792305263519288,0.0010181564228057861,0.004270531674575805,0.0025226395412445064
2013-09-20,development,0.002746258119058609,0.003566368961906433,0.006239663257694244,0.004184096779553095
2013-09-23,development,-0.0008358783840179443,-0.002307463961791992,-0.003400269198989868,-0.002181203848266601
2013-09-24,development,-0.001065368921327591,-0.0015761284255981444,-0.0013400482476148127,-0.0013271818648468495
2013-09-25,development,-0.005068749022245407,-0.003524221213531494,0.001183113975048065,-0.002469952086909612
2013-09-26,development,0.006449908864831924,0.0038172351636886594,0.002131664162158966,0.0041329360635598495
2013-09-27,development,0.00016256738176345824,0.0023253187982559204,0.002766515235900879,0.0017514671386400858
2013-09-30,development,0.00047421783604621883,-0.00027747256965637206,0.0028193063876152035,0.0010053505513350168
2013-10-01,development,-0.00850234187574327,-0.0012996978254318236,0.0021262274304389953,-0.002558604090245366
2013-10-02,development,-0.008158041775417327,-0.010585052549171447,-0.008746654090690613,-0.009163249471759796
2013-10-03,development,-0.0014456385828018187,-0.0022144389190673825,0.0007776995634078979,-0.0009607926461537679
2013-10-04,development,0.005608299573516846,0.004878572653388977,0.00476684966173172,0.005084573962879181
2013-10-07,development,-0.006562832005214691,-0.0013898292123794556,-0.004467420547389984,-0.00414002725499471
2013-10-08,development,0.0025457082821846006,-0.00033254397853951377,0.0038045201033592223,0.0020058948023347696
2013-10-09,development,0.01753984171772003,0.02562601439552307,0.021410144626522062,0.02152533357992172
2013-10-10,development,0.005336430998134613,0.003033384908008575,0.006516991191101074,0.004962269032414754
2013-10-11,development,0.0023978700725555417,0.005780056456756591,0.002512097857570648,0.00356334146229426
2013-10-14,development,-0.0009477324656486511,-0.005232499870014191,-0.00022032488355636597,-0.0021335190730730693
2013-10-15,development,-0.004059594734954834,-0.004896543638610839,-0.001824530525863647,-0.0035935562998097733
2013-10-16,development,0.00331537001285553,0.00868269880619049,0.003825611454296112,0.0052745600911140444
2013-10-17,development,0.0023389687864303586,0.0009861707629203796,0.0021109992337226867,0.001812046261024475
2013-10-18,development,0.0027270996152877806,0.004764470514774322,0.008008308675003052,0.005166626268355051
2013-10-21,development,0.004857867917823791,-0.0005060865604400635,0.0013735355868339538,0.0019084389814058935
2013-10-22,development,0.00033012789693629747,0.001586463385248184,0.0005598196129798889,0.0008254702983881236
2013-10-23,development,0.002384209449672699,-0.0009729821003437042,0.0028059377928733825,0.001405721714067459
2013-10-24,development,-0.018155538859176635,-0.008901136588573456,-0.021443635565280915,-0.016166770337677
2013-10-25,development,-0.0023252735920906067,-0.001094597106552124,-0.0023028426568984985,-0.0019075711185137431
2013-10-28,development,0.0035955321372032165,0.0013378837125778197,0.0018051126361846924,0.002246176161988576
2013-10-29,development,0.0009377665772438049,0.00036483998663816455,0.00268441882982254,0.00132900846456817
2013-10-30,development,0.002698785951709747,0.005594197919845581,0.003781387983608246,0.004024790618387858
2013-10-31,development,0.0031846567106246946,0.010196896655464171,0.001749128520298004,0.005043560628795623
2013-11-01,development,0.0004920820174217224,0.0069262747382164,-0.00003044946422576904,0.002462635763804118
2013-11-04,development,-0.005964328775215149,-0.009060957905101776,-0.0020285891850471494,-0.005684625288454692
2013-11-05,development,0.0014450473514556884,0.0008428325708389282,-0.0008004632094612599,0.0004958055709444522
2013-11-06,development,0.004945562831878662,0.01171941866006851,0.007682300736904144,0.008115760742950439
2013-11-07,development,0.0003749288501739502,-0.005937189764785767,-0.0007568959264755248,-0.0021063856136957805
2013-11-08,development,0.007899645737552643,0.00875426511259079,0.009188097342014312,0.008614002730719248
2013-11-11,development,-0.0019357312992572785,-0.0034016844388008115,-0.004871356692886352,-0.003402924143648147
2013-11-12,development,0.0027035441119485854,0.0074274393680572506,0.004560994142627716,0.004897325874211184
2013-11-13,development,0.0110208645154953,0.005186732942962647,0.005068658387470245,0.007092085281976063
2013-11-14,development,0.004471718275403976,-0.00013914396438598632,0.0010715353608131408,0.0018013698906103768
2013-11-15,development,-0.004566804759979248,-0.0019035578145027159,-0.0029028664572715757,-0.00312440967725118
2013-11-18,development,-0.0002899621460914612,0.001653445171356201,0.0005733571125030517,0.0006456133792559305
2013-11-19,development,0.0022223143931388856,-0.000802387643826437,0.0018941074259757995,0.001104678058429416
2013-11-20,development,0.0018160863434791563,0.0009535784379005431,0.0034473348990440365,0.002072333226807912
2013-11-21,development,0.007317265894126891,0.0049237676889419555,0.010791088632392884,0.007677374071820577
2013-11-22,development,-0.0025779727757453915,0.000714331242275238,-0.001464563533401489,-0.0011094016889572143
2013-11-25,development,-0.0007035305155754089,-0.0020155873092651366,0.0030284250065803525,0.00010310239391326907
2013-11-26,development,0.0018798074082374571,-0.0005448889739990235,-0.0010785921847635744,0.00008544208315828642
2013-11-27,development,-0.002050844247722626,-0.0032482733026504514,-0.0028633371696472165,-0.0027208182400067643
2013-11-29,development,-0.00004856785821914673,0.002144284193611145,0.0016746702464103698,0.001256795527267456
2013-12-02,development,0.0034952888962268827,0.003764278636264801,0.005680493880653381,0.004313353804381688
2013-12-03,development,0.0004496552851419692,0.0033786358306884764,0.0033791195955276488,0.002402470237119365
2013-12-04,development,0.005123502129268646,0.004624587401008606,0.003505873144817352,0.004417987558364868
2013-12-05,development,-0.0043456337059021,-0.0013823955957412719,-0.0021376461665630338,-0.002621891822735468
2013-12-06,development,0.007182943348026275,0.0077938314544677735,0.00793893007092476,0.007638568291139603
2013-12-09,development,-0.003306421122550964,-0.0035181450492858886,-0.0017870823433876037,-0.002870549505074819
2013-12-10,development,-0.006495142838668823,-0.0022012197005449293,-0.005727402106952667,-0.0048079215487221395
2013-12-11,development,-0.0009164083382606506,-0.0013540703558921814,-0.002781365991592407,-0.0016839482285817464
2013-12-12,development,-0.001561582077884674,-0.0004126589342117309,-0.0008765677362442016,-0.0009502695827802021
2013-12-13,development,0.0013092692261695862,0.0017139045778274535,-0.0012606452038764952,0.0005875095333735148
2013-12-16,development,0.0028044311356544495,0.0004884417024612427,0.004249908440923691,0.002514260426346461
2013-12-17,development,-0.008905598622131347,-0.003519596314048767,-0.006712200565710926,-0.00637913183396368
2013-12-18,development,0.001290307898235321,0.0018641286247253416,0.006061581079387665,0.0030720058674494426
2013-12-19,development,-0.007110811081886291,-0.005615163954734802,-0.003596354979419708,-0.0054407766720136
2013-12-20,development,0.0048406341227531435,0.004446242496299743,-0.0003452483959197998,0.0029805427410443622
2013-12-23,development,-0.004015185283565521,-0.0026736129190444947,0.0005516451436042786,-0.002045717686335246
2013-12-24,development,-0.0010812882467131617,-0.00042698603935241696,0.0007744684809684753,-0.00024460193503236783
2013-12-26,development,0.001018709083175659,0.002083481198501587,0.0020168384141921996,0.0017063428986231486
2013-12-27,development,-0.007201445679950714,-0.007199148682975769,-0.007629082335662842,-0.007343225566196441
2013-12-30,development,0.003389177202796936,0.003320333413505554,0.0014061711782455443,0.002705227264849345
2013-12-31,development,-0.005342448059844971,-0.00506892681628313,-0.005304912068557739,-0.00523876231489528
2014-01-02,development,0.002666098105239868,0.004043099906349182,0.003533352615356445,0.003414183542315165
2014-01-03,development,0.011262229633712768,0.011753573599910735,0.010160673175621032,0.01105882546974818
2014-01-06,development,-0.0007367679467201232,0.0016360108230590819,-0.0004880163074493408,0.00013707552296320593
2014-01-07,development,0.00541084237575531,0.006964359219837188,0.008582808712956429,0.006986003436182976
2014-01-08,development,-0.00008999754810333252,0.002184775164794922,0.006013769663238525,0.0027028490933100383
2014-01-09,development,0.004800601050567627,0.005712941363048553,0.003938871768856048,0.004817471394157409
2014-01-10,development,0.006741989556598663,0.008833805674457549,0.009329353036594391,0.008301716089216869
2014-01-13,development,0.0009057555038452148,-0.00028096490535736083,-0.002477847156047821,-0.0006176855191866557
2014-01-14,development,-0.003432144308265306,-0.0021737988578796386,-0.0019768172063827512,-0.002527586790842565
2014-01-15,development,-0.0011861124636650085,-0.0002305407706260681,-0.004329119614887238,-0.0019152576163927713
2014-01-16,development,-0.012489260125446319,-0.009972863217353821,-0.012243784242343903,-0.01156863586171468
2014-01-17,development,-0.004112590126800537,-0.0021829650080680846,-0.0033372989362716672,-0.0032109513570467633
2014-01-21,development,-0.009824721049308776,-0.006733487538909912,-0.0069742985138893125,-0.007844169034036
2014-01-22,development,0.000722435970211029,-0.0007778222168884276,0.0004311221706390381,0.00012524530798721316
2014-01-23,development,-0.006570144053554535,-0.007344302971172332,-0.00782308243637085,-0.007245843153699239
2014-01-24,development,0.003860818436527252,-0.002523056001758575,-0.006854269115066528,-0.0018388355600992836
2014-01-27,development,-0.0007621944990158081,-0.005438727859783173,-0.0028495528728485105,-0.0030168250772158304
2014-01-28,development,-0.011116931150150298,-0.007249331489658355,-0.00828914335243478,-0.008885135330747812
2014-01-29,development,-0.013014074677848816,-0.011527166559123992,-0.01555422509355545,-0.013365155443509419
2014-01-30,development,0.004049791581821441,0.00615215571269989,0.004920012531089783,0.005040653275203705
2014-01-31,development,-0.00105208786239624,-0.006182981405735016,-0.0015646659567832945,-0.0029332450749715165
2014-02-03,development,-0.005460545645332336,-0.005671930485343933,-0.007298859441280364,-0.006143778523985545
2014-02-04,development,0.000999213250068236,-0.000038153986644744874,0.0031490550280570983,0.0013700380971601964
2014-02-05,development,-0.0003202904134750366,-0.0009786261675834656,0.0007781093259811401,-0.00017360241835912067
2014-02-06,development,-0.003279765616226196,0.004620118296718597,0.0020565179613113403,0.0011322902139345805
2014-02-07,development,0.007639657800865173,0.008357509906578063,0.0068507734845161435,0.007615980397319794
2014-02-10,development,-0.0007488667413711547,-0.0037633539586067197,-0.004092234132862091,-0.002868151610946655
2014-02-11,development,0.0003635130647659302,0.002012300224229288,0.002130950450515747,0.0015022545798369883
2014-02-12,development,0.004017770471382141,0.0005692371954917907,0.0011458671419143677,0.0019109582695960997
2014-02-13,development,-0.0029380237451553342,0.00046558397874832153,-0.004115242687797546,-0.0021958941514015197
2014-02-14,development,-0.00021331645183563232,-0.0000914315279006958,0.0023954225721359254,0.0006968915307998657
2014-02-18,development,-0.0047483404687881465,0.0003222067862510681,-0.004280862802410125,-0.002902332161649068
2014-02-19,development,-0.005221270039367676,-0.0024594673203468323,0.0028353323397216795,-0.0016151350066642763
2014-02-20,development,-0.0037719053564071654,-0.0021889502333641052,-0.0013701353633880614,-0.0024436636510531107
2014-02-21,development,-0.0005731409008026123,-0.002544212718582153,-0.003957411245441436,-0.0023582549549420674
2014-02-24,development,-0.0013377355388641357,-0.00028114548263549803,0.001230642733001709,-0.00012941276283264156
2014-02-25,development,-0.0006078225588843343,-0.004127491650676727,-0.0040945961873054505,-0.0029433034656221706
2014-02-26,development,-0.00025774302501678465,0.0004421858643531799,-0.002454218814945221,-0.0007565919918696085
2014-02-27,development,0.0026504514936447144,0.0016325120820999146,-0.00019296114253997801,0.0013633341444015503
2014-02-28,development,0.01267979064207077,0.013761321944522857,0.010687548179054259,0.012376220255215961
2014-03-03,development,-0.001372042341041565,-0.00007111234073638916,-0.0022070998576164246,-0.0012167515131314595
2014-03-04,development,0.0021502379095077514,0.00465861134692974,0.007652388015651703,0.004820412424029731
2014-03-05,development,0.00033222602043151854,-0.0013561166667938232,0.0020658909739494323,0.00034733344252904256
2014-03-06,development,0.0044815615703582765,0.0035644651441574097,0.0039859682305335995,0.004010664981683096
2014-03-07,development,0.008030056925201416,0.004041677729606628,0.004119945911216736,0.005397226855341593
2014-03-10,development,0.003214411295223236,0.0013175584936141967,0.0018351528594017028,0.0021223742160797116
2014-03-11,development,0.0015057489850997924,0.001890609285545349,0.004375149977800893,0.0025905027494820113
2014-03-12,development,-0.00204019221868515,0.00017364521923065186,-0.0029658592730522153,-0.0016108020908355712
2014-03-13,development,-0.001023216736602783,0.00044099901542663574,0.0018125306517601013,0.0004101043101946513
2014-03-14,development,-0.0009589876434326171,0.001171311521720886,-0.002297581328678131,-0.0006950858167966207
2014-03-17,development,-0.0022158458262443543,-0.0013588858968734741,-0.0008713606152534484,-0.0014820307794570923
2014-03-18,development,-0.0026910978177105906,-0.0049499109016418455,-0.006471326308441162,-0.0047041116759311994
2014-03-19,development,-0.0019290387246131897,0.003135426696205139,-0.002166023342704773,-0.0003198784570376079
2014-03-20,development,0.003818070609855652,0.00304117442073822,0.00140651698141098,0.002755254004001617
2014-03-21,development,-0.007099308750915527,-0.00507395010433197,-0.003434738017463684,-0.00520266562423706
2014-03-24,development,-0.004592174666690826,-0.00420617140712738,-0.0038553943085670467,-0.004217913460795084
2014-03-25,development,-0.0026453622002601622,-0.0021866600723803994,-0.00442785515756607,-0.0030866258100688774
2014-03-26,development,-0.0016067137664794921,-0.005732518845176697,0.0018076793933868407,-0.0018438510727564492
2014-03-27,development,-0.007367081240463256,-0.004069138967323303,-0.004389121884441375,-0.0052751140307426446
2014-03-28,development,0.0022018075521469116,0.0004661193483352661,-0.00033836259756088254,0.0007765214343070983
2014-03-31,development,0.007747980678272247,0.007521006429862976,0.004592761424255371,0.006620582844130199
2014-04-01,development,0.0017910109208106994,0.003938460468482971,0.002730523555403709,0.0028199983148991265
2014-04-02,development,0.0018624612188339234,-0.0001563663019180298,0.001962586538314819,0.0012228938184102374
2014-04-03,development,0.002524132344722748,0.0003045879188537598,-0.0025862208060264584,0.00008083315251668308
2014-04-04,development,-0.011175398195457459,-0.009932792389965056,-0.015186189970684051,-0.012098126852035521
2014-04-07,development,-0.009539940892982483,-0.006761943634986877,-0.006386071987915039,-0.007562652171961466
2014-04-08,development,-0.003650020767295837,-0.0019624598734855653,-0.002733375105190277,-0.002781951915323893
2014-04-09,development,0.012069184831237792,0.012503208528804778,0.015015940341377258,0.01319611123380661
2014-04-10,development,-0.009022762445259094,-0.009183819780540467,-0.008506738102722167,-0.008904440109507243
2014-04-11,development,0.005919440183639526,0.001765053200149536,0.003412618191337585,0.0036990371917088823
2014-04-14,development,-0.0008875578967094421,0.002484868567562103,0.000246579421043396,0.000614630030632019
2014-04-15,development,0.0025233805497169495,-0.0007973450054312706,0.0022781879582405087,0.0013347411675087293
2014-04-16,development,0.01173323751449585,0.010779918778228759,0.011229078279399871,0.011247411524041495
2014-04-17,development,-0.005451033095359802,0.0023578474330902097,-0.005079200588226318,-0.0027241287501653037
2014-04-21,development,-0.0024609121688842772,-0.001966080125236511,-0.003395820796585083,-0.002607604363568624
2014-04-22,development,-0.0026790696756362913,-0.0025812019924163817,-0.0017955524917602538,-0.002351941386604309
2014-04-23,development,0.007520588865089416,0.004336223335647583,0.00514216082041211,0.005666324340383037
2014-04-24,development,-0.006995914818382263,-0.0052717285005569455,-0.001247625967979431,-0.004505089762306213
2014-04-25,development,0.0015120854187011719,0.0028824826747894288,-0.0006062228722572326,0.0012627817404111225
2014-04-28,development,-0.008053740299510956,-0.005037447507476807,-0.006582013180923461,-0.006557733662637074
2014-04-29,development,-0.0007434828904075621,0.003805654570579529,-0.0018282842041969299,0.00041129582532501227
2014-04-30,development,0.0024590014724731445,0.004538972258758545,0.004287153039360047,0.0037617089235305787
2014-05-01,development,-0.001656272306060791,0.0015899284036636353,-0.006522440480995178,-0.002196261461130778
2014-05-02,development,0.00333426917514801,-0.00015970275802612303,0.007512401244354248,0.003562322553825378
2014-05-05,development,0.006222762483787537,0.009715480701828002,0.003016750773239136,0.006318331319618225
2014-05-06,development,0.0010815346885681152,0.0007545324887422087,0.004256015267753601,0.0020306941483546415
2014-05-07,development,0.006130736033058166,0.011586288155269622,0.005238172393512726,0.007651732193946838
2014-05-08,development,0.004787404257965088,0.006024322877025604,0.006252221031188964,0.005687982722059885
2014-05-09,development,0.0020162055889129636,0.000457292756652832,-0.0018537718668937683,0.00020657549289067575
2014-05-12,development,0.000023403944587707517,0.00009135872735977173,-0.00047779124650955195,-0.00012100952485402423
2014-05-13,development,0.002625111569213867,0.0030122194549560546,0.002242392146011257,0.002626574390060393
2014-05-14,development,-0.00567381745891571,-0.006733501376628875,-0.0038040127140045164,-0.005403777183183034
2014-05-15,development,-0.0009778520872116088,-0.0017802980312347412,-0.00386379239654541,-0.0022073141716639198
2014-05-16,development,0.005302030131530761,0.004122687022972107,0.0002358635019302368,0.003220193552144368
2014-05-19,development,0.0006641392379760742,-0.0007448590593338013,0.0015597647827148436,0.0004930149871190388
2014-05-20,development,-0.0017159627935960772,-0.0009392290781974792,0.0007636001331329345,-0.0006305305795535407
2014-05-21,development,0.006215234910202026,0.003807912063026428,0.005670668814659118,0.005231271929295857
2014-05-22,development,-0.002700765769577026,-0.002543636286449432,-0.0015181872005462645,-0.002254196418857574
2014-05-23,development,0.002391781403160095,-0.0026158228116989137,0.0025777293534278867,0.0007845626482963561
2014-05-27,development,0.0007858160338401794,-0.00048252736711502074,0.002710010986995697,0.001004433217906952
2014-05-28,development,-0.002750347782039642,0.0027229350320644376,-0.0019920923456192017,-0.0006731683651981353
2014-05-29,development,-0.006040651122760772,-0.006169330860614776,-0.0027870128905296324,-0.004998998291301727
2014-05-30,development,0.003140962690925598,0.004757078025913238,-0.00019477489023208617,0.0025677552755355836
2014-06-02,development,0.009571916646862029,0.007913329340457916,0.010025375398921966,0.009170207128747304
2014-06-03,development,-0.0016445688506126403,-0.0005504225677490234,-0.0057449183959544185,-0.002646636604772027
2014-06-04,development,0.0013896101821899414,0.002531742749214172,0.000403449303817749,0.0014416007450739543
2014-06-05,development,-0.002182946221542358,-0.005322455493545532,-0.004016169883823395,-0.0038405238663037616
2014-06-06,development,0.0027183201147079465,0.00006446504774093627,0.002744318531322479,0.0018423678979237873
2014-06-09,development,-0.0007400175415992736,-0.0012311424337387085,-0.002262606029319763,-0.0014112553348859152
2014-06-10,development,-0.0032450518417599674,-0.0006417300679206848,-0.00036283008584976194,-0.0014165373318434712
2014-06-11,development,-0.006486217857170105,-0.004990782158660888,-0.0035447014836311338,-0.005007233833154042
2014-06-12,development,-0.007382086713981628,-0.00490613393831253,-0.006326624355125427,-0.006204948335806528
2014-06-13,development,-0.0022278177464485167,-0.0049264356122970575,-0.0042707251557350156,-0.0038083261714935298
2014-06-16,development,-0.010250167253971099,-0.007334768009662628,-0.002347355644130707,-0.0066440969692548105
2014-06-17,development,-0.0014705900782585144,-0.0024745212267586704,-0.003170068599128723,-0.0023717266347153027
2014-06-18,development,0.0018682153471946716,0.000993836834335327,0.001283613439655304,0.0013818885403951008
2014-06-19,development,-0.003939497153186798,-0.0041847736650466915,-0.0037571669200897216,-0.003960479246107737
2014-06-20,development,0.0022267629853248596,0.0025158691923141477,0.0032518755843162534,0.0026648359206517536
2014-06-23,development,-0.0020396139497756956,-0.004537999555397033,-0.004301105255126953,-0.0036262395867665605
2014-06-24,development,0.0013817815791130066,0.0014432077201843262,0.002383497917590474,0.001736162405629269
2014-06-25,development,0.003797965833568573,-0.0012966213376998902,-0.0012355662567138672,0.0004219260797182719
2014-06-26,development,0.0013737115885734557,0.00434927702255249,0.0027945518244743344,0.002839180145200093
2014-06-27,development,-0.001098701792049408,-0.0034609016729354857,-0.0010930433250427246,-0.0018842155966758728
2014-06-30,development,-0.004620583114337921,-0.005376902882385254,-0.0019161846448898315,-0.003971223547204336
2014-07-01,development,0.005250378927271318,0.007091547442817688,0.006986919488239288,0.006442948619442765
2014-07-02,development,0.002368799624347687,0.003470264009094238,0.001873530385684967,0.0025708646730422976
2014-07-03,development,0.001263924120235443,0.004321410658073425,0.002212730053901672,0.00259935494407018
2014-07-07,development,0.010868702097034454,0.011739305073547363,0.013123779472160339,0.011910595547580718
2014-07-08,development,0.011113917360782623,0.01498780166091919,0.011429329379749298,0.012510349467150371
2014-07-09,development,0.00025137911586761474,0.00022936785613889696,0.0032556649128913876,0.0012454706282992998
2014-07-10,development,0.003992683263015747,0.0004913523406982422,0.0010475792572021483,0.0018438716203053793
2014-07-11,development,0.0013041189862251282,0.0022401599756240844,0.0004374238367080688,0.0013272342661857603
2014-07-14,development,0.00041977082805633544,0.0017010349279403686,-0.00263239045009613,-0.0001705282313664754
2014-07-15,development,0.0075459699647903436,0.002876589966201782,0.002657717016498232,0.004360092315830119
2014-07-16,development,-0.014723279052066803,-0.008402878501224518,-0.007532799414253235,-0.010219652322514853
2014-07-17,development,0.0036673457947731017,0.0015336866605758666,-0.003918554546737671,0.0004274926362037657
2014-07-18,development,-0.0005436851132392883,-0.00031887449741363526,-0.0018598193449020385,-0.000907459651851654
2014-07-21,development,0.0010421252076148987,0.0033518433210372924,0.0016443357063293457,0.0020127680783271792
2014-07-22,development,0.00019010433344578777,0.0016569886596679688,-0.0006014085758209228,0.0004152281390976113
2014-07-23,development,-0.01421287749004364,-0.008135944458389282,-0.01464283567752838,-0.0123305525419871
2014-07-24,development,0.0022751382307052612,0.004850594156455994,0.006098502173423767,0.004408078186861674
2014-07-25,development,-0.005550434218978882,-0.0041710193230628965,-0.007510280106353759,-0.005743911216131846
2014-07-28,development,0.0025957071332931517,0.0008200024479866028,0.0011440570720672608,0.0015199222177823383
2014-07-29,development,-0.008334741354370116,-0.015527321804293203,-0.01271301621131897,-0.01219169312332743
2014-07-30,development,-0.005620953888320923,-0.008876613488006592,-0.013474526284790038,-0.009324031220372517
2014-07-31,development,-0.000028944704246520996,-0.0019408125567436218,-0.0038185721380233763,-0.0019294431330045064
2014-08-01,development,0.011848144215774535,0.015158164657402037,0.01210029462146759,0.013035534498214721
2014-08-04,development,-0.003153178415298462,-0.0016188488757133484,0.0016285850538253783,-0.001047814079062144
2014-08-05,development,-0.0036446200256347655,-0.004785917520999908,-0.013082305286124802,-0.007170947610919826
2014-08-06,development,-0.003549434361171722,0.000754265539932251,-0.0017516613763809204,-0.0015156100658734637
2014-08-07,development,0.0018806448558807373,-0.002954647791957855,-0.0014831660495758057,-0.0008523896618843077
2014-08-08,development,0.004199703276157379,0.006668514458847046,0.0056839821081161495,0.0055173999477068575
2014-08-11,development,0.0002917106431007385,-0.003172033183574676,-0.0079744030916214,-0.0036182418773651123
2014-08-12,development,-0.0011534442116129873,0.0030980785294532774,-0.0023322783065795895,-0.00012921466291309982
2014-08-13,development,0.00850195521850586,0.006641117377281188,0.009442471862220764,0.008195181486002604
2014-08-14,development,0.0015745219718933106,0.0018242353191375731,0.000725530823135376,0.0013747627047220868
2014-08-15,development,0.002310129086399078,0.005656704767036438,0.0048564198595047,0.004274417904313405
2014-08-18,development,0.0011681421010971069,0.0018594405436515807,0.004831860089683533,0.0026198142448107405
2014-08-19,development,0.0030076885516166687,0.00263852491804781,0.00465131548423767,0.0034325096513007163
2014-08-20,development,0.0005751637446403503,0.0025957044434547424,-0.0015369662902832031,0.0005446339659372965
2014-08-21,development,0.0034828173586845396,0.005280110960769653,0.005707148416519165,0.004823358911991119
2014-08-22,development,-0.0031416190077781674,-0.003368373680114746,-0.00416398059463501,-0.0035579910941759742
2014-08-25,development,-0.0012053678276062012,-0.0008179212357521057,-0.0006615869478225708,-0.0008949586703936259
2014-08-26,development,-0.008587814801502227,-0.0060234030662536615,-0.0077929594326470375,-0.007468059100134309
2014-08-27,development,-0.0002664641781806946,0.0021967728103637696,-0.000040526508903503415,0.0006299273744265238
2014-08-28,development,0.006470541433048248,0.005926835873794555,0.006093572934150695,0.006163650080331166
2014-08-29,development,-0.0069728903820037835,-0.00420577403717041,-0.006587778330230712,-0.005922147583134969
2014-09-02,development,0.0061352297190666195,0.004026683538341522,0.0026526648025512693,0.00427152601998647
2014-09-03,development,-0.0009325432163298606,0.001491102424621582,0.00031017754325866697,0.00028957891718346283
2014-09-04,development,0.00513639019947052,0.004485849918746948,0.002746842541313171,0.00412302755317688
2014-09-05,development,0.0011693594841003417,0.0021751988346099854,0.004309612813949585,0.002551390377553304
2014-09-08,development,-0.004836011068725585,-0.005409997026062012,-0.0020712305280685423,-0.004105746207618713
2014-09-09,development,0.002271525516891479,0.0015611733311388975,0.003602598857307434,0.002478432568445937
2014-09-10,development,-0.0008560586032867431,-0.0005848445085525513,0.0003606497053146362,-0.0003600844688415527
2014-09-11,development,-0.00045356768169403075,-0.0029756985044479367,0.000304513437461853,-0.0010415842495600381
2014-09-12,development,-0.003049147239875793,-0.007752448895740509,-0.004654805669593811,-0.005152133935070038
2014-09-15,development,0.006344321621894836,0.009217476545143127,0.005210913562011719,0.006924237243016561
2014-09-16,development,0.0013140821886062622,-0.0011997815242767334,0.002562848719721937,0.0008923831280171552
2014-09-17,development,0.0002728103057861328,-0.0028312071526527404,-0.0019896604419708253,-0.0015160190962791441
2014-09-18,development,0.004476550538253784,0.003545299548912048,0.0017889258998870848,0.003270258662350972
2014-09-19,development,-0.010958969400215148,-0.010644850182056426,-0.006869359293270111,-0.009491059625180561
2014-09-22,development,0.004662664086723328,0.005561220541858673,0.0025397122581481933,0.004254532295576732
2014-09-23,development,-0.001574174344454384,-0.001360014321899414,-0.0007616159275054931,-0.0012319348646197637
2014-09-24,development,-0.00413697263174057,-0.004784831449222564,-0.0004277157022476196,-0.0031165065944035847
2014-09-25,development,0.0002204122091293335,0.0017590492733001708,-0.00016666585512161255,0.0006042652091026306
2014-09-26,development,0.004034904840373992,0.002207277375411987,0.002413334972000122,0.0028851723959287
2014-09-29,development,-0.004890595763874054,-0.009313484679603577,-0.005236934408664703,-0.006480338284047445
2014-09-30,development,-0.00105178640832901,-0.003574807479896165,0.0031134526406288144,-0.0005043804158654536
2014-10-01,development,0.0014773422594070434,0.003198420603084564,0.000187719198179245,0.0016211606868902842
2014-10-02,development,0.00634028079586029,0.010653094372081756,0.0031635478175640105,0.00671897432850202
2014-10-03,development,0.007169321313095093,0.008302638125419617,0.0055843472451210015,0.007018768894545237
2014-10-06,development,0.0001442554832458496,0.0018198664908409118,0.004590889571380615,0.0021850038484891253
2014-10-07,development,0.00023621260509490966,0.0017016104396820068,0.005419716918340255,0.0024525133210390572
2014-10-08,development,0.0005504597554206848,0.003826617686653137,0.00003439103302955627,0.0014704894917011262
2014-10-09,development,-0.0100263026720047,-0.007292951295948028,0.00029438931608200073,-0.00567495488395691
2014-10-10,development,0.0001396610650062561,-0.004405611803627014,0.004015204934072494,-0.00008358193484942136
2014-10-13,development,-0.01360728014268875,-0.008845258100795745,-0.006150752167034149,-0.009534430136839548
2014-10-14,development,-0.004314791835728168,-0.003872719833755493,-0.0070854735682010644,-0.005090995079228242
2014-10-15,development,-0.005903329191398621,-0.014295722363471984,-0.012633131120252609,-0.01094406089170774
2014-10-16,development,-0.0014828732699394226,-0.0032084248537063596,-0.005041928754281997,-0.00324440895930926
2014-10-17,development,0.0019416024857521056,0.0049989711195945735,0.005499192873764038,0.004146588826370239
2014-10-20,development,-0.00007041632051467895,0.00444977551689148,-0.003945908459854126,0.00014448357884089152
2014-10-21,development,0.0035525138934135434,0.004544641008637641,0.0031015463479995725,0.0037329004166835856
2014-10-22,development,0.0069577988561630244,0.009267055420994758,0.0033370337178230285,0.00652062933166027
2014-10-23,development,-0.004399637824821472,-0.004255320557689667,-0.003815239480113983,-0.004156732620875041
2014-10-24,development,-0.0009555500906944274,-0.0033633013009309767,-0.0018411483117103575,-0.002053333234445254
2014-10-27,development,0.007248627214431762,0.007111861183524131,-0.0037033650269508362,0.0035523744570016857
2014-10-28,development,0.0037853944310188292,-0.0034364626425266265,-0.003434832071691609,-0.0010286334277331353
2014-10-29,development,0.0074384748415946954,0.00523810979886055,0.0028935743589401245,0.005190052999798456
2014-10-30,development,-0.0063738459719657895,-0.006208974989128113,-0.006827565993309021,-0.006470128984800975
2014-10-31,development,-0.003849186806106567,-0.005901071178221702,-0.00022278303308486937,-0.0033243470058043796
2014-11-03,development,0.0005607989292144775,0.0030525083229780195,0.0023791064383506776,0.0019974712301810585
2014-11-04,development,-0.005499602410154199,0.00230664216837883,0.004421295837497711,0.00040944519857411406
2014-11-05,development,0.003780415580368042,0.0071741507671117775,0.009013815154647827,0.006656127167375882
2014-11-06,development,0.0082883683177948,0.006134248398184776,0.004192949279499054,0.006205188665159543
2014-11-07,development,-0.009841011797904968,-0.01730372428164482,-0.009570048325538635,-0.012238261468362807
2014-11-10,development,0.0048163090210914606,0.006909602601933479,0.005919461747932434,0.005881791123652458
2014-11-11,development,-0.005504955791378021,-0.006984564291618204,-0.00613949701499939,-0.006209672365998539
2014-11-12,development,0.004328490625572204,-0.004605092120313644,0.0023571986442565917,0.0006935323831717172
2014-11-13,development,0.0066314308351516724,0.00674108112642765,0.0027975596061706543,0.005390023855916659
2014-11-14,development,0.0027254628053665158,0.005320215538144111,0.00252600706205368,0.003523895135188103
2014-11-17,development,0.0030109150564193725,0.0021379752919197083,0.0028934219960212704,0.002680770781453451
2014-11-18,development,0.0002422416513442993,0.0036853068142414093,0.0033838014610721584,0.002437116642219289
2014-11-19,development,0.0011877058279037476,0.0035837428800106048,0.0024023640580177305,0.0023912709219773612
2014-11-20,development,-0.0016295039880752562,-0.00555096553940773,-0.002686466042613983,-0.0032889785233656565
2014-11-21,development,-0.0020944431142807004,-0.004746025200796127,-0.0021577731390953064,-0.002999413818057378
2014-11-24,development,0.002566687356853485,0.0021883007051229477,-0.002232878768348694,0.0008407030978759129
2014-11-25,development,0.005761454518534195,0.00539221419224739,0.004059595512199402,0.005071088074326996
2014-11-26,development,0.0014324988881111145,-0.0011490892038345337,0.0007352362383842468,0.00033954864088694254
2014-11-28,development,0.0061568305660724635,0.004370555603361129,-0.008426465368175507,0.0007003069337526956
2014-12-01,development,-0.00164200691678524,-0.00011093200750350952,-0.0013644278332710265,-0.0010391222525199253
2014-12-02,development,0.003977535905146598,-0.00023280394598877428,0.002772515034675598,0.0021724156646111405
2014-12-03,development,-0.00006984656794071198,-0.0017545762001037596,0.0015271836949348448,-0.00009907969103654226
2014-12-04,development,0.002587594711446762,-0.0009338153348922729,0.001114417482471466,0.0009227322863419851
2014-12-05,development,0.0037639880608797073,-0.0018914802779197693,0.0001693946792602539,0.0006806341540733972
2014-12-08,development,0.0027941860668182373,-0.010236914484167099,-0.0026794000613212586,-0.0033740428262233734
2014-12-09,development,-0.00827592323756218,-0.0032811796196460723,-0.003965673588996267,-0.005174258815401506
2014-12-10,development,0.002196270845866203,-0.0013920274419784546,0.001918508237171173,0.000907583880352974
2014-12-11,development,0.001013514340186119,-0.000742512119102478,0.001949595314502716,0.0007401991785287856
2014-12-12,development,-0.0036405266463041303,-0.00471572084646225,-0.0018220852827072142,-0.0033927775918245313
2014-12-15,development,0.006400835381555557,0.0039462861893653865,0.0031064198714256287,0.004484513814115524
2014-12-16,development,-0.0037706617945166116,0.0011168977341890335,0.0006261231715202332,-0.0006758802962691149
2014-12-17,development,-0.002970889683628082,0.002965215533185005,0.0014474541812896729,0.00048059334361553194
2014-12-18,development,0.00041469194965362545,0.0008795872003555297,-0.0019994421013832093,-0.00023505431712468467
2014-12-19,development,0.0014661090015411376,0.002106451503753662,0.006891547825813293,0.003488036110369364
2014-12-22,development,0.0022297910262823106,-0.0020633409964084626,-0.0020360694456100464,-0.0006232064719120661
2014-12-23,development,0.0013224172560453414,0.0011984452300132036,0.0030932261692047116,0.0018713628850877521
2014-12-24,development,-0.0032789950083732602,-0.00035050011670589447,-0.004292216578865051,-0.002640570567981402
2014-12-26,development,-0.000037217843985557555,-0.002421980667066574,-0.000940740802192688,-0.00113331310441494
2014-12-29,development,-0.002274538483595848,-0.0032728061150074004,0.002597919756412506,-0.0009831416140635807
2014-12-30,development,0.0038615380000591275,0.0012578326176404953,0.0022572329970267776,0.0024588678715754667
2014-12-31,development,-0.00660588904402256,-0.006655156867074966,-0.005661116846895218,-0.006307387585997581
2015-01-02,development,0.0005214129251003265,0.002206334782791138,0.001871567948436737,0.0015331052187760672
2015-01-05,development,0.013868397834777831,0.00992190713136196,0.012650355222034454,0.012146886729391416
2015-01-06,development,0.00008189721617913165,-0.0009322766715764999,0.00028397268786430356,-0.0001888022558443549
2015-01-07,development,0.002017229579734802,0.0006376877955436706,-0.0007993822488307952,0.0006185117088158925
2015-01-08,development,0.010700672086429596,0.006540876705718041,0.006966134810400009,0.008069227867515882
2015-01-09,development,0.001851388190460205,0.002482812654852867,0.0030984069032192227,0.0024775359161774316
2015-01-12,development,-0.004357178901958465,-0.0026275332855224607,-0.004540150477981567,-0.0038416208884874976
2015-01-13,development,-0.0006488631781578064,0.0005227358371413109,-0.000893374943780899,-0.00033983409493246484
2015-01-14,development,0.0018988974126815795,0.0013473977285385131,0.0008428185885906219,0.0013630379099369048
2015-01-15,development,0.004744741643905639,0.005314820123386383,0.005122034373760223,0.005060532047017415
2015-01-16,development,-0.0035536218027114866,-0.0019764974367141724,-0.001268736049747467,-0.002266285096391042
2015-01-20,development,0.00370218969039917,0.0014496367148399353,0.000648740239238739,0.001933522214825948
2015-01-21,development,-0.0034535077449798584,-0.00249460169801712,-0.00047817731347205695,-0.0021420955854896786
2015-01-22,development,0.00874873495540619,0.0024486246505737302,0.00573084597492218,0.005642735193634033
2015-01-23,development,-0.0009262567411422729,-0.000342490825843811,0.003125137620925903,0.0006187966846466065
2015-01-26,development,-0.0009724857454299926,-0.00018629098453521728,-0.0020013256368637085,-0.0010533674556096396
2015-01-27,development,-0.005076743614903115,-0.004206092534828186,-0.004951804761219024,-0.0047448803036501085
2015-01-28,development,0.0011942046699523925,0.0028341412044525145,0.009286948995113372,0.0044384316231727595
2015-01-29,development,0.004268534489536285,0.004301824062347412,0.00969356550951004,0.006087974687131246
2015-01-30,development,-0.010027760731220244,-0.004573820343208313,-0.009174834372615813,-0.007925471815681456
2015-02-02,development,0.0029870626977920533,0.0006751904762268066,-0.0005414767097473145,0.0010402588214238485
2015-02-03,development,0.010805405256652831,0.007895559535326767,0.00525074817237854,0.007983904321452713
2015-02-04,development,-0.006769471780967712,-0.0032421225563049314,-0.0031061936859130856,-0.004372596007728577
2015-02-05,development,-0.00026405163621902463,0.0008665827379226685,-0.005036141558170318,-0.0014778701521555582
2015-02-06,development,0.004608989662647247,0.0005083565504074096,-0.002671831535053253,0.0008151715593338011
2015-02-09,development,-0.006788858503913879,-0.005626974818611145,-0.003074484727191925,-0.005163439349905649
2015-02-10,development,0.0023965736281394956,0.006087822233200073,0.012813420749575186,0.0070992722036382514
2015-02-11,development,0.005251672814273834,0.004719696945190429,0.005568758811855316,0.0051800428571065265
2015-02-12,development,-0.0019324665477752684,0.0004268411058425903,-0.0043989695641517635,-0.0019681983353614803
2015-02-13,development,0.0007282479494094848,-0.0052179446388244625,-0.005002476950931549,-0.003164057880115509
2015-02-17,development,0.006083317693328857,0.004923311451816559,0.004775390947532654,0.005260673364226024
2015-02-18,development,0.0075026008888638964,0.008075997490406037,0.006634856900310516,0.007404485093193483
2015-02-19,development,-0.0023076324315071104,-0.0006387695066452026,-0.0011554995127677917,-0.001367300483640035
2015-02-20,development,0.0018149133926391601,0.0016638827571868896,0.001212251811504364,0.0015636826537768047
2015-02-23,development,0.0025384187631607054,0.0012275436847686767,0.0021666144552230835,0.001977525634384155
2015-02-24,development,-0.0012017226756095886,-0.003048344653919268,-0.003174691813278198,-0.0024749197142690184
2015-02-25,development,-0.0009967504329681397,-0.0016087321563720703,-0.00515587253665924,-0.0025871183753331498
2015-02-26,development,0.0034609017036437988,0.002103004384803772,0.006772341661834717,0.004112082583427429
2015-02-27,development,-0.0016034678899765015,-0.0007944774287223815,-0.0029922329673767087,-0.0017967260953585305
2015-03-02,development,0.012831575145339965,0.011565111907005309,0.012583074307537079,0.012326587119960784
2015-03-03,development,-0.007134742423152924,-0.006773641954898834,-0.005928006379777049,-0.0066121302526096016
2015-03-04,development,0.006232242806434631,0.006012365153312682,0.004755013501358032,0.005666540487035115
2015-03-05,development,0.0019167531025886535,0.000830245510673523,0.0008271990539550781,0.0011913992224057515
2015-03-06,development,-0.0016468566661834716,-0.004282213677120209,-0.0019110950868606567,-0.002613388476721446
2015-03-09,development,0.005924508163547516,0.008138020665168761,0.006579487764644622,0.006880672197786967
2015-03-10,development,-0.00802263774313526,-0.006516457868099212,-0.009011710736751556,-0.00785026878266201
2015-03-11,development,-0.004826526008892059,-0.0065240757451057434,-0.004172220144557952,-0.005174273966185252
2015-03-12,development,0.002407725142097473,0.003542364770507812,0.0014121867524147034,0.0024540922216733296
2015-03-13,development,-0.0018561309019088745,-0.0038065115206718445,-0.0012068172048568726,-0.0022898198758125304
2015-03-16,development,0.008289567733669281,0.007946868635463714,0.008687430431079864,0.008307955600070952
2015-03-17,development,0.00048203971099853514,0.0008966342550169469,-0.0008642540319442749,0.00017147331135706904
2015-03-18,development,0.005415126025390625,0.004023727470397949,-0.002176309564304352,0.002420847977161407
2015-03-19,development,0.000617094908618927,0.002055514323711395,0.002266247597789764,0.0016462856100400286
2015-03-20,development,0.00600766204662323,0.005313598460578918,0.0026909530073165894,0.0046707378381729125
2015-03-23,development,0.0007766098224639892,-0.004071992918872833,-0.0009007718678474425,-0.0013987183214187618
2015-03-24,development,-0.001548992390537262,-0.0003171421890258789,-0.00014108843318953512,-0.0006690743375842253
2015-03-25,development,-0.000855521960067749,-0.0034433701100349424,0.003445300436401367,-0.0002845305445671081
2015-03-26,development,0.0022165566160202025,0.0025546816619873044,0.002485009336090088,0.002418749204699198
2015-03-27,development,0.003464160032367706,0.0016812601442337035,0.002737022919178009,0.002627481031926473
2015-03-30,development,-0.0012309679553031921,0.0011449560859680176,0.00005613815383911133,-9.957905165354418e-6
2015-03-31,development,-0.001625097241282749,-0.002217561800575256,-0.0036842887838363647,-0.00250898260856479
2015-04-01,development,0.0035593547791481018,0.0005046682165145874,0.0008089591160774231,0.0016243273705800374
2015-04-02,development,0.000546529443359375,0.00036843210830688475,0.0017067140423774718,0.0008738918646812437
2015-04-06,development,-0.005138311589241028,-0.0022311480911254883,-0.0009754096707344055,-0.0027816231170336406
2015-04-07,development,-0.0015072433512687683,-0.002996183746433258,-0.0005621319147109985,-0.0016885196708043418
2015-04-08,development,0.008749822505760193,0.006506927829541206,0.008266328256607055,0.007841026197302819
2015-04-09,development,-0.005161431149196625,-0.0048371634129524225,-0.003780896992301941,-0.004593163851483663
2015-04-10,development,0.003113411112499237,-0.0012929165998458861,0.00043959702825546265,0.0007533638469696045
2015-04-13,development,-0.0003301442014694214,-0.0009428971049308776,-0.002242518431186676,-0.001171853245862325
2015-04-14,development,-0.008224965025234222,-0.008826631077194214,-0.007740700432437848,-0.008264098844955428
2015-04-15,development,-0.009598935725975036,-0.007644486578369141,-0.010887972736072539,-0.009377131680138906
2015-04-16,development,0.0012496947558403014,0.001272633424758911,0.0016835023054122924,0.001401943495337168
2015-04-17,development,0.0004917620519638062,-0.0023664416311264037,-0.0017028393098831177,-0.0011925062963485716
2015-04-20,development,0.006119549846553802,0.0072231989992141725,0.008470732758617401,0.007271160534795126
2015-04-21,development,0.0056489335349689,0.004217912848567962,0.0054830539894104,0.005116633457649088
2015-04-22,development,0.001040003567123413,0.003719539872455597,0.0006842463355064392,0.0018145965916951496
2015-04-23,development,-0.004446638183307648,0.0005844517493247985,-0.0010231344483375548,-0.0016284402941068015
2015-04-24,development,0.0020477110278129575,0.004082410672855377,0.002539548045063019,0.0028898899152437845
2015-04-27,development,-0.007271656948947906,-0.0061885094468593594,-0.008784645781993866,-0.007414937392600377
2015-04-28,development,-0.004276338647174835,-0.00256639770289278,-0.007433608403491974,-0.004758781584519863
2015-04-29,development,-0.0046127278538703916,-0.0055481939599990844,-0.00793432097530365,-0.006031747596391042
2015-04-30,development,-0.006552032657146454,0.000655886798286438,-0.0038535384999275205,-0.003249894786262512
2015-05-01,development,0.0135165889626503,0.014822893958377837,0.007798600442314147,0.01204602778778076
2015-05-04,development,0.001622952442073822,0.003797522105026245,-0.002128765853023529,0.001097236231358846
2015-05-05,development,-0.008129063505172729,-0.011692936218070984,-0.013954399944168283,-0.011258799889137333
2015-05-06,development,0.0011881832785606383,-0.002043869035720825,0.0019866159557342528,0.00037697673285802205
2015-05-07,development,0.008810494212818145,0.01471043731021881,0.014312247621917724,0.012611059714984893
2015-05-08,development,-0.004490064617061615,-0.002009444635105133,-0.0022738134572982786,-0.002924440903155009
2015-05-11,development,-0.0014216167795181275,0.0004631046764373779,0.0002493253526687622,-0.00023639558347066247
2015-05-12,development,-0.009509864357462405,-0.006981315436458587,-0.008617462779045104,-0.008369547524322032
2015-05-13,development,0.0014015629027366637,0.00010183591747283935,0.004091290091133118,0.0018648963037808735
2015-05-14,development,0.013057452973175048,0.00967106484117508,0.01383778717956543,0.012188768331305186
2015-05-15,development,0.0010388001761436462,0.0014598979077339173,-0.0018892140090942381,0.00020316135826110846
2015-05-18,development,0.0025570841783523557,0.00422196331577301,0.004411492365455627,0.0037301799531936643
2015-05-19,development,0.006561612674617767,0.007444625613604402,0.009879378263282775,0.007961872183834982
2015-05-20,development,-0.003166091085720062,-0.005797945557117462,0.00028832189235687255,-0.002891904916826884
2015-05-21,development,0.0036811297932624813,0.004905632416152954,0.0012831937334060667,0.0032899853142738344
2015-05-22,development,0.000035213331413269044,-0.002858326748085022,-0.001585696403503418,-0.0014696032733917234
2015-05-26,development,-0.0002845014789581299,-0.0015009945659637451,0.0009782091199874877,-0.00026909564164479574
2015-05-27,development,0.008096905959033967,0.006816577580451965,0.007788892584865569,0.007567458708117167
2015-05-28,development,-0.00217347123003006,0.00004005298366546631,0.000716887598991394,-0.0004721768824577332
2015-05-29,development,0.001682814870929718,0.001439240804862976,-0.000249470352268219,0.000957528441174825
2015-06-01,development,0.004564146688747406,0.0012649146928787232,0.007234940936374664,0.004354667439333598
2015-06-02,development,-0.006229934651149607,-0.007131231956291198,-0.007255004040622711,-0.006872056882687838
2015-06-03,development,0.0008986683588981629,0.0022487217967033387,-0.0008260237724304199,0.0007737887943903605
2015-06-04,development,0.003314769508552551,0.0019684625336647034,0.00494998978805542,0.0034110739434242247
2015-06-05,development,-0.004848626997089386,-0.007588389255428314,-0.007671665330982208,-0.006702893861166636
2015-06-08,development,0.002420112342739105,-0.0025148840272903442,-0.000918124195575714,-0.0003376319600423177
2015-06-09,development,0.002243580242061615,0.000993894840798831,0.0027650172404289244,0.00200083077442979
2015-06-10,development,0.0031404552183151246,0.001968836281776428,-0.00011210494804382324,0.0016657288506825765
2015-06-11,development,0.001318169076156616,0.0019077402726888656,0.0005059363632202148,0.0012439485706885656
2015-06-12,development,0.0011726524205207824,0.00043221981623172757,0.00031086709308624264,0.0006385797766129175
2015-06-15,development,-0.0006341103074073791,-0.0019418761113166808,-0.0029084917550086975,-0.0018281593912442525
2015-06-16,development,0.0006041410883903504,0.00501942830042839,-0.000464046878685808,0.0017198408367109775
2015-06-17,development,0.0016611553265571594,-0.0001688443602323532,0.0020909612926483154,0.001194424086324374
2015-06-18,development,0.008795698052597046,0.004763267508721351,0.007537752282142639,0.007032239281153679
2015-06-19,development,-0.005389407384395599,-0.00044454191510677336,-0.002849392830467224,-0.0028944473766565324
2015-06-22,development,0.0028627270995140075,0.0028770526575565337,-0.00030546491813659667,0.0018114382796446482
2015-06-23,development,-0.00626665538689987,-0.006484682124137878,-0.0069307422294616694,-0.006560693246833139
2015-06-24,development,0.0009944182488799095,-0.0003947091609239578,0.00011254471740722656,0.0002374179351210594
2015-06-25,development,0.005313566239833831,0.0032774638808250427,0.005880438348388671,0.004823822823015848
2015-06-26,development,0.005582009045565128,0.0050886982064485544,0.004293811301612853,0.0049881728512088455
2015-06-29,development,-0.0022730828936457633,-0.0029201908316373822,-0.001875372417449951,-0.0023562153809110324
2015-06-30,development,0.001980188821208477,-0.0010282576786700126,0.004484668903923034,0.0018122000154871662
2015-07-01,development,0.009559656062567234,0.011557939296913147,0.013767074263858795,0.011628223207779726
2015-07-02,development,0.0040339309981167314,0.0018339231615066528,0.0038471718515396118,0.0032383420037209987
2015-07-06,development,0.003867506259852648,0.002913933261680603,0.005118299910831451,0.003966579810788234
2015-07-07,development,0.004179425691860914,0.003375230131340027,0.004587686590766906,0.0040474474713226155
2015-07-08,development,-0.00005627257878780365,-0.002910852058601379,-0.00023879781868138233,-0.0010686408186901884
2015-07-09,development,-0.0022950970335960386,-0.001872891643333435,-0.0013555407018661497,-0.0018411764595985412
2015-07-10,development,0.00965920259888172,0.010293133264541626,0.008900664473915099,0.009617666779112815
2015-07-13,development,0.0012895842998683453,-0.0022440927045822142,-0.0012813694949150086,-0.0007452926332096257
2015-07-14,development,-0.0034032260994706688,-0.0030878322437286375,-0.002547986960315704,-0.0030130151011716704
2015-07-15,development,0.0017716564165115355,0.004804825684356689,0.0020774900444984435,0.0028846573817888892
2015-07-16,development,-0.003039220049381256,0.009437901385879516,-0.003385277254486084,0.0010044680273373918
2015-07-17,development,-0.006078134318828582,0.005942578940963745,-0.0021146775371551512,-0.0007500776383399962
2015-07-20,development,0.011725836614418029,0.008382928426933289,0.008646691687870025,0.009585152243073781
2015-07-21,development,-0.003720709174442291,-0.0023281786979444984,-0.007272633533096313,-0.004440507135161034
2015-07-22,development,-0.0026102592851638792,0.00019111067237854003,0.003431110806655884,0.0003373207312901815
2015-07-23,development,-0.0016929080161094665,-0.00034126672372817993,-0.0007049176568031311,-0.0009130307988802593
2015-07-24,development,0.0037830432291984556,0.00497510251455307,0.00647949661359787,0.005079214119116465
2015-07-27,development,0.006181185970973968,0.004871997882556915,0.005743112907028198,0.0055987655868530274
2015-07-28,development,0.0054855679296493525,0.0040867073516845705,0.0031431144686178683,0.004238463249983931
2015-07-29,development,0.010755739421081543,0.011435000715255737,0.012728470794963836,0.011639736977100372
2015-07-30,development,-0.002442572524833679,0.001488473664665222,0.005644429463005066,0.0015634435342788697
2015-07-31,development,0.00216034601726532,-0.00001965384540557861,0.004447488191795349,0.0021960601212183636
2015-08-03,development,0.0016377968876838684,0.004183592994213104,0.002017170435142517,0.002612853439013163
2015-08-04,development,-0.0022891659997378343,-0.0068750572117805475,-0.0020479370538711546,-0.003737386755129845
2015-08-05,development,0.010157942016410827,0.009285878905200958,0.004397030599498749,0.007946950507036844
2015-08-06,development,-0.003972419782066345,0.005035172955036163,0.0009436073432922363,0.0006687868387540179
2015-08-07,development,0.003499715608501434,0.003013120718669891,-0.0013551163650512696,0.0017192399873733517
2015-08-10,development,0.0016021912423133848,-0.0023095430602073667,-0.0016908572412490843,-0.0007994030197143554
2015-08-11,development,-0.0012218341724395752,0.0004326047112289903,-0.002579582766723633,-0.001122937409311406
2015-08-12,development,-0.006651140170669556,-0.005017592645931244,-0.005831217554187774,-0.005833316790262858
2015-08-13,development,0.010602138483715056,0.008954683500385283,0.0071174043434143065,0.008891408775838215
2015-08-14,development,0.010939415056705475,0.007885740427398681,0.015119881892681122,0.011315012458928428
2015-08-17,development,-0.0007452005737304687,-0.0017009605528831482,-0.004672931730651855,-0.002373030952421824
2015-08-18,development,0.0028771585578918455,0.003370649178791046,0.0015976111326206678,0.0026151396231011864
2015-08-19,development,0.007399197336769104,0.008152773241329193,0.005572313699245453,0.007041428092447916
2015-08-20,development,0.003913451351070404,0.0020093049041748044,0.0015889898388862609,0.0025039153647104895
2015-08-21,development,-0.010570037637233734,-0.008346508237838744,-0.007560619242191314,-0.008825721705754597
2015-08-24,development,-0.0015825877701759338,-0.002780782860469818,-0.0006873722031593322,-0.0016835809446016949
2015-08-25,development,-0.000021257459406470297,-0.0035884189815521238,-0.0014514057376861572,-0.0016870273928815838
2015-08-26,development,0.014614961363697051,0.01599947899456024,0.014529546863365172,0.015047995740540823
2015-08-27,development,0.006464408173847198,0.004021726388645172,0.005979596327781677,0.005488576963424682
2015-08-28,development,-0.00811309643573761,-0.006712937148761749,-0.005933496432876587,-0.006919843339125316
2015-08-31,development,-0.004390991352272033,-0.0026828938564300536,-0.005906408455944061,-0.0043267645548820495
2015-09-01,development,-0.0058167149857521055,-0.004106258874028633,-0.00617167167930603,-0.0053648818463622565
2015-09-02,development,0.0035179999141693114,0.0017516726348876953,0.003717143305301666,0.0029956052847862243
2015-09-03,development,-0.001900090608692169,-0.0022933288182258606,-0.004633936453342437,-0.0029424519600868226
2015-09-04,development,-0.0028785255157470703,-0.0006573552681922913,-0.00018962463264465332,-0.0012418351388613382
2015-09-08,development,0.007669146962165832,0.002198097142124176,0.010091211680889129,0.006652818595059712
2015-09-09,development,0.0000700445008277893,0.001066097824192047,-0.00021882919807262368,0.0003057710423157376
2015-09-10,development,0.004009002138423919,-0.0005843403555870056,-0.000060644458103179926,0.0011213391082445779
2015-09-11,development,0.00045341019077301025,0.0018284145453453062,-0.00026619495544433593,0.0006718765935579935
2015-09-14,development,-0.003014128051710129,-0.000616564635848999,0.00013748009672164915,-0.0011644041969458261
2015-09-15,development,0.0011066901648978701,-0.0026677547269821165,0.0006045392184257507,-0.0003188417812194986
2015-09-16,development,-0.0013635988917350768,-0.002560764312934875,-0.0011102385012626648,-0.0016782005686442056
2015-09-17,development,-0.0005502167085647583,-0.0031187841073989867,-0.00030042307024002074,-0.0013231412954012552
2015-09-18,development,0.001176423645210266,0.003997072883987427,0.002531185334968567,0.00256822728805542
2015-09-21,development,0.007301946449756622,0.009889026781463623,0.00980770318069458,0.008999558803971608
2015-09-22,development,-0.0008503952783584594,0.0013006969624769684,-0.0009029151408195495,-0.00015087115223368018
2015-09-23,development,0.0055815632004737855,0.005406549466133117,0.008260428869628906,0.006416180512078602
2015-09-24,development,-0.004443312523460388,-0.0016586415774345396,-0.0040000883173942564,-0.0033673474727630615
2015-09-25,development,0.002630251788139343,0.006426414248371124,0.002026835152339935,0.0036945003962834677
2015-09-28,development,-0.0020219652336120604,-0.0019145835596084595,0.0014569115326881407,-0.0008265457535107931
2015-09-29,development,0.000637263995552063,-3.7680206298828125e-7,-0.002969520138835764,-0.0007775443151155631
2015-09-30,development,0.0028436707984924314,0.0006926750900268555,0.001572215377664566,0.0017028537553946176
2015-10-01,development,0.0029911035787582394,0.004075093611526489,0.0031606383793354033,0.0034089451898733775
2015-10-02,development,0.004027664227485656,-0.00392856932554245,0.0014917193523883818,0.0005302714181105295
2015-10-05,development,-0.002844558346748352,-0.0037907855390548703,-0.0022991709268569945,-0.002978171604220072
2015-10-06,development,-0.0064034562456425186,-0.00719168141965866,-0.011297688158130646,-0.008297608607810607
2015-10-07,development,0.0008324113993644714,-0.0030703766137123107,-0.004976074230384826,-0.0024046798149108886
2015-10-08,development,-0.002497725974082947,0.001151795572566986,-0.006562019003343582,-0.0026359831349531807
2015-10-09,development,0.0037044764126777647,0.00040534019727706905,0.005274309096908569,0.003128041902287801
2015-10-12,development,0.01036530372467041,0.009038560027503967,0.0072679986383438104,0.008890620796839397
2015-10-13,development,0.0037673599254608153,0.0017803213753484254,0.00031368314423561096,0.001953788148348284
2015-10-14,development,-0.007034303935623169,-0.0067166647594451906,-0.004196591688060761,-0.005982520127709706
2015-10-15,development,-0.007425116150188446,-0.00034129767627716064,-0.001652048329734802,-0.0031394873854001366
2015-10-16,development,0.001535120245170593,0.005884391450309753,0.009031537918043136,0.005483683204507827
2015-10-19,development,0.006490509561157226,0.006485629601287841,0.005517892230463028,0.006164677130969365
2015-10-20,development,0.007805372949600219,0.0016669696576118468,0.0015445990892232657,0.003672313898811777
2015-10-21,development,0.007083379662132263,-0.00013038482608795164,0.0003377829165458679,0.002430259250863393
2015-10-22,development,0.01371683652048111,0.01167670439710617,0.005695814812088013,0.01036311857655843
2015-10-23,development,-0.0020077854679107663,-0.0118458683801651,0.000086137043094635,-0.0045891722683270774
2015-10-26,development,0.00277574023809433,0.005112996297168731,0.009009240633296967,0.005632659056186676
2015-10-27,development,0.008034901916861247,0.0047846767320632935,0.005419266988658905,0.006079615212527815
2015-10-28,development,0.005644504935836792,-0.003466598915195465,-0.0008738767427444458,0.0004346764259656269
2015-10-29,development,-0.0035074942734718323,-0.0017129581318855284,-0.005020850961399078,-0.0034137677889188125
2015-10-30,development,0.0006384736898422241,0.001137035221862793,0.00537866523475647,0.002384724715487162
2015-11-02,development,-0.003141677697467804,-0.004014176438140869,-0.0021181227946281433,-0.003091325643412272
2015-11-03,development,-0.0015648825704097746,-0.005344587662308501,-0.0027704709949493405,-0.0032266470758892055
2015-11-04,development,0.0051734352846622466,0.005664916317081451,0.002133648236083984,0.004323999945942561
2015-11-05,development,-0.0032256433619499204,0.0038150971702098843,0.0024678134610176083,0.0010190890897591907
2015-11-06,development,-0.0045899695190429685,-0.004038481734609604,-0.0037519913834571836,-0.004126814212369919
2015-11-09,development,-0.003201815239334106,-0.0029797237299919125,-0.0037293005187988277,-0.0033036131627082826
2015-11-10,development,0.004654036644363403,0.003532581303167343,0.002059127828893757,0.0034152485921415013
2015-11-11,development,0.0020786919404029843,0.006674152297973633,0.007354592410373687,0.005369145549583436
2015-11-12,development,0.002116737250328064,0.005333514522743225,-0.0010485663171768188,0.0021338951519648233
2015-11-13,development,-0.002632905723571777,-0.001786040017414093,-0.001829413470649719,-0.0020827864038785297
2015-11-16,development,-0.0019300025642395018,-0.00022822147459983824,0.001486765064716339,-0.00022381965804100034
2015-11-17,development,0.0016085181383187293,0.0036769090194225308,0.0018599669629096984,0.0023817980402169865
2015-11-18,development,-0.00024981102180480954,0.0031899851495265957,0.0007495595035552978,0.0012299112104256946
2015-11-19,development,0.007247159870624542,0.0026932853774547577,0.009466209494113921,0.006468884914064406
2015-11-20,development,0.0065810135251045225,0.005071558369159698,0.005613277948379516,0.005755283280881245
2015-11-23,development,-0.0018975422612190246,0.004732360269117355,0.0008709618964195252,0.0012352599681059518
2015-11-24,development,-0.006392280614852905,-0.007079999539892029,-0.004528811525535584,-0.0060003638934268385
2015-11-25,development,-0.004053166230106354,-0.0010644783741950987,-0.005692965793800354,-0.003603536799367269
2015-11-27,development,0.003816626088809967,0.0027450207393646237,0.005821644492721557,0.0041277637736320495
2015-11-30,development,0.00038486079931259154,-0.001305011393547058,-0.0025900208475112914,-0.001170057147248586
2015-12-01,development,0.0016514230431556702,-0.00025232747526168824,0.0032351974906740183,0.0015447643528560002
2015-12-02,development,0.001666351186943054,0.001846871215724945,-0.0011652617248535157,0.0007826535592714945
2015-12-03,development,0.004113257343959808,-0.0014519577941894532,0.000664030611038208,0.0011084433869361877
2015-12-04,development,0.010596961666774748,0.005135425148200989,0.007114907774734496,0.007615764863236744
2015-12-07,development,0.0036214154669761654,0.005935843341445922,0.007592276810264587,0.005716511872895558
2015-12-08,development,-0.0016041433289315696,0.0013971310240745544,-0.0002186518169403076,-0.0001418880405991076
2015-12-09,development,-0.0005552800634384156,-0.0006732753449440002,-0.004979591083717346,-0.002069382164033254
2015-12-10,development,-0.0008338963855743408,0.00007387243061065674,-0.0015026111597061156,-0.0007542117048899332
2015-12-11,development,-0.00009772014207839966,0.0024098812075614927,0.003976239140129089,0.0020961334018707273
2015-12-14,development,0.005786105272102356,0.00452034978017807,0.006520760391807556,0.005609071814695994
2015-12-15,development,0.0030637465275764465,-0.001071011501633859,0.0027297680463790894,0.0015741676907738923
2015-12-16,development,-0.004952205906391144,-0.001965117363882065,0.0014703946632385254,-0.001815642869011561
2015-12-17,development,-0.004098517502307892,-0.005746491039514541,-0.0032795707170486447,-0.004374859752957026
2015-12-18,development,-0.005574776184558868,-0.008477132669115066,-0.0038994846103668213,-0.0059837978213469175
2015-12-21,development,0.0029071904290199277,0.004035633085680008,0.0030908412551879883,0.0033445549232959744
2015-12-22,development,0.002428682538604736,-0.0008380077920913696,-0.0027792695829499,-0.0003961982788121779
2015-12-23,development,-0.0027743790437698363,-0.003225192628240585,-0.006935921347379684,-0.004311831006463368
2015-12-24,development,-0.0027023723504066466,-0.002921211454629898,-0.0005410852333545685,-0.0020548896794637043
2015-12-28,development,0.006444554542541504,0.007321388312005996,0.0068517463253498076,0.006872563059965769
2015-12-29,development,-0.0013363768019676208,0.0007417968337535858,0.0025988499841213225,0.0006680900053024292
2015-12-30,development,0.001237166277307677,0.0020567932723999025,0.00047534263648986815,0.001256434062065816
2015-12-31,development,-0.005276075346326828,-0.004927869325113296,-0.006001594430303573,-0.0054018463672479
2016-01-04,development,-0.013285542197370529,-0.012464957119321822,-0.011268437390184401,-0.012339645568958918
2016-01-05,development,0.007967193845653534,0.007834457260227202,0.00749827242565155,0.007766641177177429
2016-01-06,development,0.009797990513038635,0.01071505048998184,0.009727538105773925,0.0100801930362648
2016-01-07,development,0.0033312406302452085,0.002768043601417541,0.003963004135131835,0.003354096122264862
2016-01-08,development,-0.0032676834896087645,-0.0027436341758728024,0.0027289800994873045,-0.0010941125219980875
2016-01-11,development,0.014477491612625121,0.014089480222702025,0.015632774386215208,0.014733248740514118
2016-01-12,development,0.006070100421237946,0.009188107630491256,0.0063558091660997395,0.00720467240594298
2016-01-13,development,-0.0044652888083934784,-0.0023543009129047394,-0.002517445325422287,-0.0031123450155735016
2016-01-14,development,0.0022657241043567656,0.006297723067951202,0.011563795785284043,0.006709080985864003
2016-01-15,development,-0.0003291251200675964,0.0013080735644340515,0.0010036997128486634,0.0006608827190717062
2016-01-19,development,0.009641270073652267,0.011319085860109329,0.01571872047448158,0.012226358802747727
2016-01-20,development,-0.007148330195257306,-0.005199621360492706,-0.003307754309988022,-0.005218568621912677
2016-01-21,development,-0.004999818298721313,-0.006295542344760895,-0.0018215908893585205,-0.004372317177613576
2016-01-22,development,0.0025259433312416076,-0.0034661017686367034,0.00046093498773574826,-0.00015974114988644917
2016-01-25,development,0.0010119184391975402,0.00601178476486206,0.001637328127336502,0.0028870104437987002
2016-01-26,development,-0.001423266495323181,-0.002965687127491878,-0.0003035017036437988,-0.001564151775486286
2016-01-27,development,-0.0015010883647918701,0.005804194324302673,-0.005849669652795791,-0.0005155212310949961
2016-01-28,development,0.0010880021857261658,0.004578013444900513,0.007543131683015823,0.004403049104547501
2016-01-29,development,0.005670464597606659,0.002302191799736023,0.0052120455481529234,0.0043949006484985354
2016-02-01,development,0.003100001870822906,0.0012603312774658202,0.0031390170506954192,0.002499783399661382
2016-02-02,development,0.0046109421281814575,0.003141870433425903,0.004910987954856012,0.004221266838821124
2016-02-03,development,-0.006781973329353332,-0.01383199694881439,-0.008441234196662902,-0.009685068158276876
2016-02-04,development,-0.011873360235309601,-0.009559203149986267,-0.012029942452955246,-0.01115416861275037
2016-02-05,development,-0.010548179196166992,-0.004334371049118042,-0.0016318642994880676,-0.005504804848257701
2016-02-08,development,0.0030371784591674803,0.0040985257881164545,0.0032325614669799804,0.003456088571421305
2016-02-09,development,0.011375806805871485,0.015918817411708832,0.014542114684963225,0.01394557963418118
2016-02-10,development,0.0054916620221138,0.0035633852049827574,0.008946189071893691,0.006000412099663416
2016-02-11,development,0.0013408426535606384,-0.0003422689414024353,-0.0017302058116912841,-0.00024387736651102702
2016-02-12,development,0.0002042785397529602,-0.00010004043340682983,-0.00009221173119544983,4.008791716893512e-6
2016-02-16,development,-0.005824406269359588,-0.006230476995944976,-0.005390335717487335,-0.005815072994263966
2016-02-17,development,-0.006081201094150543,-0.004329609748724426,-0.008201253384494782,-0.006204021409123251
2016-02-18,development,0.0032424367399215698,0.006803233212161064,0.0068419319660663605,0.005629200639382998
2016-02-19,development,0.009527444167518615,0.005418935935401916,0.005969169177103042,0.0069718497600078574
2016-02-22,development,0.0016951696648597717,0.00035860330815315245,-0.000872871997499466,0.000393633658504486
2016-02-23,development,0.004233956613636017,0.004038329021501541,0.0038353447751540543,0.004035876803430537
2016-02-24,development,0.0011460389692306517,0.002378222365951538,0.0027639262952566146,0.0020960625434796013
2016-02-25,development,0.0042805023491859434,0.006956366294908523,0.006380013415193558,0.005872294019762675
2016-02-26,development,0.004100130064678192,0.0011965993327140807,-0.006448826069521903,-0.0003840322240432102
2016-02-29,development,-0.011114645505714416,-0.008140848578238487,-0.009020249674558639,-0.009425247919503848
2016-03-01,development,0.004638374790840326,0.0018915066462755203,0.004535534085988998,0.0036884718410349483
2016-03-02,development,-0.008219546654987335,-0.009781418798661231,-0.011363381407308578,-0.009788115620319048
2016-03-03,development,-0.00685910144610405,-0.005995694556951522,-0.006468323838949203,-0.006441039947334925
2016-03-04,development,-0.0045420703377485275,-0.0012028508429288863,-0.004453985602688789,-0.003399635594455401
2016-03-07,development,-0.0074601369173526765,-0.0064132252300977705,-0.00882269490146637,-0.007565352349638939
2016-03-08,development,0.012484766405391692,0.009536596592667245,0.00989652629699707,0.010639296431685335
2016-03-09,development,-0.0038726221896171567,-0.0013418857272624969,-0.002959119110250473,-0.002724542342376709
2016-03-10,development,0.003876823490190506,0.005671710023355484,0.004280406020975113,0.004609646511507034
2016-03-11,development,-0.003941607947254181,-0.003523000153541565,-0.0024341232795238492,-0.003299577126773199
2016-03-14,development,-0.00208743487598896,-0.0009005716933727264,-0.0007334219925165176,-0.0012404761872927348
2016-03-15,development,0.010879830109238623,0.01103353601913452,0.00992391026400864,0.010612425464127261
2016-03-16,development,-0.0056602341893434525,-0.00360622670917511,-0.0042171859328746794,-0.004494548943797747
2016-03-17,development,-0.006254397638487816,-0.005504250713682175,-0.008717681324005126,-0.006825443225391706
2016-03-18,development,-0.003086235861611366,-0.003273843334197998,-0.004437779068565369,-0.0035992860881249107
2016-03-21,development,-0.001967613732910156,-0.00007847900705337524,0.0008621919322967529,-0.0003946336025555928
2016-03-22,development,0.00011046743093676568,0.0013359475230693817,0.00019653686876296996,0.0005476506075897058
2016-03-23,development,0.01496758933572769,0.01333460910577774,0.013021279630899428,0.013774492690801618
2016-03-24,development,-0.0011341346848011016,-0.00275979348988533,-0.0025234552793979644,-0.002139127818028132
2016-03-28,development,0.0026523862551689147,0.004629541211366653,0.006077824979352951,0.004453250815296173
2016-03-29,development,-0.00018204651587009428,0.0013497587168216705,0.0010203234411239623,0.0007293452140251796
2016-03-30,development,0.006444568317508698,0.004417343011752629,0.006735900655794143,0.005865937328351823
2016-03-31,development,-0.0029685922298669813,-0.0018276961537837982,-0.0025315169340610504,-0.00244260177257061
2016-04-01,development,0.006950380225086212,0.007607877614974975,0.005164565907001495,0.006574274582354228
2016-04-04,development,0.0025082268630981443,0.000981478793478012,0.0025177047249317166,0.0020024701271692913
2016-04-05,development,0.0007320928411722183,-0.004266324529075622,-0.005417769013787912,-0.0029840002338971054
2016-04-06,development,0.0037375330157279965,-0.0007779339625835418,-0.004190197235965728,-0.0004101993942737579
2016-04-07,development,-0.00006512086465358734,-0.0012100017881393431,0.001159118666744232,-0.00003866799534956612
2016-04-08,development,-0.0009746325815200805,-0.0016448671723365783,-0.0012261426865577698,-0.0012818808134714762
2016-04-11,development,-0.0010354324154376983,-0.0019194523978710175,-0.0007754855779647827,-0.0012434567970911663
2016-04-12,development,-0.008043604346168196,-0.004154350640583038,-0.006729835592842102,-0.006309263526531112
2016-04-13,development,0.0010692791131019592,-0.001937316224336624,-0.0025906615615844727,-0.0011528995576063792
2016-04-14,development,0.0026427849250793456,-0.0014085305380821228,-0.0012259145875930786,2.779933134714743e-6
2016-04-15,development,0.0018780640319824217,0.0015413209761619567,0.0016393899537086485,0.0016862583206176758
2016-04-18,development,-0.00029826667222976685,-0.0002854463955402374,0.0003865327140808105,-0.00006572678456306458
2016-04-19,development,-0.00020589286937713623,-0.007922357897182488,-0.0014476189808845519,-0.003191956582481392
2016-04-20,development,-0.00736722602481842,-0.0077081555827140805,-0.004738386010932922,-0.00660458920615514
2016-04-21,development,-0.0005113843913078308,-0.0017792499139785765,0.0008749081818580627,-0.00047190870780944826
2016-04-22,development,-0.006758673118591308,-0.004136105580902099,-0.009954462714385985,-0.006949747137959798
2016-04-25,development,0.0060033705595970155,0.0043404245705604555,0.0073368372102737426,0.005893544113477071
2016-04-26,development,-0.003146684766483307,-0.002419498169994354,-0.004819170869051122,-0.0034617846018429274
2016-04-27,development,-0.0065284493220329285,-0.0038169900446891783,-0.0012198860455513,-0.0038551084707578024
2016-04-28,development,-0.008263407597541808,0.001131275310230255,-0.004368259199714661,-0.0038334638290087376
2016-04-29,development,-0.005746890803337097,0.001012792966556549,0.0028263134516716003,-0.0006359281283696491
2016-05-02,development,0.006056055640125274,0.0025286101906776427,0.005389786548233032,0.004658150793011983
2016-05-03,development,0.010129853145579192,0.01227069026927948,0.004520202883243561,0.008973582099367411
2016-05-04,development,0.006071016217803955,0.007053589810848236,0.009891102460432052,0.007671902829694747
2016-05-05,development,0.004222410268020629,0.010455089876842499,0.00876643851828575,0.007814646221049626
2016-05-06,development,0.009433838616657256,0.0040777543212890625,0.012068001099014281,0.008526531345653532
2016-05-09,development,0.0065583983160972595,0.0013773532074928283,0.0012573340180397033,0.0030643618472099305
2016-05-10,development,0.0029476770175933835,-0.00216203755601678,0.0029567490777015685,0.0012474628464260575
2016-05-11,development,-0.005637493727970123,-0.006526517789745331,0.0015844149000167845,-0.0035265322058995563
2016-05-12,development,0.010681806909179687,0.0065958178302764885,0.006875154267406463,0.00805092633562088
2016-05-13,development,0.0018313031008720397,0.003447738530063629,-0.0005675560230255127,0.0015704952026367187
2016-05-16,development,-0.0026388318279266356,-0.0039042622164726258,-0.004485662946510315,-0.0036762523303031924
2016-05-17,development,-0.006603855868339538,-0.005825940693950653,-0.007182326229985809,-0.006537374264092
2016-05-18,development,0.005131741079139709,0.004884367693233489,0.0035703132860183716,0.00452880735279719
2016-05-19,development,0.00037736758728027344,0.0009405928184509277,-0.00229190727891922,-0.00032464895772933955
2016-05-20,development,0.0026189627135276795,0.003348564496707916,0.0035598118790626525,0.0031757796964327497
2016-05-23,development,-0.001878601895236969,-0.006418725678539276,0.0008612947442054748,-0.0024786776098569235
2016-05-24,development,0.004720689238349486,0.00457470925540924,0.0007881337878227234,0.0033611774271938167
2016-05-25,development,0.011819853541755675,0.011616428302383422,0.017075508950614927,0.013503930264918008
2016-05-26,development,0.001250206154346466,0.002115862057209015,0.003621439795780182,0.0023291693357785546
2016-05-27,development,-0.0016815064127922057,-0.0018330319401741028,-0.00016131895761489868,-0.0012252857701937358
2016-05-31,development,-0.006500308271408081,-0.004472207398796081,-0.00006568808536529541,-0.003679401251856486
2016-06-01,development,-0.0032361817165374755,-0.0005658938079945088,-0.0046353979128837585,-0.002812491145805248
2016-06-02,development,-0.002063220633125305,-0.0054534880908966065,-0.005176262540149689,-0.004230990421390533
2016-06-03,development,0.00476036943397522,0.005222268951797485,0.004421936100578308,0.004801524828783671
2016-06-06,development,-0.011139824015903473,-0.013047872327423096,-0.005789117113399505,-0.009992271152242023
2016-06-07,development,0.003656613227462768,0.005101627194023132,0.002738146380653095,0.0038321289340463318
2016-06-08,development,0.0036397026317596436,0.005027422595405578,0.006773548796272277,0.005146891341145834
2016-06-09,development,0.015062705289268494,0.012895977046394348,0.012304915815067291,0.013421199383576712
2016-06-10,development,0.011464440934371947,0.014260747249031066,0.013103692781543731,0.012942960321648914
2016-06-13,development,0.0019539880709648133,0.004053121065711975,-0.0008039866800308227,0.0017343741522153216
2016-06-14,development,0.00473563483474965,0.00553910516166687,0.006531036473274231,0.005601925489896918
2016-06-15,development,-0.0008566809084892273,-0.002290389770126343,-0.003157988105392456,-0.0021016862613360086
2016-06-16,development,0.010359540310764312,0.007111259153747558,0.006565918295955658,0.008012239253489177
2016-06-17,development,-0.0025798710307121274,-0.0003971885871887207,-0.0031955493881225586,-0.0020575363353411355
2016-06-20,development,0.00019800759363174436,-0.0030922832654953,-0.0014762986317634582,-0.0014568581012090046
2016-06-21,development,0.0009059070376396178,0.0009103233231483937,0.0028201679830551145,0.0015454661146143752
2016-06-22,development,-0.0016402649973869324,0.0013350636115074157,0.0018832015359878539,0.0005260000500361124
2016-06-23,development,-0.004356381920051574,-0.005108961973667145,-0.006567234617519378,-0.005344192837079366
2016-06-24,development,0.004904201970100402,0.01037740980167389,0.0032122204319000244,0.006164610734558105
2016-06-27,development,0.010361808135986328,0.011612171236419676,0.01132859907131195,0.011100859481239317
2016-06-28,development,-0.003647044421005249,-0.00474365166273117,-0.0070531600886798405,-0.005147952057472086
2016-06-29,development,-0.005222976321792602,-0.004930553492259979,-0.006910952928066254,-0.005688160914039612
2016-06-30,development,0.00575674924211502,0.0047821785381317134,0.003365966203689575,0.004634964661312103
2016-07-01,development,-0.007135111740016937,-0.009437479577827453,-0.006327518819236755,-0.007633370045693714
2016-07-05,development,0.00958323603515625,0.010722875244235992,0.009106620826339722,0.009804244035243987
2016-07-06,development,0.00029766979422907896,0.003148445014667511,0.0007170761441230774,0.0013877303176732224
2016-07-07,development,-0.0032910931416511536,-0.009229640292072296,-0.006715657329082489,-0.006412130254268646
2016-07-08,development,-0.001499077796459198,-0.0030892646114349365,-0.00033005699882507323,-0.0016394664689064024
2016-07-11,development,-0.002519898080921173,-0.0030497156805992126,-0.0024163828800201413,-0.0026619988805135094
2016-07-12,development,-0.008871842664909363,-0.007784023544639206,-0.009928456099891661,-0.008861440769813411
2016-07-13,development,0.004275592818164825,0.004035856272411346,0.005497992932987213,0.004603147341187794
2016-07-14,development,0.002849871314048767,0.0034087688797950744,0.0030617332537651062,0.0031067911492029827
2016-07-15,development,0.0015884452136993407,0.0016487489796638488,-0.002574388123989105,0.00022093535645802825
2016-07-18,development,-0.002815679394817352,-0.0026278958040237424,-0.0018531066215515136,-0.0024322272734642026
2016-07-19,development,0.005146210846614837,0.008178548881435394,0.006114169866900969,0.006479643198317067
2016-07-20,development,-0.0004288248118400574,-0.001923863124847412,-0.0009147598671913146,-0.0010891492679595946
2016-07-21,development,0.002042435943508148,0.0014529966827392577,-0.00022727878541946411,0.0010893846136093138
2016-07-22,development,-0.0015173991159439086,0.0006230457859039306,0.00159069130153656,0.00023211265716552735
2016-07-25,development,-0.00018433617572784423,-0.002767668242073059,-0.007573688637351989,-0.0035085643517176308
2016-07-26,development,-0.0009390039238105775,-0.0038099200118064877,-0.0033674576744079586,-0.002705460536675008
2016-07-27,development,0.003055234530544281,-0.005172912406826019,0.0018325435178756712,-0.00009504478613535567
2016-07-28,development,0.01106690564584732,0.012207060606765746,0.006916310574436187,0.010063425609016418
2016-07-29,development,-0.004766820150852203,-0.0037889902270317076,-0.0022282880074501036,-0.0035946994617780045
2016-08-01,development,0.00283977801990509,0.004153995944309235,0.0012179976342201232,0.002737257199478149
2016-08-02,development,0.005482417013072967,0.008531308401416873,0.00563488497171402,0.0065495367954012855
2016-08-03,development,-0.004335695996570587,-0.009291706409072875,-0.001890051545524597,-0.005172484650389352
2016-08-04,development,0.0031123077672004697,0.0034141923973083493,-0.00014108361091613768,0.0021284721845308938
2016-08-05,development,0.000743698891544342,-0.00252512616109848,-0.0020548538118362425,-0.0012787603604634602
2016-08-08,development,-0.00043561874723434447,-0.000111800364112854,-0.0026746476885795593,-0.0010740222666422525
2016-08-09,development,0.004150915182113647,0.004448769782447815,0.007142780295879888,0.0052474884201471166
2016-08-10,development,0.00415241078414917,0.005510756637573242,0.0019336134974479674,0.00386559363972346
2016-08-11,development,-0.0011053413313865661,-0.004132342059326171,-0.00282477290391922,-0.0026874854315439857
2016-08-12,development,-0.0015020303586959838,-0.006628102749729156,-0.0012198741649627684,-0.0031166690911293028
2016-08-15,development,-0.004354373412895202,-0.007538238964748382,-0.010049530118751525,-0.00731404749879837
2016-08-16,development,-0.0035014179506682383,0.0035411010211944577,0.00006228241834640503,0.00003398849629087481
2016-08-17,development,0.005223809266090393,0.008102968014621735,0.006794326666736602,0.006707034649149576
2016-08-18,development,-0.005032263030052185,-0.002350091763687134,-0.0037826378781318664,-0.003721664223957062
2016-08-19,development,0.00660707690706253,0.005016371846580505,0.004476781690788269,0.0053667434814771015
2016-08-22,development,0.002842583213806152,0.0043439224713325494,0.008688347663116455,0.005291617782751719
2016-08-23,development,-0.0009991666961669922,-0.0019017654137701988,-0.0032529099286079406,-0.002051280679515044
2016-08-24,development,0.007731075310325622,0.00827434796257019,0.006486512032318115,0.007497311768404642
2016-08-25,development,0.0020508389038085936,0.0036249649453163144,0.003060769813632965,0.0029121912209192913
2016-08-26,development,-0.001895702227306366,-0.0015697097288131714,-0.0015456537413597107,-0.0016703552324930828
2016-08-29,development,0.003269687763214111,0.0013249083471298217,0.0008825245948791504,0.0018257069017410278
2016-08-30,development,-0.0013514017766952514,-0.00196750654258728,-0.005178464287830019,-0.0028324575357041837
2016-08-31,development,0.004485577338790893,0.004087102226829529,0.0027742745876312255,0.003782318051083882
2016-09-01,development,0.008173400669384002,0.01024945607690811,0.006695026755428314,0.008372627833906809
2016-09-02,development,-0.0001699885694503784,0.001389662852668762,0.002188030835819244,0.001135901706345876
2016-09-06,development,0.0004769870181083679,0.004296590898323059,0.005610718713951111,0.0034614322101275126
2016-09-07,development,-0.004186327631525993,-0.003087768541908264,-0.0036593423825263976,-0.0036444795186535515
2016-09-08,development,-0.007409282897186279,-0.008579538500976562,-0.008283895590305328,-0.008090905662822723
2016-09-09,development,-0.00046489624528884887,-0.003947912166881561,-0.001211549515914917,-0.0018747859760284422
2016-09-12,development,-0.0035335869142532348,0.0012053729445457458,-0.0007912638255119323,-0.0010398259317398071
2016-09-13,development,-0.00010736712436676025,-0.0037712460417965426,-0.00007727830801010131,-0.0013186304913911347
2016-09-14,development,0.002925811001396179,0.005876476934146881,0.002875070392894745,0.0038924527761459347
2016-09-15,development,0.006775293845939636,0.00476831441450119,0.002624043062877655,0.00472255044110616
2016-09-16,development,-0.006310803526210784,-0.0054355798522949215,0.0007751679546356201,-0.0036570718079566955
2016-09-19,development,0.00255413405342102,0.004470113245677948,0.0017321022075653075,0.002918783168888092
2016-09-20,development,-0.000086153857421875,0.0018336047934532165,0.002222250584164381,0.0013232338400652407
2016-09-21,development,0.0029653744848251343,0.002067010285949707,-0.0028964855435371396,0.0007119664090792338
2016-09-22,development,-0.0007567633476257324,0.001762537575817108,0.002316899583053589,0.0011075579370816548
2016-09-23,development,-0.0007976246374130248,-0.0035123216550827026,0.001486943837738037,-0.0009410008182525635
2016-09-26,development,0.003104698766136169,0.004862402406215668,0.005775671082496643,0.004580924084949493
2016-09-27,development,-0.004919282963167286,-0.0004852441281318664,0.0009019933612823486,-0.0015008445766722678
2016-09-28,development,-0.001590613257408142,-0.001976010771369934,-0.00043382556657791137,-0.0013334831984519958
2016-09-29,development,0.006380405853271484,0.00040398667001724243,0.0006292713867187499,0.0024712213033358256
2016-09-30,development,0.003045892277240753,0.005421943866252899,0.0023542910140037536,0.0036073757191658015
2016-10-03,development,-0.005122467189216613,-0.006423413790321349,-0.0027700901653289795,-0.004771990381622314
2016-10-04,development,-0.0015539873727798462,-0.0046606811661438,-0.0010777311606407164,-0.0024307998998547875
2016-10-05,development,-0.004538318721485138,-0.005640565050220489,-0.0028815998065948485,-0.0043534945261001585
2016-10-06,development,0.01595763611574173,0.012288035773277282,0.011088405040454864,0.013111358976491292
2016-10-07,development,0.0008364155314445496,-0.0014405241470336913,-0.0036859247710227965,-0.001430011128870646
2016-10-10,development,0.0007995877544403076,-0.0013488147583961487,-0.00037168619670867916,-0.0003069710668881734
2016-10-11,development,-0.002982218768596649,-0.002428535393047333,-0.0027046877197174093,-0.0027051472937871302
2016-10-12,development,0.013062108423042297,0.010747846628665923,0.013286247117710114,0.012365400723139445
2016-10-13,development,0.003289385130214691,0.004410780655288696,0.009530155766677857,0.005743440517393748
2016-10-14,development,0.006608579587459564,0.00409431096944809,0.007794030061149597,0.006165640206019084
2016-10-17,development,0.00124700324344635,0.0016828653734207153,0.005722850253105163,0.0028842396233240766
2016-10-18,development,-0.007586468201864911,-0.009573265036964417,-0.008783497035884857,-0.008647743424904729
2016-10-19,development,-0.0069551586956977845,-0.007496326334190368,-0.0031613022140502926,-0.0058709290813128145
2016-10-20,development,-0.004230224519443512,-0.008866603710842132,-0.0052107042384147645,-0.006102510822900136
2016-10-21,development,-0.0017661665406703947,-0.0032638732991218567,-0.002998978444576263,-0.0026763394281228378
2016-10-24,development,0.007619218532800674,0.007365462047290802,0.004935081154155731,0.006639920578082402
2016-10-25,development,-0.0020420369404315947,0.0023164958993188863,-0.0031326777839660643,-0.0009527396083595909
2016-10-26,development,0.0007754291704654693,0.0019413634391784668,-0.00666994568157196,-0.0013177176906426747
2016-10-27,development,-0.006545825035190582,-0.006352245419979095,-0.006994192345333099,-0.006630754266834259
2016-10-28,development,0.004811959156417847,0.0057992785254478455,0.004297938591670989,0.004969725424512228
2016-10-31,development,0.0065008365170955654,0.008719820319271087,0.004888795341396332,0.006703150725920995
2016-11-01,development,0.0016580308272361754,0.0005325822245597839,-0.0043915415131809705,-0.0007336428204616705
2016-11-02,development,0.009769154203939437,0.005962815772056579,0.009134594798088074,0.008288854924694696
2016-11-03,development,-0.00012198397736549377,0.0065872132695198055,0.0007061715650558472,0.002390466952403386
2016-11-04,development,-0.00025183297123909,-0.0026154037167549133,-0.0029348850931167603,-0.0019340405937035877
2016-11-07,development,-0.00039762762403488156,0.0012137835465431213,0.0044199347429275514,0.0017453635551452637
2016-11-08,development,0.00683064836218518,0.0017556169240951537,0.010022255359268189,0.0062028402151828406
2016-11-09,development,-0.020525646024012564,-0.014274602308273314,-0.019731773371219632,-0.01817734056783517
2016-11-10,development,-0.01916518845191002,-0.010071648387336731,-0.01671448376073837,-0.015317106866661706
2016-11-11,development,-0.0005789169317245483,-0.002887008158302307,-0.006677069409561157,-0.0033809981665293373
2016-11-14,development,-0.023045831833457944,-0.013880630900478362,-0.02820914397239685,-0.02171186890211105
2016-11-15,development,0.014509750064635276,0.005405192584056139,0.012212321083450316,0.010709087910713911
2016-11-16,development,0.0067690919869422906,0.008171357385873794,0.007730448248291015,0.007556965873702366
2016-11-17,development,0.0001795500829696655,0.0016057607542991638,-0.000027338124275207517,0.0005859909043312072
2016-11-18,development,-0.0005278503259420395,0.0031835616517543793,-0.0015771926237106322,0.00035950623403390244
2016-11-21,development,-0.0037498780208826063,0.003359863440799713,0.0024932399450302125,0.0007010751216491064
2016-11-22,development,-0.0007809916298389435,0.00417373525891304,0.0031597053935675857,0.002184149674213894
2016-11-23,development,-0.0009668802639484405,-0.0017135276532173156,-0.0030230807472229003,-0.0019011628881295522
2016-11-25,development,0.0046603673453807825,0.00020686744360923765,0.0023431399916172026,0.0024034582602024076
2016-11-28,development,0.001114643364906311,0.002857180313539505,0.004857956160974502,0.0029432599464734393
2016-11-29,development,0.004893971503341019,0.0006027224241256714,0.0029276236427307127,0.002808105856732468
2016-11-30,development,-0.015685842245006562,-0.017281141189861297,-0.017171606577777863,-0.016712863337548574
2016-12-01,development,-0.01290982969379425,-0.008682504747486114,-0.008987414449596404,-0.010193249630292256
2016-12-02,development,0.0019337935786247252,0.006513897055006027,0.002321635609769821,0.003589775414466858
2016-12-05,development,-0.0008595539768218994,-0.0001227547068595886,0.0016416245673179625,0.00021977196121215816
2016-12-06,development,-0.005765065096664429,-0.0059554373130930194,-0.004846925256490707,-0.0055224758887493855
2016-12-07,development,-0.0007797578351020813,0.0006157582062721252,0.002508831161355972,0.0007816105108420053
2016-12-08,development,-0.0047581409849166865,-0.007890513067245484,-0.006015534937763214,-0.006221396329975128
2016-12-09,development,0.001854388519001007,0.004484272023296356,0.0010973813343524933,0.002478680625549952
2016-12-12,development,0.007251370194339752,0.004015852978134155,0.006105727139472961,0.005790983437315623
2016-12-13,development,0.005980361765003204,0.009736103144264222,0.006005479693645143,0.007240648200970856
2016-12-14,development,0.0010873738218307495,0.0024440843952178953,0.0016693642367362975,0.0017336074845949805
2016-12-15,development,-0.009463548056697845,-0.006905335960769653,-0.009260639537143707,-0.008543174518203736
2016-12-16,development,0.005555052794361115,0.005274611706352234,0.002261659749126434,0.004363774749946594
2016-12-19,development,-0.0015734579640388489,0.0004618647856712341,-0.0013029065062999724,-0.000804833228222529
2016-12-20,development,-0.0018453503829850676,-0.007541115427017212,-0.005397341701221466,-0.004927935837074582
2016-12-21,development,0.001455636773967743,0.0013687589240074158,0.0019931854147434234,0.0016058603709061942
2016-12-22,development,0.0029224031151771543,-0.0027896451694488524,0.0009019769556045531,0.0003449116337776183
2016-12-23,development,-0.004231781779098511,-0.0027525782912254334,-0.002939683436059952,-0.0033080145021279657
2016-12-27,development,-0.0018112323904037474,0.0005323084566116333,-0.0029299155900001524,-0.0014029465079307554
2016-12-28,development,-0.0007390535510063171,-0.0023726874585023395,-0.0018196336666107178,-0.0016437915587064582
2016-12-29,development,0.0034580844334602353,0.00023081928124427795,0.0022164209795475006,0.001968441564750671
2016-12-30,development,-0.0020259291569709775,0.0013075049995422362,-0.0007838265117645263,-0.0005007502230644226
2017-01-03,development,-0.0009655444247245788,-0.001986268434047699,0.002672555391597748,-0.00009308582239151006
2017-01-04,development,-0.003554153855705261,-0.0014789759665966033,-0.0025450815032113548,-0.0025260704418377396
2017-01-05,development,0.0101019893992424,0.008045127119112015,0.01008513042755127,0.00941074898196856
2017-01-06,development,0.0043105811285972595,0.0060028024880409234,0.004953643908309937,0.0050890091749827065
2017-01-09,development,0.00007747019205093383,0.0005985875321865081,0.001023932072162628,0.00056666326546669
2017-01-10,development,0.013898630400047421,0.002019385219335556,0.006669771129322052,0.007529262249568343
2017-01-11,development,0.00444380372595787,0.005939382514333725,0.004398401172447205,0.0049271958042462665
2017-01-12,development,-0.006533482803344726,-0.0007717326217651367,-0.0011707621225357054,-0.0028253258492151895
2017-01-13,development,0.005297193235349655,0.0012401200271129607,0.003239962856578827,0.003259092039680481
2017-01-17,development,-0.009016051518440246,-0.00007732617721557617,-0.005177901278209686,-0.004757092991288503
2017-01-18,development,0.005563507004165649,0.004016819722607732,0.00457412924785614,0.004718151991543173
2017-01-19,development,0.005127559278011322,0.003179705760383606,0.007451870836067199,0.005253045291487376
2017-01-20,development,0.0010718482105731963,-0.005791021763706207,-0.004693479856777191,-0.003137551136636734
2017-01-23,development,-0.004867995967292786,-0.005571847657966614,-0.0031220026096343994,-0.004520615411631267
2017-01-24,development,0.008364867972421646,0.004042401227664947,0.00018661696749374968,0.004197962055860114
2017-01-25,development,0.0058182333780765535,0.0033259916350364682,0.004047793896722793,0.004397339636611938
2017-01-26,development,0.004415335725498199,0.002921942547225952,0.003575681436729431,0.0036376532364845275
2017-01-27,development,-0.002547176583099365,0.0003815841785430908,-0.000073282923412323,-0.0007462917759895326
2017-01-30,development,0.003447246416902542,0.0025697553484916686,0.0024323715285778044,0.0028164577646573384
2017-01-31,development,-0.0038030564575811977,-0.008591973658943175,-0.0036644346987247467,-0.005353154938416374
2017-02-01,development,0.0028493754401206967,0.0010757054849624634,0.002517584293746948,0.0021475550729433694
2017-02-02,development,0.00032386864981651304,-0.0011153996514320372,-0.0032966250415802,-0.0013627186810652413
2017-02-03,development,0.005150328345036506,0.0017320247144699096,0.004039471515703201,0.0036406081917365386
2017-02-06,development,0.0010598222643375397,0.0009799296501159667,0.003598407495689392,0.0018793864700476328
2017-02-07,development,0.008388718436932563,0.0011296283054635524,0.008679106804704666,0.0060658178490335946
2017-02-08,development,-0.002877033449959755,-0.005005750174331665,-0.005269552441930771,-0.004384112022074064
2017-02-09,development,0.0030873365763187405,0.0006713184968948364,0.00125936982088089,0.0016726749646981556
2017-02-10,development,-0.00435281912844181,0.0011338305882453918,-0.0016773605112552642,-0.0016321163504838942
2017-02-13,development,-0.0020026794799327848,-0.0010804243518829344,0.00005620634608268737,-0.0010089658285776773
2017-02-14,development,-0.005242274516701698,-0.0029279482493400574,-0.0027225998624350787,-0.0036309408761589445
2017-02-15,development,0.001853801209282875,-0.004676535874652862,0.0009587292184591293,-0.0006213351489702859
2017-02-16,development,0.004258144017529488,0.0058191839372634885,0.004870832496714592,0.004982720150502522
2017-02-17,development,0.0027168500844717025,0.0002446356653213501,-0.006391056475901604,-0.0011431902420361837
2017-02-21,development,-0.004607123695373535,-0.00541270651769638,-0.0013286710190296173,-0.0037828337440331777
2017-02-22,development,0.007647028923505687,0.00671443827791214,0.006509120015978813,0.006956862405798879
2017-02-23,development,-0.001227879348182678,-0.0014174950665473936,-0.005762492262673378,-0.0028026222258011498
2017-02-24,development,-0.00013705212841033936,0.003828490952014923,0.00023671689805984496,0.0013093852405548095
2017-02-27,development,-0.005259899730300903,-0.006639459830856323,-0.005138146102619171,-0.005679168554592132
2017-02-28,development,0.008277826374053955,0.008687550838577949,0.007919094680786132,0.008294823964472679
2017-03-01,development,0.006534977012634277,0.009354521944332122,0.010209537875461578,0.008699678944142659
2017-03-02,development,0.005624093039321899,0.001412610139107704,0.0014266173274755478,0.002821106835301717
2017-03-03,development,0.0035769357789993284,0.007738990035533905,0.0071208156388282776,0.006145580484453837
2017-03-06,development,0.009466281878852845,0.011487924422359467,0.011449498595428466,0.010801234965546927
2017-03-07,development,0.003279262815093994,0.0017268461736202239,0.00010354535068883924,0.0017032181131343522
2017-03-08,development,0.0038111525308609008,0.005540589704680443,0.0006426270833730697,0.003331456439638138
2017-03-09,development,0.0014938587713241576,0.0022645308575630187,0.0034776940049171447,0.0024120278779347737
2017-03-10,development,0.0014165877361297606,0.001553206753873825,0.002324559520483017,0.0017647846701622008
2017-03-13,development,0.002535347845649719,0.0014600477742671965,0.0020415469748020173,0.002012314198239644
2017-03-14,development,0.00027001777956891165,-0.0009994471158027648,-0.0015484450330734251,-0.0007592914564357595
2017-03-15,development,-0.006968434379005432,-0.005446920835494995,-0.006810723340988159,-0.0064086928518295285
2017-03-16,development,0.0016836184586524962,0.002064306132054329,0.0042004976611375805,0.0026494740839481355
2017-03-17,development,0.005082196611213684,0.0037351562698364257,0.008496700317668915,0.005771351066239674
2017-03-20,development,0.003816690973854065,0.0005009814733982086,0.0015282962497234344,0.001948656232325236
2017-03-21,development,0.0028061817479133606,-0.004862302215300823,0.003450643365383148,0.0004648409659985619
2017-03-22,development,0.005122855570888519,0.005984629505586624,0.003873887021422386,0.004993790699299176
2017-03-23,development,0.0032163760081291197,0.003348132272958755,-0.0019787830621004103,0.0015285750729958213
2017-03-24,development,-0.005072448493766785,-0.006738484851551056,-0.004365255940771103,-0.005392063095362981
2017-03-27,development,-0.00840551321811676,-0.009820962987661361,-0.009480493140244484,-0.009235656448674202
2017-03-28,development,0.00016224594678878782,-0.0010450835402965545,-0.001568958535798121,-0.0008172653764352959
2017-03-29,development,-0.0012654919779777527,0.0009767479757785797,-0.0016243559574842452,-0.0006376999865611393
2017-03-30,development,0.004887741330528259,0.005344727215623855,0.004404134215569496,0.004878867587240537
2017-03-31,development,-0.0053331683203697204,-0.005213056115818023,-0.0038356061356067655,-0.004793943523931503
2017-04-03,development,0.0023646819923400877,0.002350217697620392,0.0008597745088100433,0.0018582247329235076
2017-04-04,development,0.004483392953755426,0.0011974417597293853,-0.0017478196305036543,0.0013110050276603858
2017-04-05,development,0.003350566153335571,0.0003298880375385284,0.003546251925301552,0.002408902038725217
2017-04-06,development,-0.006506210116386414,-0.002085946458053589,-0.0035495067421913145,-0.004047221105543773
2017-04-07,development,-0.0020782973530769347,-0.002861205192565918,-0.0021127290291786194,-0.002350743858273824
2017-04-10,development,-0.008440689862155914,-0.007312995753669739,-0.006998880775260925,-0.007584188797028859
2017-04-11,development,0.0017985706650733948,0.002368083738357496,0.0038394236505031585,0.0026686926846446832
2017-04-12,development,-0.0008462110187530518,-0.001574621460056305,-0.0045183946758270265,-0.0023130757182121277
2017-04-13,development,0.0006795308281898498,0.0028307470623016354,-0.0005127431200504303,0.000999178256813685
2017-04-17,development,0.003196799686908722,0.0008881192599296569,0.003707346096205711,0.002597421681014697
2017-04-18,development,0.0036953608328819275,0.003715322668170929,0.0033779879659652707,0.003596223822339376
2017-04-19,development,0.001270088002872467,0.008828868270969391,0.004261285439070785,0.004786747237637548
2017-04-20,development,0.0012541616401672362,0.0035318603947639463,0.0067812083111762995,0.003855743448702494
2017-04-21,development,0.00353327426776886,0.003025177164840698,-0.0023101700612068177,0.0014160937904675798
2017-04-24,development,0.006641631807041168,0.010277977303314208,0.00971908321647644,0.008879564108943938
2017-04-25,development,0.0025908407594641683,-0.0006951942910194397,0.0008039090614318848,0.0008998518432922044
2017-04-26,development,-0.00367169000711441,-0.0009726063082695007,0.0008505561902046203,-0.0012645800417264302
2017-04-27,development,0.0012399169681549071,0.00752111088104248,0.004281233877754211,0.004347420575650533
2017-04-28,development,0.006300759955978393,0.00490704107427597,0.004428119109821319,0.005211973380025227
2017-05-01,development,0.00567784883441925,0.0016581535802841186,0.0007533149841308593,0.0026964391329447426
2017-05-02,development,0.005265776518058776,0.010935312386939382,0.010707957509708405,0.008969682138235522
2017-05-03,development,0.005738941325473785,0.006453771085262299,0.0026153521498680113,0.004936021520201365
2017-05-04,development,0.012118241897964477,0.010444048470306395,0.014768611692619322,0.012443634020296732
2017-05-05,development,-0.00680649431438446,-0.0025694832463264462,-0.002830677547931671,-0.004068885036214193
2017-05-08,development,0.0027196191248893735,-0.001106286391544342,-0.0015491193170547484,0.00002140447209676103
2017-05-09,development,-0.001286425249671936,-0.0025636464964866636,-0.0014722601534713268,-0.0017741106332099753
2017-05-10,development,-0.003345679897022247,-0.006365790500164031,-0.005533887467765808,-0.005081785954984029
2017-05-11,development,0.0058255037728309625,0.002643274123573303,-0.002009867076396942,0.0021529702733357747
2017-05-12,development,0.0031358567731857297,-0.0007006499307632446,-0.0023815984032630917,0.000017869479719797812
2017-05-15,development,0.0053744951038360595,0.000027610725784301756,-0.002178628603553772,0.0010744924086888632
2017-05-16,development,0.00007505587586073888,0.004105867614650726,0.0015717349040985107,0.0019175527982033252
2017-05-17,development,-0.0066307509087562555,-0.006907181880187988,-0.008378694596290589,-0.0073055424617449434
2017-05-18,development,-0.001203738442516327,0.0001959493818283081,0.002694810749340057,0.0005623405628840128
2017-05-19,development,-0.0036092185535430907,-0.002425193908214569,-0.0037914162662506102,-0.0032752762426694233
2017-05-22,development,0.0008097127174377441,-0.0007868383221626282,-0.002304388511276245,-0.0007605047053337097
2017-05-23,development,0.003983808578872681,0.002509550205177164,0.004569667885684967,0.0036876755565782705
2017-05-24,development,0.00023741886444091795,0.0010664391638755797,0.0007589676689147949,0.0006876085657437642
2017-05-25,development,0.01024800159521103,0.012603809352779388,0.00989483244113922,0.010915547796376546
2017-05-26,development,0.0032096199959754943,0.0011816132469177245,0.004692119938468933,0.0030277843937873837
2017-05-30,development,0.003349451012325287,0.0023575983590126037,0.0012752280641555786,0.0023274258118311567
2017-05-31,development,-0.0014238752725601197,0.003401095118999481,0.0003214976699466706,0.0007662391721286774
2017-06-01,development,-0.0042820370122909545,-0.0022242090410232542,0.0017790321744441985,-0.001575737959623337
2017-06-02,development,-0.0023207537132263183,0.00020534094591140745,0.0026969397194862364,0.00019384231739044181
2017-06-05,development,0.003804016403198242,0.002098835295677185,0.0020028818757534027,0.0026352445248762763
2017-06-06,development,-0.005370638431155872,-0.005033435117149353,-0.005385757868862152,-0.005263277139055792
2017-06-07,development,0.0063023293509483335,0.008491355378341675,0.004290742077922821,0.006361475602404277
2017-06-08,development,-0.00006355413379669189,0.0035976876457214355,0.0013473065957069397,0.0016271467025438943
2017-06-09,development,-0.0010908016798019408,-0.0010033389340400696,0.0048694371754169465,0.0009250988538583119
2017-06-12,development,-0.0026859000911712647,-0.003129646605014801,-0.0009405756358146667,-0.0022520407773335776
2017-06-13,development,-0.0006006138331413269,-0.0007058560918541901,-0.0008556515154838561,-0.0007207071468264577
2017-06-14,development,-0.005120893942451477,-0.00056535849609375,-0.003175024343919754,-0.002953758927488327
2017-06-15,development,0.007131823949718475,0.008705032557201385,0.006222736809492111,0.007353197772137324
2017-06-16,development,-0.00035848313570022584,0.0014281810808181763,-0.0002664558546066284,0.000267747363503774
2017-06-19,development,-0.0007385155992507934,0.0025942981637001035,0.0005035455904960632,0.0007864427183151244
2017-06-20,development,0.0011079217656135558,0.003494867447280884,0.001441597715986728,0.002014795642960389
2017-06-21,development,-0.0014552603041648863,0.0009125608039855956,-0.0020442666405677793,-0.00086232204691569
2017-06-22,development,-0.008112856202125549,-0.00845113473443985,-0.007335657148647308,-0.007966549361737569
2017-06-23,development,-0.0047899915794372555,-0.0019877384622573853,-0.0024691701663970946,-0.003082300069363912
2017-06-26,development,0.0034875475975990294,0.0012388825410842895,0.0030506707207679745,0.002592366953150431
2017-06-27,development,0.0034493916125898846,-0.00214194840927124,-0.0012765848229408263,0.000010286126792606121
2017-06-28,development,0.0015914268590927123,-0.00020070419378280638,0.0037315995159149166,0.001707440727074941
2017-06-29,development,-0.004043553567695617,-0.006322217534923553,-0.002355083588886261,-0.004240284897168477
2017-06-30,development,0.005495730661392212,-0.00033878873805999753,0.0037588192028045653,0.0029719203753789266
2017-07-03,development,0.002096502914428711,-0.005187978650474548,-0.002450899646282196,-0.0018474584607760108
2017-07-05,development,0.0053864313634872435,0.008319616663706637,0.008024896405410766,0.007243648144201549
2017-07-06,development,0.013898831592559814,0.012426146208572388,0.008819236692428588,0.011714738164520263
2017-07-07,development,0.001913993297958374,0.0037049020425796507,0.0033920435181617734,0.0030036462862332663
2017-07-10,development,0.005416234434509277,0.0077856626359462736,0.002477432741546631,0.005226443270667395
2017-07-11,development,0.0014715878969192504,-0.0026730625495910644,-0.0010289480183210133,-0.0007434742236642758
2017-07-12,development,-0.0011692202028274535,0.0038193771047115325,0.0030253196278095243,0.0018918255098978678
2017-07-13,development,-0.00027155650157928467,-0.006927263906097412,-0.0015876666794776915,-0.002928829029051462
2017-07-14,development,-0.003443159853363037,-0.003292441942548752,0.00042545941376686094,-0.0021033807940483095
2017-07-17,development,-0.0014544285791397095,-0.003341236431932449,0.0015955730936527252,-0.0010666973058064777
2017-07-18,development,-0.0018791930811629055,0.00035579408302307126,-0.000981749172115326,-0.0008350493900850534
2017-07-19,development,-0.006721408220100402,-0.005576826493549346,-0.003633563072967529,-0.005310599262205759
2017-07-20,development,-0.0039142736906051636,0.0005149292727470398,0.001178585311794281,-0.0007402530353546143
2017-07-21,development,0.0020151354405879974,0.001998357480764389,0.002924175844049454,0.002312556255133947
2017-07-24,development,0.006158500303697586,0.0039822190425872804,0.00391550454750061,0.004685407964595159
2017-07-25,development,-0.005899263152647018,-0.0027068699044128903,-0.002695449632358551,-0.003767194229806153
2017-07-26,development,-0.0025751892948150633,-0.002771058323955536,-0.004576890072727203,-0.003307712563832601
2017-07-27,development,0.0004195705898761749,-0.0010749388862609864,0.004653998551750183,0.0013328767517884572
2017-07-28,development,-0.001384319606590271,-0.003356434440088272,-0.007003552345991135,-0.003914768797556559
2017-07-31,development,0.011633016180753707,0.007860162422037124,0.0056751638785839074,0.00838944749379158
2017-08-01,development,0.005647371955823898,0.006143226282644272,0.003767178149803924,0.005185925462757365
2017-08-02,development,0.007897026147031784,0.014517338384866714,0.01165237534995079,0.01135557996061643
2017-08-03,development,0.0019354461309432983,0.003430911238145828,-0.001331235402917862,0.0013450406553904214
2017-08-04,development,-0.007138375205183029,-0.0008026649486541748,-0.005180937952136993,-0.004373992701991399
2017-08-07,development,-0.004685118827819824,-0.0005443098089694977,-0.0020901938896656035,-0.002439874175484975
2017-08-08,development,0.0035636065275569677,0.0050055474582672115,-0.00023059005489349364,0.0027795213103102285
2017-08-09,development,-0.001345712382698059,0.002590684230184555,-0.003176023699045181,-0.0006436839505195618
2017-08-10,development,0.008032084271240233,0.007212292872714996,0.0037965813875198364,0.0063469861771583555
2017-08-11,development,-0.005033324506759643,-0.006168704504299164,-0.006078174344825745,-0.005760067785294851
2017-08-14,development,0.006649981169700623,0.007888310179424285,0.005287151455116271,0.00660848093474706
2017-08-15,development,0.006873381512451171,0.0030618157637111185,0.009621372567653656,0.006518856614605315
2017-08-16,development,0.0011033699061393737,0.00018611721353530884,0.0014674225271224975,0.0009189698822657267
2017-08-17,development,-0.0037859362027168274,-0.005468687194728851,-0.0066532344213485715,-0.005302619272931418
2017-08-18,development,0.000963716537952423,-0.0007515884724617004,-0.0009874279948711394,-0.00025843330979347226
2017-08-21,development,0.0019018766988754272,0.001168510551548004,0.0020377324223995207,0.0017027065576076508
2017-08-22,development,0.003496912488365173,0.007429419075298309,0.0017102563404004568,0.004212195968021313
2017-08-23,development,-0.006678325902748108,-0.004158352359390259,-0.007564305488586425,-0.006133661250241597
2017-08-24,development,-0.005220948631858825,-0.004911429870700836,-0.004740375276374817,-0.00495758459297816
2017-08-25,development,-0.0013613960703849793,-0.0017583210231781005,-0.0018302781976699829,-0.0016499984304110208
2017-08-28,development,-0.003909997975349426,-0.0033832844873428343,0.0029634802229881285,-0.0014432674132347108
2017-08-29,development,-0.008622139857171059,-0.011435074819946288,-0.006605868410205841,-0.008887694362441063
2017-08-30,development,0.001378214041519165,0.006237792581748962,0.001165685922050476,0.0029272308484395346
2017-08-31,development,-0.0030431626440048216,-0.004844467423820495,-0.004400509126186371,-0.004096046398003896
2017-09-01,development,-0.006518143529891968,-0.006556467209815979,-0.004769804696083069,-0.005948138478597005
2017-09-05,development,-0.007222804551315307,-0.011981657530498504,-0.010017403268814087,-0.009740621783542633
2017-09-06,development,-0.005031486182117462,-0.003301884833090734,-0.0030106732645988465,-0.0037813480932690144
2017-09-07,development,-0.002905026504421234,-0.001058552070426941,-0.0016100550081253051,-0.00185787786099116
2017-09-08,development,0.0116718378033638,0.013138717937278747,0.012493309897518158,0.012434621879386902
2017-09-11,development,0.0060214519296646115,0.006981610941600799,0.005649427308654785,0.006217496726640066
2017-09-12,development,0.001451674189376831,0.0015640783714294432,-0.0002702663294476995,0.0009151620771195249
2017-09-13,development,-0.005459459178638458,0.00023798741941452025,-0.0009060870935440063,-0.0020425196175893148
2017-09-14,development,0.00371848264131546,0.003588720391654968,0.005924652660179138,0.0044106185643831885
2017-09-15,development,-0.002847845872020721,-0.001167278385925293,-0.0027732953754425046,-0.00226280654446284
2017-09-18,development,0.007924672734832763,0.005269814915847778,0.0036306867515563963,0.005608391467412312
2017-09-19,development,0.008451697325173521,0.005594897645950317,0.008243882418441772,0.007430159129855204
2017-09-20,development,-0.003203118043899536,-0.0028972158430099486,-0.0027762666237831114,-0.002958866836897532
2017-09-21,development,0.003176474314212799,0.00650096071395874,0.0038917564443588255,0.0045230638241767875
2017-09-22,development,-0.003825044168281555,-0.002762812833213806,-0.0035962135663986203,-0.003394690189297994
2017-09-25,development,-0.009919121630573272,-0.006579188540077209,-0.005411149822330474,-0.0073031533309936515
2017-09-26,development,-0.002247666366958618,-0.0037248635042185303,-0.0013763973345756531,-0.0024496424019176005
2017-09-27,development,0.0017540861233711243,-0.0007214193527221679,0.0014049710215568543,0.0008125459307352702
2017-09-28,development,0.0037670659097671505,0.008534352402687073,0.0043056618199348445,0.005535693377463023
2017-09-29,development,0.0045922681905746455,0.002724296574115753,0.0009077197978973388,0.002741428187529246
2017-10-02,development,0.005000210124206542,0.0018542882498741148,0.001278466217327118,0.002710988197135925
2017-10-03,development,-0.000733211627960205,-0.0007170784252166748,0.0019515699962414743,0.00016709331435486486
2017-10-04,development,0.004841747615814209,0.004694209775257111,0.007566256531953811,0.00570073797434171
2017-10-05,development,0.0033977832407951353,0.000797927472782135,0.005182166126060486,0.0031259589465459183
2017-10-06,development,0.009749550575351715,0.009714630154418945,0.01159454437122345,0.010352908366998037
2017-10-09,development,-0.0010055494938850402,0.002312652967453003,0.003190634252500534,0.001499245908689499
2017-10-10,development,-0.000056893209821224264,0.001056136646080017,0.0008697967824459076,0.0006230134062349002
2017-10-11,development,0.00009733150644302367,-0.0019472195994377135,-0.002330381620025635,-0.0013934232376734414
2017-10-12,development,0.004300662694835662,0.0023031916931152345,0.0034050606881618497,0.0033363050253709154
2017-10-13,development,-0.002548125200271606,0.0004657750284194946,-0.001139305365371704,-0.0010738851790746053
2017-10-16,development,0.0025730526118278503,0.002601664839172363,0.0010415766637325286,0.0020720980382442473
2017-10-17,development,-0.0020631734880447385,-0.0055420179300204745,-0.002179064434862137,-0.0032614186176424496
2017-10-18,development,0.00591066296710968,0.0060690364179611204,0.002133598826408386,0.004704432737159729
2017-10-19,development,0.0006110624744415283,0.002370651830101013,-0.001747314556980133,0.0004114665825208029
2017-10-20,development,0.0018182415872573853,0.004021440148544312,0.0024897977658271788,0.0027764931672096247
2017-10-23,development,0.0035274412811279296,0.004563142679405212,0.0078079956064701075,0.005299526522334417
2017-10-24,development,0.008786799881267546,0.0052627425292968745,-0.0009319993584816453,0.0043725143506942584
2017-10-25,development,-0.0003076032121658325,-0.0027838255907058716,0.004599870159149169,0.0005028137854258217
2017-10-26,development,0.001258083773803711,-0.008242500388908386,0.0027747121449947358,-0.0014032348233699802
2017-10-27,development,0.0007214233398437499,-0.002494446343612671,0.009870955312108994,0.0026993107694466907
2017-10-30,development,-0.009769938754177093,-0.004051316953849793,-0.0011570819558143616,-0.004992779221280416
2017-10-31,development,-0.003970983902902222,0.00391056492023468,0.004112997875499725,0.0013508596309440611
2017-11-01,development,0.005716513680839539,-0.00007295280342102051,0.003031481853055954,0.0028916809101581574
2017-11-02,development,-0.00046165653257369994,-0.006454453227615356,0.005920346188735962,-0.00033192119048436477
2017-11-03,development,-0.0025206206931114197,-0.0033051643255233762,-0.0020025548969268797,-0.0026094466385205585
2017-11-06,development,-0.012308087576770783,-0.0095410405544281,-0.0053579832832336425,-0.009069037138144175
2017-11-07,development,0.0076411969139099116,0.007690391403907204,0.010514267784881591,0.008615285367566236
2017-11-08,development,0.007251889794158935,-0.005224348006629943,0.0030499975047588346,0.0016925130974292755
2017-11-09,development,-0.004877967039489746,-0.004461481231117248,-0.006652477901268005,-0.005330642057291667
2017-11-10,development,0.000029782476234436035,-0.0006309465985298156,-0.00046643739566802975,-0.0003558671726544698
2017-11-13,development,0.01848484738845825,0.011427799156856537,0.009561540113782883,0.013158062219699224
2017-11-14,development,0.008482832210445403,0.006519973078918457,0.0016149842116064549,0.005539263166990105
2017-11-15,development,-0.004574433697128295,-0.0010055451241493224,-0.0020944708318710327,-0.0025581498843828833
2017-11-16,development,0.0047921355854988095,0.0026617863123893737,-0.00009745306758880615,0.0024521562767664587
2017-11-17,development,-0.0031008962222099303,-0.0007609210741996765,-0.00603660224852562,-0.003299473181645076
2017-11-20,development,0.007004772371578216,0.0030120566593170163,0.004054918334674835,0.004690582455190022
2017-11-21,development,0.0016344611975569242,-0.001569241468143463,0.0010366672727108001,0.0003672956673747537
2017-11-22,development,-0.00359664048204422,-0.0029653508916854857,-0.004793099792003631,-0.0037850303885777793
2017-11-24,development,0.0019587924147605896,0.0010999023509025573,0.0017646384199619292,0.001607777728541692
2017-11-27,development,0.0007734659564018249,0.0035122885991096496,0.0025327492802143096,0.0022728346119085946
2017-11-28,development,-0.00048725073413848877,0.0002430002507912155,0.00002429851222038269,-0.00007331732370896353
2017-11-29,development,-0.012844572352409362,-0.009358024723911285,-0.014436235214805603,-0.012212944097042084
2017-11-30,development,0.006138168561840057,0.0007260007394790649,0.004522977873659134,0.003795715724992752
2017-12-01,development,-0.004679722640323639,-0.0025704682841300964,-0.007661267774391174,-0.004970486232948303
2017-12-04,development,-0.012878999067783356,-0.01401565937128067,-0.014939601166725158,-0.013944753201929727
2017-12-05,development,0.0014448589339256285,0.0011012303778648376,0.006062488748163843,0.0028695260199847698
2017-12-06,development,0.000943520832824707,0.006030731000995636,0.0035391702925682065,0.003504474042129516
2017-12-07,development,0.0011789571833610533,-0.0019189943331718443,0.00011833555097579956,-0.00020723386627833048
2017-12-08,development,-0.0038414782217025753,-0.0040326346919059754,-0.005039229562091827,-0.004304447491900126
2017-12-11,development,-0.0005724579032897949,-0.0012482992016792298,0.0022638224657058714,0.0001476884535789489
2017-12-12,development,-0.0021742669846581456,-0.003341282961368561,-0.0007925109959602356,-0.0021026869806623143
2017-12-13,development,-0.004714057852172851,-0.0038260185084342956,-0.004795668728637695,-0.004445248363081614
2017-12-14,development,0.0008591164720535278,0.003938771339321136,0.00434303248052597,0.0030469734306335446
2017-12-15,development,-0.0008946472072601318,0.004584403027629852,0.0051208236371040345,0.0029368598191579186
2017-12-18,development,-0.008394118794059753,-0.0075041839642524715,-0.007058756748390197,-0.007652353168900807
2017-12-19,development,0.0037003984235763547,0.005549059012206411,0.0034265196043014525,0.004225325680028073
2017-12-20,development,-0.003000059521102905,-0.003723293766403198,-0.0030841332384109496,-0.0032691621753056844
2017-12-21,development,-0.009560648782920837,-0.010724621133041382,-0.007922340103912353,-0.009402536673291524
2017-12-22,development,-0.0017760752676010132,-0.00038109320383071895,-0.003868296474266052,-0.002008488315232595
2017-12-26,development,-0.009010124357414245,-0.005240688591957092,-0.007949849748039245,-0.007400220899136861
2017-12-27,development,0.0021593553169250487,0.0008439696588516235,-0.00021820318105254173,0.0009283739315747102
2017-12-28,development,0.0030923287340164185,0.0018170911133766174,0.0029755975826263425,0.002628339143339793
2017-12-29,development,0.0013038589002609252,0.00138358417263031,-0.0023691781112670897,0.00010608832054138176
2018-01-02,development,-0.0023030908542633058,-0.0037582850967407223,-0.000472358607673645,-0.0021779115195592245
2018-01-03,development,0.010262726552070188,0.007733013247489929,0.01015713222427368,0.009384290674611266
2018-01-04,development,0.005805374059867858,0.005699266428565978,0.005255447235107421,0.005586695907847086
2018-01-05,development,0.010962677084827423,0.007860279486656189,0.009568672633171082,0.009463876401551564
2018-01-08,development,0.002357978086185455,0.001761842338180542,0.0013262468936920165,0.0018153557726860046
2018-01-09,development,0.005166672289657593,0.004964149318234157,0.004172923204803467,0.004767914937565072
2018-01-10,development,-0.0034058610573768616,-0.002887975183105469,-0.005987877694702148,-0.004093904645061493
2018-01-11,development,-0.002234219271659851,-0.0020555330743789674,-0.00576890073184967,-0.0033528843592961627
2018-01-12,development,0.006699263681602478,0.005638761626434326,0.0030885889501571654,0.0051422047527313235
2018-01-16,development,0.007913240079784393,-0.00027035338821411133,0.005616868865776062,0.004419918519115448
2018-01-17,development,0.00571104846792221,0.007935608106708526,0.005484560044944429,0.006377072206525055
2018-01-18,development,0.0007382421492576599,0.007771080281066894,0.0014015180339813232,0.003303613488101959
2018-01-19,development,0.003478178320789337,0.007750600116348266,0.006717965671157837,0.00598224803609848
2018-01-22,development,-0.006510329066085815,-0.00556943554573059,-0.005088811861228943,-0.005722858824348449
2018-01-23,development,-0.0006463517147490024,-0.0049093355423927305,-0.0031200644385337827,-0.0028919172318918386
2018-01-24,development,0.0021912768132686614,0.0018617952324867248,0.0043118004353523256,0.002788290827035904
2018-01-25,development,0.0013932082181453704,0.0024367207956314087,0.0016339751287460327,0.0018213013808409371
2018-01-26,development,-0.002647020801067352,-0.0032602474306106565,-0.004746893181705475,-0.003551387137794494
2018-01-29,development,-0.009252677401685715,-0.004824613239097595,-0.00906225893125534,-0.0077131831906795505
2018-01-30,development,0.007269332583284378,0.007514343873481129,0.0063322087455749505,0.007038628400780153
2018-01-31,development,0.005362875508499145,0.005056541214942932,0.010366928618335724,0.0069287817805926
2018-02-01,development,-0.009838252444219589,-0.007497789728164672,-0.011674146890068054,-0.009670063020817438
2018-02-02,development,0.006628399708557129,-0.0024218544949531555,0.003211640692138672,0.002472728635247548
2018-02-05,development,-0.005751711716890335,-0.007624230378341674,-0.009298050435352326,-0.007557997510194778
2018-02-06,development,0.0028511948583602904,0.005033727407741546,0.005204086353208111,0.004363002873103316
2018-02-07,development,-0.004118899439001083,-0.009608036960220336,-0.00909911743812561,-0.00760868461244901
2018-02-08,development,-0.008789343869304656,-0.01062802282371521,-0.01279391600408554,-0.010737094232368469
2018-02-09,development,0.006258297059011459,0.00318142946434021,0.00701734497756958,0.005485690500307083
2018-02-12,development,0.005399200410842895,0.004026013188171387,0.007164263324832916,0.0055298256412824
2018-02-13,development,0.002073612558551121,0.0015167858282089232,0.001248384133720398,0.0016129275068268141
2018-02-14,development,-0.007018291992950439,-0.010991079019451141,-0.007269593852138519,-0.008426321621513367
2018-02-15,development,0.002925664366340637,-0.000015265694904327393,0.00577451808347702,0.002894972251637777
2018-02-16,development,0.001154168301963806,-0.0014888271883010864,-0.003855474229907989,-0.001396711038748423
2018-02-20,development,-0.0012017104305267333,-0.0008383384456634521,-0.0013184290934562682,-0.0011194926565488178
2018-02-21,development,0.0026650655369758604,0.004214517811082124,0.0014865519695281982,0.0027887117725287278
2018-02-22,development,0.0002648663345336914,-0.0013899134350776673,0.003859563369464874,0.0009115054229736326
2018-02-23,development,-0.0011538375884056092,0.0005191305373191833,0.0025783913873672483,0.0006478947787602741
2018-02-26,development,0.002960433578300476,0.00017908526973724363,0.004716161629962921,0.002618560159333547
2018-02-27,development,-0.016531364326381682,-0.017753569103622437,-0.015673731516594125,-0.016652888315532747
2018-02-28,development,-0.005957232843494415,-0.0037609157797813416,-0.0018766718527793884,-0.0038649401586850485
2018-03-01,development,0.0016348596906661987,0.001261839793586731,-0.00023979892196655271,0.0008856335207621256
2018-03-02,development,-0.008782244480895996,-0.010783820414447785,-0.009314787938308715,-0.009626950944550832
2018-03-05,development,-0.00598854469127655,-0.00749944697856903,-0.008643494576931,-0.00737716208225886
2018-03-06,development,-0.0003850213642741204,0.0011307179644584656,-0.00004743202772140503,0.00023275485748764673
2018-03-07,development,0.0016156371346473693,0.0018834488130569458,0.00341735026845932,0.002305478738721212
2018-03-08,development,0.0024864365918159485,0.008118300768852234,0.005035142091274261,0.005213293150647481
2018-03-09,development,0.009149885055828094,0.005861417701816559,0.010254728532218933,0.00842201042995453
2018-03-12,development,-0.004043897011756897,-0.003304178264045715,-0.005571973376750946,-0.004306682884184519
2018-03-13,development,9.226961040496826e-6,0.002504489443819284,-0.00018915879478454588,0.0007748525366917451
2018-03-14,development,-0.0003843777756690979,-0.002720002300834656,-0.0025267048068046568,-0.001877028294436137
2018-03-15,development,0.00574462935886383,0.0029388932348251343,0.0047775256939888,0.004487016095892588
2018-03-16,development,0.0022288840315818786,-0.0005138048697471619,0.0008598422013282776,0.0008583071210543315
2018-03-19,development,0.0005571255718231201,-0.0015022615320205688,0.00018782768383026122,-0.00025243609212239585
2018-03-20,development,0.007940353852939605,0.00796721466369629,0.008292675640196132,0.008066748052277342
2018-03-21,development,-0.0007818849077224731,-0.004790062892627716,-0.003591365661716461,-0.0030544378206888833
2018-03-22,development,-0.005930777242851257,-0.005110692755699158,-0.008595396393013,-0.006545622130521139
2018-03-23,development,-0.0036845388702392576,-0.0022434277083396913,-0.0034199935851097103,-0.003115986721229553
2018-03-26,development,0.006777561336135864,0.0032061109982490536,0.008443744014263153,0.006142472116216023
2018-03-27,development,-0.003405008921396207,-0.00026167330656051637,-0.005833338824176788,-0.0031666736840445034
2018-03-28,development,-0.003862896190166473,-0.003291446710586548,-0.0049544653766632075,-0.0040362694258054095
2018-03-29,development,0.0007733711150169372,0.001942036967086792,0.0015665457126617431,0.0014273179315884906
2018-04-02,development,0.0036069939554214474,0.002922167084789276,0.0026060941067695617,0.0030450850489934286
2018-04-03,development,0.011631842352581023,0.008901735093307495,0.010848159167289734,0.010460578871059417
2018-04-04,development,-0.004333908274745941,-0.0047105732077666745,-0.006422806659507751,-0.005155762714006789
2018-04-05,development,0.000133033251953125,0.0026944382586479186,0.0020790645857810975,0.0016355120321273804
2018-04-06,development,-0.0073357746212959285,-0.006526220444393158,-0.006874363221549987,-0.006912119429079691
2018-04-09,development,0.0005236128181457519,0.001218178978061676,0.00477454970331192,0.002172113833173116
2018-04-10,development,-0.00006993209466934203,-0.001734479129600525,-0.0033407521584679603,-0.001715054460912609
2018-04-11,development,-0.005180480788326263,-0.0034469956071853636,-0.0024668446756362914,-0.0036981070237159727
2018-04-12,development,0.00448662225818634,0.003163410025501251,0.0030291435044288635,0.003559725262705485
2018-04-13,development,-0.0017922215130805968,0.0010028963684082031,-0.00047074763078689574,-0.00042002425848642976
2018-04-16,development,0.004330803535366058,0.005351857538509369,0.003485157649707794,0.004389272907861073
2018-04-17,development,0.005077864593948055,0.004090097096729278,0.006231436234474182,0.005133132641717172
2018-04-18,development,0.0015394791641235351,0.0010616321290016174,0.0014926444714546204,0.0013645852548599244
2018-04-19,development,-0.0011774455002784728,-0.00021206315975189207,-0.00020948334760665892,-0.000532997335879008
2018-04-20,development,0.00039311102914810176,0.006227093426227569,-0.0005714471891403198,0.0020162524220784504
2018-04-23,development,-0.0038690026250362396,-0.0010984511190414428,-0.002482690821266174,-0.0024833815217812855
2018-04-24,development,-0.00604937119178772,-0.0016582348438670153,-0.007981817369365691,-0.005229807801673476
2018-04-25,development,-0.0019200664381980896,-0.0024166654521942136,0.0022287534324645997,-0.0007026594859759011
2018-04-26,development,-0.005641515183162689,-0.006409752366065979,-0.0005280760019302368,-0.0041931145170529685
2018-04-27,development,0.00048363400139808655,-0.0017185993503570556,-0.0018014434432029724,-0.0010121362640539804
2018-04-30,development,0.0018612005217552184,-0.0007239890300750733,0.0022546142583847045,0.00113060858335495
2018-05-01,development,0.005688601839113235,0.0059370125942230225,0.0014258469433463576,0.004350487125560872
2018-05-02,development,-0.001990182884645462,0.0002928466230392456,-0.0003262030488967895,-0.0006745131035010019
2018-05-03,development,0.004553593752574921,0.005065569047546387,0.010075763953113555,0.0065649755844116205
2018-05-04,development,-0.004840956803941726,-0.0035065883125305172,0.00004316482515335083,-0.0027681267637729642
2018-05-07,development,-0.0020238354727745056,0.002084657009124756,0.00045767364530563355,0.00017283172721862793
2018-05-08,development,0.0015913050821581363,0.004398855121612548,0.005506755248069763,0.0038323051506134824
2018-05-09,development,0.004206500961112976,0.004138441843032837,0.0055002756064414975,0.004615072803529103
2018-05-10,development,0.001942810677909851,-0.0034482117221832274,0.0017247032656669617,0.00007310074046452844
2018-05-11,development,0.010833863465213775,0.0055711921100616455,0.008485680048561095,0.008296911874612171
2018-05-14,development,-0.003497273543834686,0.00031514691333770753,-0.0009188849777221679,-0.0013670038694063823
2018-05-15,development,-0.0008880760642051696,-0.00042468087077488886,-0.006204616639900207,-0.002505791191626755
2018-05-16,development,-0.0021201523713111877,-0.002441143657684326,-0.0026320049476623534,-0.002397766992219289
2018-05-17,development,0.00133948591299057,0.0048855126638412474,0.0005542219310760497,0.0022597401693026224
2018-05-18,development,0.0010644684405326842,0.001786837421131134,0.0018073707112312317,0.0015528921909650165
2018-05-21,development,0.002276550402736664,0.0025879606227874755,0.0030350883642196653,0.0026331997965812685
2018-05-22,development,-0.0006230933615684509,-0.00406261833114624,-0.0014670617118756294,-0.0020509244681967734
2018-05-23,development,-0.0012438252325057983,0.0033267283960342407,-0.0004944071298599243,0.0005294986778895061
2018-05-24,development,0.0029525811732292176,0.0020367868067741393,0.004095303358459473,0.00302822377948761
2018-05-25,development,-0.0033262346623420713,0.001250683823776245,0.0004560150590896606,-0.0005398452598253886
2018-05-29,development,-0.008199944427394867,-0.006784414262104034,-0.009038947858047486,-0.008007768849182128
2018-05-30,development,0.0007040460965627192,-0.005482893333244324,-0.00186802819814682,-0.002215625144942808
2018-05-31,development,0.001973338610267639,-0.0029002625408172606,0.003792911029052734,0.000955329032834371
2018-06-01,development,0.0007506731630325317,0.0017209395877838135,-0.00259434822807312,-0.00004091182575225834
2018-06-04,development,0.0038048420519828795,0.00481019170255661,0.007286626187419891,0.0053005533139864605
2018-06-05,development,0.0012811187728881835,-0.00004442035554580725,-0.0015414712092399595,-0.00010159093063252778
2018-06-06,development,-0.003276254411792755,-0.005068285362529754,-0.003124271247577667,-0.0038229370073000588
2018-06-07,development,-0.003276693396091461,-0.0037581518996238706,-0.0035805838371276853,-0.003538476377614339
2018-06-08,development,-0.0004647075138092041,0.00014613104496002195,-0.0013961617253303528,-0.000571579398059845
2018-06-11,development,-0.004994610169696808,-0.0023810024280548096,-0.0033091306383132933,-0.0035615810786883036
2018-06-12,development,-0.00634829034166336,-0.004209653864097595,-0.006432192354340268,-0.005663378853367075
2018-06-13,development,0.004081201128005981,0.0023327009652137757,0.009621121641635894,0.00534500791161855
2018-06-14,development,-0.0019386452425003051,-0.001428537323474884,-0.0006602295227527618,-0.0013424706962426502
2018-06-15,development,-0.0035045166235923766,-0.0022431263600349426,-0.00456430054154396,-0.003437314508390426
2018-06-18,development,-0.0006922022269248962,0.0003449864508628845,-0.0007611072803497314,-0.0003694410188039144
2018-06-19,development,-0.013188807003988553,-0.0074299260832786556,-0.011370517429924011,-0.010663083505730406
2018-06-20,development,-0.008610899443340302,-0.009469335945320128,-0.0042810752670764925,-0.007453770218578974
2018-06-21,development,0.011088306697463989,0.011615653011608123,0.007773665250110626,0.010159208319727579
2018-06-22,development,-0.012662509724330901,-0.006980253993892669,-0.011601128875684737,-0.010414630864636102
2018-06-25,development,-0.004593196962165832,-0.002153200624656677,0.0006869466246128082,-0.0020198169874032336
2018-06-26,development,-0.0006620664994239807,0.0005245163793827772,0.00007042599844932555,-0.000022374707197292646
2018-06-27,development,0.0026708294377326964,-0.006376746537399292,-0.000642037304019928,-0.0014493181345621743
2018-06-28,development,0.0042209375740051265,0.006819796275711059,0.0022036895565032957,0.00441480780207316
2018-06-29,development,-0.0033200993451118466,-0.0006932818187475204,-0.00046718597235679627,-0.0014935223787387209
2018-07-02,development,0.0020263907618522643,0.009771934640979767,0.003929565727567672,0.005242630376799902
2018-07-03,development,-0.006718935947704315,-0.0067011732055902475,-0.006770003552962637,-0.0067300375687524
2018-07-05,development,-0.0035633141883850096,-0.0017950313309669495,-0.0028819922234535216,-0.002746779247601827
2018-07-06,development,-0.0077036282508850095,-0.006447753414046764,-0.006517388349676132,-0.006889590004869301
2018-07-09,development,0.005946400628089905,0.005936544713592529,0.004815146053981781,0.005566030465221405
2018-07-10,development,0.007078907154725694,0.0043743465300917625,0.005259265333700179,0.005570839672839212
2018-07-11,development,0.007822917936325073,0.001079411490368843,0.0016878075335502623,0.0035300456534147263
2018-07-12,development,0.005282556256866455,0.007204964082324504,0.007599594327878952,0.006695704889023303
2018-07-13,development,-0.0021738118822097778,-0.00008153677477836608,-0.001459172511768341,-0.0012381737229188283
2018-07-16,development,0.011022463423728942,0.007940169456338882,0.010680578694534301,0.009881070524867376
2018-07-17,development,0.0003982867832183838,-0.0004822559329239782,-0.002392728622817993,-0.0008255659241745292
2018-07-18,development,0.008957998940467834,0.005695534429836273,0.010263459485054015,0.008305664285119375
2018-07-19,development,-0.006211052346420288,-0.005157931610012054,-0.008755236371660232,-0.006708073442697524
2018-07-20,development,0.0031521388019561765,0.003700926509475708,0.003892186752605438,0.0035817506880124407
2018-07-23,development,0.0028623180934906007,0.0031725717280387876,0.0037527229733943937,0.0032625375983079273
2018-07-24,development,0.0029164405040740964,0.003908404458999633,0.002741433163920499,0.003188759375664743
2018-07-25,development,0.010966425819778441,0.012335919537353515,0.00591892975616455,0.009740425037765501
2018-07-26,development,-0.01015077578639984,-0.004694295177650452,-0.006906746835708618,-0.007250605933252971
2018-07-27,development,0.0003815015737533569,0.0035738707874298095,0.001810494766998291,0.0019219557093938192
2018-07-30,development,-0.00803121388759613,-0.005663207412624359,-0.0011706635012626648,-0.004955028267161051
2018-07-31,development,-0.0010339824870877273,0.006018979347419739,0.00220274195690155,0.0023959129390778537
2018-08-01,development,0.008429245014095307,0.008936399583530426,0.004398615915966034,0.007254753504530589
2018-08-02,development,0.004587460948753357,0.006402849042129516,0.004004671022033691,0.0049983270043055215
2018-08-03,development,-0.003549667963027954,-0.004409135682106018,0.0013566160375595093,-0.002200729202524821
2018-08-06,development,0.00003450633554458618,-0.00303973308763504,-0.0026230089104652406,-0.0018760785541852315
2018-08-07,development,0.004859837887096405,-0.0012558167775367259,-0.0011255267916679382,0.0008261647726305802
2018-08-08,development,0.004956576801395416,0.006017106950569152,0.005406373007297516,0.005460018919754028
2018-08-09,development,0.008730320574951171,0.00845229702205658,0.005450319412994385,0.007544312336667379
2018-08-10,development,-0.009918698336601257,-0.006161802717304229,-0.01158769997253418,-0.00922273367547989
2018-08-13,development,-0.000956736964225769,-0.0033436307746887205,-0.0002751162733078003,-0.00152516133740743
2018-08-14,development,0.0007794362623214722,0.0012577232904434203,0.004803613006773691,0.0022802575198461942
2018-08-15,development,0.0035311019736289978,0.003206911600399017,0.0017610057226344943,0.0028330064322208363
2018-08-16,development,0.0017499672791481018,0.0007636741249084472,0.001228361448381096,0.0012473342841458816
2018-08-17,development,0.000985620418357849,0.0024630447240829466,0.002211087206687033,0.0018865841163759427
2018-08-20,development,-0.0006914511664390564,0.0006377674711227416,-0.0014288814299590884,-0.000494188375091801
2018-08-21,development,-0.0032536651488295557,-0.005798920662784576,-0.005961971157351881,-0.005004852322988671
2018-08-22,development,0.0014710855232238768,-0.0004050779800415039,-0.001258998567932844,-0.0000643303415834904
2018-08-23,development,0.001579590562057495,0.00032370224380493163,0.0005888165626600385,0.0008307031228408217
2018-08-24,development,0.002918701942062378,0.0014560666783332823,0.003011391625127941,0.0024620534151745337
2018-08-27,development,-0.004154814002799987,-0.0025716415329933165,-0.0007217363350898028,-0.0024827306236277023
2018-08-28,development,0.005546632980823516,0.0007434210802159309,0.006334027249263971,0.004208027103434473
2018-08-29,development,-0.0005005982753753662,0.0003689429226875305,-0.0013810475331507623,-0.0005042342952795326
2018-08-30,development,0.004012880307388306,0.0015415386095046996,0.0024577727443702516,0.002670730553754419
2018-08-31,development,0.002863901224422455,0.003071612561511993,0.004540287740280479,0.0034919338420716425
2018-09-04,development,0.002288447922515869,0.0005404901414871215,0.0015769899997152388,0.0014686426879060765
2018-09-05,development,-0.005722849973869323,-0.0009828826407432556,-0.0012064482595016462,-0.0026373936247047415
2018-09-06,development,0.005837593456935883,0.00865469950428009,0.006105053863285481,0.006865782274833819
2018-09-07,development,-0.0006693162791252136,-0.00016744069480895994,-0.0027392914584718642,-0.001192016144135346
2018-09-10,development,0.0008088780782699585,-0.00021577916660308838,-0.004906889503989369,-0.001437930197440833
2018-09-11,development,0.001903236501231575,-0.0013033362487792969,-0.0010380495620727539,-0.00014604976987349195
2018-09-12,development,-0.005005891954517365,-0.006265438870716095,-0.0019754421530365942,-0.004415590992756685
2018-09-13,development,0.005240311675930023,0.004753855163574219,0.003948736906276643,0.004647634581926962
2018-09-14,development,-0.004325621076011658,0.0013521654478073119,0.0007339836557641625,-0.0007464906574800612
2018-09-17,development,-0.012638756025791167,-0.009482012856388092,-0.007349951103392988,-0.009823573328524083
2018-09-18,development,-0.0011207151892662047,-0.003709908583779812,-0.003273030282732099,-0.0027012180185927055
2018-09-19,development,-0.0017084716114997864,-0.007689954676818847,-0.0019202829084716737,-0.003772903065596769
2018-09-20,development,-0.0010728324173927307,0.0018377059309005737,0.00042556778132319447,0.00039681376494367913
2018-09-21,development,0.0034846592340469357,0.003136071231842041,0.0012344532749518752,0.002618394580280284
2018-09-24,development,0.0014610363943099974,0.006321350691413879,-0.0001646993217639625,0.0025392292546533046
2018-09-25,development,0.004670462959384918,0.008735622714424133,0.005386477950041904,0.006264187874616985
2018-09-26,development,0.0010159282318115235,0.004389795008277893,0.0019137755498886107,0.0024398329299926756
2018-09-27,development,0.00251912055606842,0.0036380198040008543,0.0033035263319015503,0.0031535555639902748
2018-09-28,development,0.003450224355125427,0.006764695616340637,0.005715565935516357,0.00531016196899414
2018-10-01,development,0.0010868317986488343,-0.007885964103507996,-0.0033067393293380737,-0.003368623878065745
2018-10-02,development,-0.0009855248020852086,-0.0027007849084854127,-0.003736847233200073,-0.002474385647923565
2018-10-03,development,-0.006350119086074829,-0.005566971294212341,-0.0020052577968597413,-0.004640782725715637
2018-10-04,development,0.0031092136430740354,-0.0008923871162414551,0.0008324473085403441,0.0010164246117909748
2018-10-05,development,0.005224055938148498,0.008207303712272645,0.008137330375099183,0.007189563341840108
2018-10-08,development,0.003991064102363586,0.00022093502292633055,0.0009771194448471069,0.0017297061900456746
2018-10-09,development,0.0045211577636718745,0.0026893830854429245,0.005101129105567932,0.004103889984894244
2018-10-10,development,0.00045563621959686276,-0.007740300331497192,-0.0030191762151718137,-0.0034346134423573807
2018-10-11,development,0.0010464599922180176,0.002892485294151306,-0.003354469543075561,0.0001948252477645874
2018-10-12,development,-0.0028034895750045775,0.005322901734447479,0.0048121499092102045,0.0024438540228843685
2018-10-15,development,-0.004942415726852417,-0.005997680571842193,-0.004292771656036377,-0.005077622651576996
2018-10-16,development,-0.00300323770198822,0.004549208649158478,-0.0029026123914549797,-0.00045221381476157394
2018-10-17,development,0.0008290404598236084,0.007195594538021087,0.005465317204284668,0.004496650734043122
2018-10-18,development,0.005635866919517517,0.00152350268535614,0.00751834191455841,0.0048925705064773554
2018-10-19,development,0.006613693535804748,-0.0010300325316429137,0.004602820769882202,0.0033954939246813452
2018-10-22,development,0.014085275142860412,0.011921245894432067,0.0036066761512756344,0.009871065729522704
2018-10-23,development,-0.006597936324657679,-0.0030983607659339904,-0.005507973357391357,-0.005068090149327675
2018-10-24,development,0.0009307130518913269,0.0018178989922523498,0.009698265797805786,0.004148959280649821
2018-10-25,development,-0.0030640666123390196,0.0016839622227668761,-0.0013156767370224,-0.0008985937088648478
2018-10-26,development,0.0021100430109024047,-0.002811907937812805,-0.0008081234230041504,-0.0005033294499715169
2018-10-29,development,-0.0010596218468666076,-0.000720481733417511,-0.00662860047454834,-0.00280290135161082
2018-10-30,development,-0.007569846686172485,-0.007692047887587696,-0.008944562318801879,-0.008068818964187353
2018-10-31,development,-0.0029413689036369324,-0.001155149360877648,-0.004165146407890319,-0.0027538882241349666
2018-11-01,development,-0.006488111306285858,-0.01321592296803072,-0.012884559262275695,-0.010862864512197423
2018-11-02,development,0.00539227299118042,0.0022320051311008633,0.00934606578502655,0.005656781302435944
2018-11-05,development,0.0007472100694656371,0.005163704637288675,0.001428828984260559,0.0024465812303382903
2018-11-06,development,0.001421612239742279,0.00455635381296277,0.0038681162467059604,0.003282027433137003
2018-11-07,development,0.013822952012825011,0.01360409121639952,0.01454649412460327,0.013991179117942601
2018-11-08,development,-0.0020280373498916624,-0.000578831774745509,0.005372343785762786,0.0009218248870418716
2018-11-09,development,0.003977121714782715,0.004557613769544661,0.006262391280174255,0.00493237558816721
2018-11-12,development,0.0046768452834129335,0.009270405494926125,0.0045526954759597775,0.006166648751432945
2018-11-13,development,-0.005791670411739749,-0.004120210113926604,-0.004220768982219696,-0.00471088316929535
2018-11-14,development,-0.0035058271341219544,-0.004910569326666742,-0.004384199942970276,-0.004266865467919657
2018-11-15,development,-0.0015360341686598957,0.0034884351966250685,0.0014500053878784178,0.0011341354719478635
2018-11-16,development,-0.0052336368721097705,-0.004423134641443192,-0.004411728212356567,-0.00468949990863651
2018-11-19,development,-0.00031627738479226826,-0.005308759227474778,0.0025967015494346617,-0.0010094450209441285
2018-11-20,development,0.005163733833009749,-0.0010790023179275653,-0.0012539408616065977,0.0009435968844918619
2018-11-21,development,0.0009714203117288649,0.0021244889829874036,-0.002267453517913818,0.00027615192560081673
2018-11-23,development,-0.00661425976588726,-0.0034495242944955823,-0.00022082552080154418,-0.0034282031937281285
2018-11-26,development,0.004474773626385629,0.0037641668531417844,0.0006378655824661255,0.002958935353997846
2018-11-27,development,0.004192474426710605,0.003458267777323723,0.005765047268815278,0.004471929824283202
2018-11-28,development,0.001091242889688909,0.005681060078883171,0.006404810541534424,0.004392371170035501
2018-11-29,development,0.001594435981272161,0.003219072869181633,0.0008555652138710022,0.001889691354774932
2018-11-30,development,0.003752528411991149,0.00023502033569812773,0.0014950458981513976,0.0018275315486135583
2018-12-03,development,0.00470176491593644,0.004937439230728149,0.002391410924911499,0.0040102050238586965
2018-12-04,development,0.0048921521231390245,0.0011320874294519425,0.004171374862766266,0.003398538138452411
2018-12-06,development,0.0037537088583946224,0.0019205734899044036,0.004641736410140991,0.003438672919480006
2018-12-07,development,-0.0015173713868141174,-0.0069062985133171075,-0.00380032687997818,-0.004074665593369802
2018-12-10,development,0.00034608877000808717,0.0026852580825328827,0.0011520036920547485,0.001394450181531906
2018-12-11,development,0.0027449468349456784,0.001585218756521344,0.002914501397514343,0.002414888996327122
2018-12-12,development,-0.003962397307872772,-0.0012765605777025223,-0.005947068365383148,-0.0037286754169861477
2018-12-13,development,0.005408791869068145,0.0032212737498044965,0.006708016384410858,0.0051126940010945
2018-12-14,development,-0.0019482045183181762,-0.006680948171591758,-0.004690312822818756,-0.00443982183757623
2018-12-17,development,-0.005761933908653259,-0.0020963923667430876,-0.010422952103996276,-0.006093759459797541
2018-12-18,development,-0.0004766463418006897,-0.0002301352443218231,-0.0004902281289487362,-0.000399003238357083
2018-12-19,development,0.002253102875137329,-0.00037329428005218504,-0.0017956632671356201,0.00002804844264984125
2018-12-20,development,-0.005705066589832305,-0.00576786081726551,-0.005236419700336456,-0.005569782369144758
2018-12-21,development,0.004502495738697052,0.003509959775948524,0.006353634960746765,0.004788696825130781
2018-12-24,development,-0.017027961595916748,-0.014724042847824095,-0.01263343149394989,-0.014795145312563577
2018-12-26,development,0.004267642934506834,0.004593835314393043,0.005972644860267639,0.004944707703055839
2018-12-27,development,0.008796931573081016,0.005396585013699532,0.005491443478107452,0.006561653354962667
2018-12-28,development,0.0009841751661777496,-0.00033198092560768127,-0.001518709600353241,-0.0002888384532610575
2018-12-31,development,0.003473526694059372,0.0028434848105907437,0.002463951414108276,0.002926987639586131
2019-01-02,development,-0.009924320167660712,-0.01026177370928992,-0.007868946073246001,-0.009351679983398878
2019-01-03,development,-0.009585014500689507,-0.002504682989025116,-0.0031809664260864256,-0.005090221305267016
2019-01-04,development,-0.00015400521800518034,-0.0012995262132644652,0.003220614702415466,0.0005890277570486069
2019-01-07,development,-0.013275348409628868,-0.013231481042861938,-0.00873408219089508,-0.011746970547795296
2019-01-08,development,-0.004261473931384086,-0.00449679447555542,-0.0051800371099441295,-0.004646101838961212
2019-01-09,development,-0.0014694744376420974,-0.0005634918664932251,-0.0015321274409770965,-0.0011883645817041396
2019-01-10,development,0.005251510348320007,0.0008391065763473511,-0.0023641015498161314,0.0012421717916170757
2019-01-11,development,-0.002570357033538818,-0.00043343316860198973,-1.795343494415283e-6,-0.0010018618485450744
2019-01-14,development,0.0008337363875627517,0.0003305083219528198,-0.0017319658075809479,-0.0001892403660217921
2019-01-15,development,0.003864760219343494,0.0016608498516082764,0.002400862217283249,0.0026421574294116733
2019-01-16,development,-0.0003377792205356061,0.0005714423561096191,-0.00040334123792648313,-0.000056559367450823375
2019-01-17,development,-0.003281450844786316,-0.004028537690544128,-0.0028396636516094206,-0.003383217395646622
2019-01-18,development,-0.0021828575243860483,-0.0030947421951293946,-0.002479377546548843,-0.002585659088688095
2019-01-22,development,0.0114596515147537,0.012213782019233703,0.009579476522874832,0.011084303352287411
2019-01-23,development,0.00827430018440932,0.008886512866576863,0.008131117859888076,0.008430643636958087
2019-01-24,development,-0.010320178518960624,-0.010496090467453003,-0.00720373365316391,-0.009340000879859178
2019-01-25,development,-0.00836693547008112,-0.009632148552322388,-0.007471031458044052,-0.008490038493482519
2019-01-28,development,0.0005996136826388538,0.001088281593608856,-0.0007857793395519257,0.00030070531223192804
2019-01-29,development,0.0012902119805291296,-0.0003252254940986633,0.0006518132832311869,0.0005389332565538844
2019-01-30,development,-0.0006727422203458845,0.001490160496330261,0.00006428216409683228,0.0002939001466937363
2019-01-31,development,-0.00009161340028569102,-0.0023750586627960205,-0.00371034620347023,-0.0020590060888506473
2019-02-01,development,0.0004517296712167561,-0.00014885290784835814,0.001841163779735565,0.0007146801810346544
2019-02-04,development,0.0023510293573156,-0.0043406095162391665,-0.0017573145278930663,-0.0012489648956055443
2019-02-05,development,-0.0030405806711075694,-0.0022563670216560363,-0.0016042102334499358,-0.002300385975404514
2019-02-06,development,-0.0006413816679954529,0.00021717175455093383,0.001060852537870407,0.00021221420814196263
2019-02-07,development,0.0251440425283432,0.01254186407546997,0.013961275683641434,0.017215727429151534
2019-02-08,development,0.002168934577465057,0.004928559242343903,0.003999288846874237,0.0036989275555610658
2019-02-11,development,-0.0021008815084457397,-0.0025242410776138303,-0.002926894704055786,-0.0025173390967051187
2019-02-12,development,-0.009442089758110046,-0.006309904971978783,-0.00728069772157669,-0.007677564150555173
2019-02-13,development,-0.0026658456964492798,-0.0018141497034072874,-0.0019996114179611207,-0.0021598689392725626
2019-02-14,development,0.0023625678016662597,-0.000024654958963394165,0.00040257036957740784,0.0009134944040934245
2019-02-15,development,-0.0036218503156661987,-0.008840077426815033,-0.0005352281549453735,-0.004332385299142202
2019-02-19,development,-0.0034368824809074402,-0.002169867305278778,-0.003802958592700958,-0.003136569459629059
2019-02-20,development,-0.004522504100894928,-0.001527420214653015,-0.003616616943242026,-0.0032221804195966563
2019-02-21,development,0.0027379573118209836,0.007567748730325698,0.0007583379803180694,0.003688014674154917
2019-02-22,development,-0.002122062183666229,-0.01385083262386322,-0.01120278972644806,-0.009058561511325836
2019-02-25,development,-0.013466279289340972,-0.01265841542906761,-0.01552598919854164,-0.013883561305650076
2019-02-26,development,0.0017833822287089583,0.0042691542398929595,0.0050097014492511745,0.003687412639284364
2019-02-27,development,-0.007107778467273711,-0.005408403575992584,-0.008808995048332213,-0.007108392363866169
2019-02-28,development,0.007712376341629028,0.00871644135570526,0.00802450832710266,0.008151108674812316
2019-03-01,development,0.00016966914954185484,0.00019418948340415955,-0.004255160128641128,-0.0012971004985650378
2019-03-04,development,-0.00043207698402404783,-0.0018044977308273316,0.0004001193517684936,-0.0006121517876942952
2019-03-05,development,0.0034998806587219237,-0.00035298894536366424,0.00366872781085968,0.002271873174739313
2019-03-06,development,0.00794536893324852,0.008801862707948685,0.013265338096570968,0.010004189912589391
2019-03-07,development,-0.00009005558938980102,-0.00022945299015045164,-0.0027061360913276673,-0.0010085482236226399
2019-03-08,development,0.006513015587902069,0.0027601688931465146,0.005370721705627441,0.004881302062225341
2019-03-11,development,-0.0007255366012573241,-0.0010472468209266662,0.00048642620820999144,-0.0004287857379913329
2019-03-12,development,0.004987155477285385,0.004480713145494461,0.0020771317087355137,0.003848333443838453
2019-03-13,development,0.001966821408700943,0.0018412115245342254,0.00376451966381073,0.0025241841990152995
2019-03-14,development,-0.001956787886619568,-0.0008750455624580383,0.002098615456676483,-0.00024440599746704115
2019-03-15,development,-0.0045950365951538084,-0.0028714256957054138,-0.005027718500995636,-0.004164726930618286
2019-03-18,development,0.0030131428397655487,0.0009290807025432586,0.007140530761146545,0.003694251434485117
2019-03-19,development,0.0034043106799711703,0.0033875642879009245,0.004464288902187347,0.0037520546233531468
2019-03-20,development,-0.004148204736280441,0.0013373519973278044,-0.0006927551038742065,-0.0011678692809422811
2019-03-21,development,0.002518477931976318,-0.001550875306224823,0.0011677070143699645,0.0007117698800404865
2019-03-22,development,0.006709826226854324,0.0129950267639637,0.0009728423026084899,0.006892565097808837
2019-03-25,development,0.004556749340820313,0.004067463628292084,0.003975205411720276,0.004199806126944224
2019-03-26,development,-0.005967418758535385,-0.005850507724702979,-0.005123715144348145,-0.005647213875862169
2019-03-27,development,0.0015383701333999632,0.0038831275012016294,0.002081943031978607,0.0025011468888600664
2019-03-28,development,0.0015517905168533324,0.003764861745357513,0.0011041258891105652,0.0021402593837738034
2019-03-29,development,0.0033848411202430724,0.004270912906837464,0.003544936059951782,0.003733563362344106
2019-04-01,development,-0.005730478681898117,-0.00237579498128891,-0.002741826956653595,-0.0036160335399468744
2019-04-02,development,-0.0007046259214401245,0.0005290354090690613,-0.0013912863199084758,-0.000522292277426513
2019-04-03,development,0.0028267766485214232,0.002730613893508911,0.0019400973739624023,0.0024991626386642457
2019-04-04,development,-0.0014165738277435301,-0.005633190825653076,-0.004240985466003417,-0.003763583373133341
2019-04-05,development,-0.0020403058446884156,-0.005607338597774505,-0.004772454807662964,-0.004140033083375295
2019-04-08,development,0.0013548779040336609,0.0031116468430519104,0.0016115990634918212,0.0020260412701924644
2019-04-09,development,0.00006690566425385477,0.0012892982098579406,0.006665444227409363,0.002673882700507053
2019-04-10,development,-0.0036570464836120603,-0.0066574107882499695,-0.003168476422691345,-0.004494311231517792
2019-04-11,development,0.0014414324910640717,0.001147675689601898,0.0029831246026039123,0.0018574109277566273
2019-04-12,development,0.0001647168686389923,-0.003571003657913208,-0.0007537671294212341,-0.00138668463956515
2019-04-15,development,0.0001014790979862213,0.005127989678096771,0.003299269945812225,0.002842912907298406
2019-04-16,development,-0.009072211185026168,-0.012072859132157015,-0.007766989354419708,-0.00963735322386763
2019-04-17,development,-0.004313818105816841,-0.00896594016315937,-0.00042396217646598815,-0.0045679068151474
2019-04-18,development,0.004653656728625297,0.006925475019335746,0.00561165645031929,0.005730262732760112
2019-04-22,development,-0.00020770394129753113,0.0015419033676624296,0.0009454866059303283,0.000759895344098409
2019-04-23,development,0.006004828684663772,0.0033622638272762296,0.003581050723171234,0.004316047745037078
2019-04-24,development,0.0035579899878025053,0.0032611426868915556,0.0034575399543567654,0.003425557543016942
2019-04-25,development,0.007339678329324722,0.007191800937223434,0.010821751244068145,0.0084510768368721
2019-04-26,development,0.0031118530751228332,0.0013491392687797546,-0.0016402918922424315,0.0009402334838867187
2019-04-29,development,-0.0004590824521541595,0.001703656531381607,0.0020387394883155823,0.0010944378558476766
2019-04-30,development,0.00476758364509654,0.004104799231004715,0.005206846466827392,0.004693076447642882
2019-05-01,development,-0.00655917471036911,-0.004479201601982116,0.007262727490997314,-0.0012585496071179708
2019-05-02,development,0.0011078782014846801,0.0071731871909141535,-0.0024587933040618897,0.001940757362778981
2019-05-03,development,0.011377087768983841,0.007568955560350418,0.009066658424568176,0.009337567251300811
2019-05-06,development,-0.004224293433046341,0.0019578162160396573,-0.002390221597957611,-0.0015522329383214316
2019-05-07,development,0.0027693034880161282,0.003254762689344381,-0.0033871120209693906,0.0008789847187970395
2019-05-08,development,0.0010227277350902558,0.007005870884799957,0.0016277719532966613,0.0032187901910622914
2019-05-09,development,0.0011529448420524596,0.0009320213054656982,0.0061067989793777465,0.0027305883756319677
2019-05-10,development,0.004536563805484771,0.005631255274581909,0.003190603156661987,0.00445280741224289
2019-05-13,development,-0.0046052001281261445,0.001860218954181671,-0.004637962316322327,-0.0024609811634222667
2019-05-14,development,0.003965452125120163,-0.0010878299284934998,0.0019663543202825544,0.001614658838969739
2019-05-15,development,-0.0009405153452396392,0.0005438836959838867,0.0022410093057632446,0.000614792552169164
2019-05-16,development,-0.000022551952552795408,-0.0008920156755447388,-0.0006051663208007812,-0.0005065779829661051
2019-05-17,development,-0.0005371471948146819,0.0017910340375900267,-0.0017958677137374878,-0.00018066029032071432
2019-05-20,development,-0.0004649290871143341,-0.0004932159539222717,-0.0023551411808013915,-0.0011044287406126658
2019-05-21,development,-0.00014680524670727317,0.0017559220443725586,0.00003745265369415283,0.0005488564837864794
2019-05-22,development,0.004745180272388458,0.006418781452274322,0.006100791730117797,0.005754917818260193
2019-05-23,development,0.004787276625680923,0.007493420090103149,0.004525842463302612,0.005602179726362229
2019-05-24,development,0.0017501205947399138,-0.00007601960849761962,0.002938162197589874,0.0015374210612773894
2019-05-28,development,0.00047400348210334777,0.0024895540760040283,0.0015071002423286436,0.0014902192668120066
2019-05-29,development,0.0005758972154617309,-0.0008764173422852035,0.0019746154404640197,0.0005580317712135157
2019-05-30,development,0.011963774937438965,0.005958575018644332,0.014234171995067596,0.010718840650383631
2019-05-31,development,0.004543518768024444,0.0028941785450458525,0.0016243863903999329,0.0030206945678234102
2019-06-03,development,-0.0021091576912879943,-0.012594541829967498,-0.002729279103279114,-0.0058109928748448685
2019-06-04,development,0.004822086257886886,0.0035644301543235777,0.009507982625727197,0.005964833012645887
2019-06-05,development,0.014657755327415466,0.007144646447610855,0.013341754066562652,0.011714718613862992
2019-06-06,development,0.0036113117653369903,0.0037966267724990842,0.0023423568887233734,0.003250098475519816
2019-06-07,development,0.004028361440896988,0.004727111109733582,0.005458745737600326,0.0047380727627436316
2019-06-10,development,0.0018869748658180236,0.010416346355438233,0.005132045152664184,0.0058117887913068135
2019-06-11,development,0.00008215337191002364,-0.0015236992557525633,-0.0001397653356075287,-0.0005271037398166895
2019-06-12,development,0.0032912776295661926,0.006264265144824982,0.0036333581656455994,0.004396300313345591
2019-06-13,development,-0.006333591100025177,-0.007251663866138458,-0.00862513373746872,-0.007403462901210785
2019-06-14,development,0.003346070465660095,0.0032444950901031494,0.0015994148876190184,0.002729993481127421
2019-06-17,development,-0.0014937310277938843,-0.004144978814029693,-0.0021171708251953125,-0.002585293555672963
2019-06-18,development,0.0019612415680885314,0.0013566092923748977,0.0027400091418266297,0.0020192866674300196
2019-06-19,development,0.005617435004997253,0.0050984370249748225,0.005258585880279541,0.005324819303417205
2019-06-20,development,0.0009043348134517669,-0.00012681297106742858,0.004930168696975708,0.0019025635131200154
2019-06-21,development,0.007696286582756042,0.006024048128414154,0.0031303257490634916,0.005616886820077896
2019-06-24,development,0.004998014642238617,0.004350952504730225,0.00276256981010437,0.00403717898569107
2019-06-25,development,0.0004932599453926086,0.0014714776168823242,-0.003093750443981886,-0.0003763376272356512
2019-06-26,development,-0.0026328915842056275,-0.007405585511684417,-0.006211833074235916,-0.005416770056708653
2019-06-27,development,-0.00040831818261146546,0.00042923938851356506,-0.00024495068559646606,-0.00007467649323145549
2019-06-28,development,-0.0006528858728408814,-0.002145781430530548,-0.003310036839580536,-0.002036234714317322
2019-07-01,development,0.004278703535461425,0.011111010229969024,0.00992331012353897,0.008437674629656474
2019-07-02,development,0.009457629524669362,0.01147861536669731,0.011201291222333907,0.010712512037900192
2019-07-03,development,0.0022138055907249448,-0.001068117996406555,0.002298636665487289,0.001148108086601893
2019-07-05,development,0.0006582305371284485,0.00003989007987976074,0.002206403156042099,0.0009681745910167694
2019-07-08,development,0.0038729872763633728,0.0017978986573219298,0.00402493242111206,0.003231939451599121
2019-07-09,development,0.00032687250208854676,-0.0017271870944756986,0.00004196382527351379,-0.0004527835890378794
2019-07-10,development,0.0035726684185028073,0.00007793005266189575,-0.00044473559684753415,0.001068620958105723
2019-07-11,development,0.005949299106884002,0.007322365908098221,0.010941134683418273,0.008070933232800165
2019-07-12,development,0.002367773014354706,0.0008773411365509033,0.0029193526624679564,0.0020548222711245217
2019-07-15,development,0.004450364004611969,0.0021391060205459595,0.00340753574347496,0.0033323352562109627
2019-07-16,development,0.0006666312671661376,0.003375615958881378,0.0019264363460778236,0.0019895611907084464
2019-07-17,development,-0.005071145200443268,-0.006562991361236572,-0.005494378539562225,-0.005709505033747355
2019-07-18,development,0.006324618087291717,0.008123914018058776,0.00926877072429657,0.007905767609882354
2019-07-19,development,-0.006622909993314743,-0.009247684400606155,-0.004649039786148071,-0.00683987806002299
2019-07-22,development,0.004918831006908417,0.004594045846843719,0.0009077858798027038,0.0034735542445182795
2019-07-23,development,0.0011183818067924498,-0.0009308725771427154,-0.0008834486740112304,-0.00023197981478716533
2019-07-24,development,-0.0058611451900482175,-0.00905397812833786,-0.006704046650218964,-0.007206389989535014
2019-07-25,development,0.006708261130666733,0.016806966690397263,0.01388500008430481,0.012466742635122936
2019-07-26,development,-0.010137980122804641,-0.0009403900711536407,-0.0043857913972854615,-0.005154720530414581
2019-07-29,development,0.00026313274064064025,0.0013577167905330658,0.0024806517477989195,0.0013671670929908753
2019-07-30,development,-0.004606982179546356,-0.009323189327733612,-0.00910360196647644,-0.007677924491252136
2019-07-31,development,-0.003538948511505127,-0.004313889571380615,0.006142799990272522,-0.0005700126975377399
2019-08-01,development,0.0033092593532085416,0.009664783259010315,0.0030332665855407714,0.0053357697325865415
2019-08-02,development,-0.0031361113803386686,-0.0017237629691123962,-0.005275524370288848,-0.0033784662399133046
2019-08-05,development,-0.003926263906383514,-0.008845790060138702,-0.005605271024227142,-0.006125774996916453
2019-08-06,development,0.009374717017173767,0.008139436356258392,0.013256932463462923,0.010257028612298361
2019-08-07,development,-0.010075411948919295,-0.00267805847826004,-0.0034887734476566315,-0.005414081291611989
2019-08-08,development,0.01805919899702072,0.01365783186545372,0.02092396783361435,0.01754699956536293
2019-08-09,development,0.010469438448810577,0.008332458033084869,0.004762529062986374,0.007854808514960607
2019-08-12,development,0.0013827547385692595,0.004670123621463775,0.0004699849452972412,0.0021742877684434252
2019-08-13,development,0.004730699214115953,0.003430592503261566,0.005049235780858993,0.004403509166078837
2019-08-14,development,-0.008435671306800842,-0.0038943895060062407,-0.006628246386003494,-0.006319435732936859
2019-08-15,development,0.0004124615310192108,0.01069374162902832,0.008174826061439515,0.006427009740495682
2019-08-16,development,-0.004009605626249313,-0.003401309371948242,-0.0018895216747760772,-0.0031001455576578772
2019-08-19,development,0.0000627441321849823,0.0033662506848812102,0.0015685219204425811,0.0016658389125029243
2019-08-20,development,-0.0017973850702285765,0.0015743837433811428,0.0005177689377307891,0.00009825587029445181
2019-08-21,development,0.002261857056760788,0.002658074654722214,0.003500364425182342,0.0028067653788884477
2019-08-22,development,0.0010613032567501068,0.0004470306677341461,-0.0005513759844779968,0.0003189859800020853
2019-08-23,development,-0.004438041870546341,-0.004173150656461715,-0.004064897742843627,-0.004225363423283894
2019-08-26,development,0.0032787378620624543,0.004274231755685806,0.0052148490303516384,0.004255939549366633
2019-08-27,development,0.00861498893713951,0.008699853068876266,0.00812782742224698,0.00848088980942092
2019-08-28,development,-0.0020606789449214933,-0.004597951553297043,-0.0014429679277420044,-0.002700532808653514
2019-08-29,development,0.0028485725987434387,0.004494102044868469,0.00419479405913353,0.0038458229009151455
2019-08-30,development,-0.004314551847934723,-0.006773710952091217,-0.0044316553564071656,-0.005173306052144369
2019-09-03,development,-0.00044577854046821594,0.0018151921970844269,0.0005854365437984466,0.0006516167334715525
2019-09-04,development,-0.0035757765797675366,-0.001191974791240692,0.0012669399363040923,-0.0011669371449013787
2019-09-05,development,0.0006737732174873351,0.0034391893891334534,0.0032829597894668576,0.0024653074653625488
2019-09-06,development,0.003097053694534302,0.004821452388000488,0.0019331284670829772,0.0032838781832059227
2019-09-09,development,-0.017439575089931488,-0.01796731726412773,-0.01194972724609375,-0.015785539866717657
2019-09-10,development,-0.013065762318706512,-0.02193062015927198,-0.011899963935375213,-0.0156321154711179
2019-09-11,development,-0.00687755235300064,-0.006128749666500091,-0.003491651111936569,-0.0054993177104791
2019-09-12,development,0.007993351623153686,0.009900543642997741,0.005930887803220749,0.007941594356457393
2019-09-13,development,-0.0023758044185638425,-0.002708168623161316,-0.0008410269427299499,-0.0019749999948183695
2019-09-16,development,-0.0034722561100959774,-0.0023372989236831662,-0.0060788720454216,-0.003962809026400248
2019-09-17,development,0.01106769227695465,0.013432895623397827,0.01580808567507455,0.013436224525142343
2019-09-18,development,0.0009181336538314819,0.0019065145283699034,0.002185447156381607,0.0016700317795276642
2019-09-19,development,0.007822664559650421,0.00817406696987152,0.006592860299777984,0.007529863943099975
2019-09-20,development,0.0031748806248664855,0.0020509556898117066,0.00325219379324913,0.0028260100359757743
2019-09-23,development,0.0021569339962959288,0.001356855807685852,0.004775043051815033,0.0027629442852656044
2019-09-24,development,0.007686248084820842,0.00542183528842926,0.006747860301685333,0.006618647891645145
2019-09-25,development,0.0010649113043308257,-0.001623603693294525,-0.0028476836273670196,-0.0011354586721102396
2019-09-26,development,0.008105725092458724,0.009537972827053069,0.011120774478769302,0.009588157466093698
2019-09-27,development,-0.010766804319667816,-0.011272159045028686,-0.011859349720573426,-0.011299437695089976
2019-09-30,development,-0.0028196615191459656,0.00040821545915603635,-0.001727968664073944,-0.001379804908021291
2019-10-01,development,0.005897648702001572,0.007888830883035828,0.010550094114255905,0.008112191233097768
2019-10-02,development,0.0022707042717933653,0.0002601191143989563,0.0009858229447364806,0.0011722154436429341
2019-10-03,development,0.0003032503746032715,0.0020726558557510374,0.0022685669878959656,0.0015481577394167584
2019-10-04,development,0.005410619654560089,0.00671482066488266,0.005557634221935272,0.00589435818045934
2019-10-07,development,0.0007517835619926452,0.0028735276987075804,0.0014330054723739624,0.001686105577691396
2019-10-08,development,0.003209947663593292,0.0027522627261161803,0.005459803222904968,0.00380733787087148
2019-10-09,development,0.008449963346672057,0.00865932908501625,0.004538027486467361,0.0072157733060518895
2019-10-10,development,0.0012292575788497924,-0.004346773248243332,-0.0002745783437252045,-0.0011306980043729147
2019-10-11,development,-0.007143533452367783,-0.008215662352991104,-0.006905398295927048,-0.007421531367095311
2019-10-14,development,-0.0003122382310390472,-0.0013339901400566101,-0.0014175317262649536,-0.0010212533657868704
2019-10-15,development,-0.005974406266021323,-0.0010742881185531615,-0.0026210571434020996,-0.003223250509325528
2019-10-16,development,-0.0006863319218158722,-0.005129952402162552,-0.002533570628595352,-0.0027832849841912585
2019-10-17,development,-0.000034861903619766236,0.00021105470719337462,-0.0018590073262691497,-0.0005609381742318471
2019-10-18,development,-0.0012307705444335936,-0.0016361875789642334,-0.0001451197036743164,-0.0010040259423573811
2019-10-21,development,-0.005040507117795944,-0.007307033835840225,-0.005722557672548294,-0.006023366208728154
2019-10-22,development,-0.017224262754964827,-0.02046010417839231,-0.01278721181921959,-0.016823859584192243
2019-10-23,development,0.0025335959374904633,0.003047173171138763,-0.004647767469549179,0.0003110005463600159
2019-10-24,development,0.005727376758050918,0.008136010693550109,0.0056176409806728365,0.006493676144091288
2019-10-25,development,-0.008571033933448791,-0.006444169755554199,-0.007484786102676391,-0.00749999659722646
2019-10-28,development,-0.0032231958875656125,-0.0066624175014495845,-0.0027306893304824826,-0.00420543423983256
2019-10-29,development,0.011031497497367858,0.008012959954547882,0.01499090082753453,0.011345119426483424
2019-10-30,development,0.005901792687177658,0.006285455599975585,0.010704212814283371,0.007630487033812205
2019-10-31,development,0.0065230340263843535,0.001322111228752136,0.004761059539079666,0.004202068264738719
2019-11-01,development,-0.0071177424041748046,-0.004780588023281097,-0.0063933099002838134,-0.006097213442579905
2019-11-04,development,-0.01408408639588356,-0.01482990461988449,-0.012675050547552108,-0.013863013854440054
2019-11-05,development,-0.011452319128189373,-0.00891072569322586,-0.014170638048267363,-0.011511227623227533
2019-11-06,development,0.0057975907278060915,0.0023963600483894345,0.013388933761119841,0.00719429484577179
2019-11-07,development,0.0004490408752441406,-0.0003952186761856079,-0.0022964899971961972,-0.0007475559327125549
2019-11-08,development,-0.0030905950561523434,-0.0025628737318038938,-0.005777313111305237,-0.003810260633087158
2019-11-11,development,0.003278143365526199,0.006895794254302978,0.0025289548370838162,0.004234297485637664
2019-11-12,development,0.004057554337739944,0.0007070016008919715,0.005618886652517319,0.0034611475303830777
2019-11-13,development,0.002650169215965271,0.0037895107980728147,0.005464945596313477,0.003968208536783854
2019-11-14,development,0.005707721103048324,0.006385281367301941,0.004732111898088455,0.00560837145614624
2019-11-15,development,-0.0030499305780410766,-0.00409411447057724,-0.004906585115909576,-0.004016876721509297
2019-11-18,development,0.003725119143438339,0.003664989243030548,0.0037268955286502837,0.0037056679717063904
2019-11-19,development,0.003933704194355011,0.005554866168785095,0.0038486322503168816,0.004445734204485663
2019-11-20,development,-0.0006555833532333374,0.002120160005378723,0.0011616469191551208,0.0008754078571001689
2019-11-21,development,-0.012110510866641997,-0.0048275779652595515,-0.012010277781295776,-0.009649455537732441
2019-11-22,development,-0.0006881214499950409,0.0022224593772888182,0.0014937772132873534,0.0010093717135270434
2019-11-25,development,-0.005373286312818527,0.0005887373983383178,-0.0014094252442359923,-0.0020646580529054006
2019-11-26,development,0.00412961245229683,0.006375188680171966,0.006258445019435882,0.005587748717301559
2019-11-27,development,-0.00255334404964447,-0.003018783906650543,-0.002903436799049377,-0.002825188251781463
2019-11-29,development,-0.0010532503744125365,-0.0033727097105979917,-0.002330816401672363,-0.002252258828894297
2019-12-02,development,0.0013163380115509033,-0.0034684848527908323,-0.0013672904215812683,-0.0011731457542737325
2019-12-03,development,-0.005214268415927887,-0.008022529679734944,-0.0025522372729301452,-0.0052630117895309915
2019-12-04,development,-0.001480664582824707,0.0015350592490196227,0.0006706244672775269,0.00024167304449081422
2019-12-05,development,0.004024265658855438,0.007320337901878356,0.0049521317193984985,0.00543224509337743
2019-12-06,development,0.003835702389335632,0.0022718641714096067,0.003311150734138489,0.0031395724316279094
2019-12-09,development,-0.0013900766162872314,-0.0014504477670669554,-0.0005973049384117126,-0.0011459431072552999
2019-12-10,development,0.0025020246926307677,0.004917467555999756,-0.0015306533521930693,0.001962946298812485
2019-12-11,development,0.006425972154331207,-0.0006792282765388488,0.0015033414488792418,0.0024166951088905333
2019-12-12,development,0.0004505083884239197,0.002362285806083679,-0.005799823338317871,-0.0009956763812700908
2019-12-13,development,-0.001731397781944275,-0.0043246554625511165,0.0017818274367809295,-0.0014247419359048206
2019-12-16,development,-0.002182916339302063,0.0008460431990623473,-0.00042597109375,-0.0005876147446632385
2019-12-17,development,-0.0011235099976195095,0.0022383525418281556,-0.0015399047966957091,-0.0001416874174956877
2019-12-18,development,-0.009559707606887817,-0.00588392074804306,-0.006567207253599166,-0.007336945202843347
2019-12-19,development,-0.0011079334058284758,-0.002357592147254944,-0.0005107173130989074,-0.0013254142887274424
2019-12-20,development,-0.001153391926383972,-0.00004368913459777832,-0.0002858026028633118,-0.0004942945546150207
2019-12-23,development,-0.008874983765506744,-0.00556389488620758,-0.009798057678461074,-0.008078978776725133
2019-12-24,development,0.0021494177273750303,0.0026463068416537764,0.0019518983919620512,0.0022492076536636194
2019-12-26,development,-0.008745673130083084,-0.0036350519450187684,-0.005643933493852615,-0.006008219522984822
2019-12-27,development,0.006483419635820388,0.0050216314543724055,0.003878255133342743,0.005127768741178512
2019-12-30,development,0.0016024903394222258,0.00013322086458206176,0.0008569780632019042,0.0008642297557353972
2019-12-31,development,-0.0035999143337249752,-0.0030752223136901852,-0.004144391215972567,-0.0036065092877959094
2020-01-02,development,0.011698715080499649,0.012487314344692229,0.007080046604394912,0.010422025343195597
2020-01-03,development,0.003006256937265396,-0.0017231456707954406,-0.0006494291026592254,0.00021122738793691003
2020-01-06,development,-0.009744473493480682,-0.009499212021923064,-0.0071374476172447205,-0.008793711044216156
2020-01-07,development,-0.0022920809657818795,-0.0030096918885231016,-0.006300003484201431,-0.003867258779502137
2020-01-08,development,0.002326411526107788,0.0054454058385849,0.0013222632789611816,0.00303136021455129
2020-01-09,development,0.005868820170116425,0.008756613903141022,0.002965156582736969,0.005863530218664805
2020-01-10,development,0.00017442500391006468,0.000662386013507843,-0.003318503866910934,-0.0008272309498310089
2020-01-13,development,-0.003903273925113678,0.004229620092868805,0.000049218594503402706,0.00012518825408617642
2020-01-14,development,-0.008232220613861084,-0.0075286113675810335,-0.007679006997013091,-0.00781327965948507
2020-01-15,development,0.0006502096715927123,0.0009531961877822876,-0.00007616881284713745,0.0005090790155092875
2020-01-16,development,0.0010392074458122254,0.002534485361480713,-0.0008879605845451354,0.0008952440742492676
2020-01-17,development,0.009821566479969025,0.011339953117370604,0.005633242969465256,0.008931587522268294
2020-01-21,development,0.0023981866523742675,0.002852614071559906,0.0035732253108024595,0.0029413420115788776
2020-01-22,development,0.00522726338224411,0.005992436424446105,0.006273333667877054,0.00583101115818909
2020-01-23,development,0.0008633012170791626,0.0002694793197631836,0.005933424937582016,0.0023554018248081207
2020-01-24,development,-0.0021324501006126403,0.001898171406841278,0.004495340930986404,0.0014203540790716804
2020-01-27,development,-0.003030189624214172,0.0006095956748962402,-0.000515061302614212,-0.000978551750644048
2020-01-28,development,0.008164516762202954,0.009004683833503722,0.01054314822025299,0.009237449605319888
2020-01-29,development,-0.0026840722640037533,0.0036680402880668638,0.004999164603233337,0.0019943775424321494
2020-01-30,development,0.004714875914430618,0.009722583495998383,0.013795601403474807,0.00941102027130127
2020-01-31,development,-0.00726822369480133,-0.006133316644477844,-0.0035731602897167204,-0.005658233542998632
2020-02-03,development,0.006168678038072585,0.0023833447479248045,-0.00023924017658233642,0.002770927536471684
2020-02-04,development,0.0037731778392791748,0.0021825760402268642,0.00567034829788208,0.0038753673924627062
2020-02-05,development,0.004343662272691727,0.004608999846601486,0.0018846873664855957,0.0036124498285929362
2020-02-06,development,0.008377034642505646,0.01007716079673767,0.005156129002428055,0.007870108147223791
2020-02-07,development,-0.009259208739471435,-0.004479716202163696,-0.0037034604714393615,-0.005814128471024831
2020-02-10,development,0.00015647413058280944,0.00022600351243019104,0.001361068192100525,0.0005811819450378418
2020-02-11,development,0.00485845130777359,-0.001538238451576233,-0.004991337344384741,-0.0005570414960624614
2020-02-12,development,0.00034550972604751587,0.0013333227336883545,0.001396191919517517,0.0010250081264177957
2020-02-13,development,0.006704156357383728,0.009342808693695068,0.005849595609188079,0.007298853553422292
2020-02-14,development,0.0022670269744396207,0.004219503575468063,-0.001579595652770996,0.0016356449657122295
2020-02-18,development,0.0031439561505794524,-0.0002547238168239593,0.0007859880978584289,0.0012250734772046407
2020-02-19,development,-7.984235874653677e-6,-0.0030700956793308256,-0.0031783952610015868,-0.002085491725402355
2020-02-20,development,-0.0006300302532196044,0.009980778339529038,0.007120578329849243,0.005490442138719558
2020-02-21,development,0.0034107830251693724,0.008267472819900512,0.003491694561958313,0.005056650135676066
2020-02-24,development,-0.005434216925811767,-0.0031558875715732575,-0.002672798139286041,-0.003754300878890355
2020-02-25,development,-0.007559948836135864,-0.007902930605854506,-0.011133218169021606,-0.008865365870337325
2020-02-26,development,0.006222382131767273,0.00419599037361145,-0.005052071196269989,0.0017887671030362446
2020-02-27,development,-0.0055857315123558045,-0.01233637738685608,-0.008371022373485564,-0.008764377090899148
2020-02-28,development,-0.024630071868038176,-0.020268628390216828,-0.016669439755439757,-0.020522713337898253
2020-03-02,development,0.022323095588684082,0.026864389371490476,0.018517525966548917,0.02256833697557449
2020-03-03,development,-0.002416483513832092,-0.002684387254524231,-0.0025166249489326467,-0.0025391652390963234
2020-03-04,development,0.0043220391333580015,0.008754352461528777,0.013136053061199188,0.008737481552028655
2020-03-05,development,-0.009162586623477935,-0.01155509009027481,-0.006450695276737213,-0.009056123996829986
2020-03-06,development,0.006970136828708649,-0.00010276052474975585,0.001551076683139801,0.0028061509956995648
2020-03-09,development,-0.0054209501229286194,-0.01836316108622551,-0.012920434992980956,-0.012234848734045027
2020-03-10,development,0.009419592727658105,0.01838763059360981,0.014161077815485,0.01398943371225097
2020-03-11,development,0.007053157831072807,-0.001482612207388878,-0.00040001047253608704,0.0017235117170492807
2020-03-12,development,-0.014506693523907661,-0.03107006284985542,-0.036780454443931576,-0.02745240360589822
2020-03-13,development,0.005344829943084717,0.026432260598373412,0.021327422728061676,0.017701504423173267
2020-03-16,development,-0.03628296446454525,-0.05187755814948082,-0.04522218143377304,-0.04446090134926637
2020-03-17,development,-0.0006343638308286667,0.019593378992826458,0.01186560652718544,0.010274873896394412
2020-03-18,development,-0.012958635266208648,-0.0030209155527114867,-0.02490617041220665,-0.013628573743708928
2020-03-19,development,0.003023281859254837,-0.014434188787221908,-0.011921311012411118,-0.007777405980126062
2020-03-20,development,-0.006226235982108116,-0.004439283677887916,-0.017228507265806197,-0.00929800897526741
2020-03-23,development,-0.0007534594213724136,-0.002247735211920738,-0.010319174447679519,-0.00444012302699089
2020-03-24,development,0.0012002423465251922,-0.0014454419183731078,-0.009339111316575622,-0.0031947702961411793
2020-03-25,development,0.0002285669880390167,-0.008834829519033431,-0.02086074655408859,-0.009822336361694335
2020-03-26,development,0.014468703988695144,0.00821526615948677,0.008607655409717559,0.010430541852633158
2020-03-27,development,-0.003144432514452934,0.003665330817723274,0.0021389036548376083,0.0008866006527026494
2020-03-30,development,0.006584457376551628,0.012067330894637107,0.013285183939051627,0.010645657403413453
2020-03-31,development,-0.0010284462503247261,-0.005236335341191291,-0.0001480451605081558,-0.002137608917341391
2020-04-01,development,0.008443752717876434,0.007221116765022278,0.00948631120376587,0.00838372689555486
2020-04-02,development,0.004225492657661437,0.00886514022808075,0.007419930016613006,0.006836854300785064
2020-04-03,development,0.0033270567468881604,0.001977804846692085,0.0055154386996030804,0.0036067667643944422
2020-04-06,development,-0.0058044306136608124,-0.0006783593353748321,-0.005042992608404159,-0.0038419275191466013
2020-04-07,development,-0.0036301229061126705,-0.0025869133979100943,-0.007836369260406494,-0.004684468521476419
2020-04-08,development,-0.004407697484183311,-0.004424479203796386,-0.007592088587689399,-0.0054747550918896985
2020-04-09,development,-0.006343951565909386,-0.005984748113822937,-0.00580037163336277,-0.0060430237710316975
2020-04-13,development,0.0036968969912052154,0.003068492647266388,0.006969095607423782,0.004578161748631795
2020-04-14,development,0.0025465810366153718,0.0016041076988220213,0.005045736426401138,0.0030654750539461767
2020-04-15,development,0.00460384680583477,0.003727704087638855,0.005622772685258853,0.004651441192910826
2020-04-16,development,0.006534733406448364,0.004879891808700561,0.006949196173000336,0.006121273796049754
2020-04-17,development,-0.0056312959144115445,-0.006922004464149475,-0.005750466644001007,-0.006101255674187342
2020-04-20,development,-0.0021886912113904954,-0.0016014838540077208,-0.0004418767835617065,-0.0014106839496533076
2020-04-21,development,-0.004320931004676246,-0.002032130184841156,-0.0016409914004325867,-0.002664684196649996
2020-04-22,development,0.004685522265172004,0.003948076077842712,0.0033827299680709837,0.0040054427703619
2020-04-23,development,-0.006873699318528175,-0.0045198291676521295,-0.005196901399230957,-0.005530143295137087
2020-04-24,development,-0.001941975096464157,-0.001987932403373718,0.000041161791896820065,-0.0012962485693136852
2020-04-27,development,-0.006811942107009888,-0.007188084377670287,-0.0057548791454315185,-0.006584968543370565
2020-04-28,development,-0.001249886825656891,0.00372284548459537,-0.00308687095785141,-0.00020463743297097691
2020-04-29,development,-0.006636971235442162,-0.004920851244521141,-0.006908374271011352,-0.0061553989169915516
2020-04-30,development,0.002720169577646255,0.002877153196763992,0.003253270004367828,0.0029501975929260254
2020-05-01,development,0.006337018597650528,0.007112027228593826,0.005321133856582641,0.006256726560942331
2020-05-04,development,-0.0016592376536130903,-0.003495240908694267,0.00004233297119140625,-0.0017040485303719839
2020-05-05,development,-0.0007086825569868088,-0.003269604517817497,-0.0001783147082469346,-0.0013855339276837469
2020-05-06,development,0.0008559366954803467,-0.0008412860342979431,0.003104326270008087,0.001039658977063497
2020-05-07,development,-0.0013414423433065414,0.0026606100471735,-0.003042439487290382,-0.0005744239278078079
2020-05-08,development,-0.004420984401631355,-0.005734350001072883,-0.004442392049288749,-0.004865908817330996
2020-05-11,development,0.003796615600275993,0.001035314709353447,0.008487396949124336,0.004439775752917925
2020-05-12,development,0.0003010171510730754,0.0026320144996881483,0.0006190426998853683,0.001184024783548864
2020-05-13,development,0.0025633751539230346,0.0038378593693256377,0.0033622831865787505,0.0032545059032758074
2020-05-14,development,0.003521623002696037,0.0027006897372961044,0.0016902886287927627,0.002637533789594968
2020-05-15,development,-0.005664631640410423,-0.004182893119072914,-0.002035223586821556,-0.003960916115434965
2020-05-18,development,0.00034590854754447934,-0.0029473439489364622,-0.005948764466571808,-0.0028500666226545968
2020-05-19,development,-0.0030338457956552503,-0.004960509984565329,0.000012645559191703796,-0.0026605700736762918
2020-05-20,development,-0.0007748360269069671,0.0010852162418365477,-0.0032560964950561523,-0.0009819054267088572
2020-05-21,development,-0.002873150047111511,-0.0028306013919830323,-0.0021558884136676786,-0.0026198799509207405
2020-05-22,development,-0.00022089607667922972,-0.002523951838684082,0.00162572689371109,-0.0003730403405507405
2020-05-26,development,-0.0027452787935495376,0.0039186552969932556,-0.007599467559361458,-0.0021420303519725796
2020-05-27,development,0.0014582698042154311,0.005283133189201355,0.0034168286307247166,0.0033860772080471675
2020-05-28,development,0.008407558382749557,0.0050241200446128845,0.010260197357034683,0.007897291928132376
2020-05-29,development,0.00635665379345417,0.0027468021320343015,0.0061510902288198464,0.005084848718102772
2020-06-01,development,-0.010695685822749138,-0.011917150294303893,-0.011763915396809578,-0.011458917171287537
2020-06-02,development,-0.004034626641763354,0.0030705340273857115,-0.003452615827178955,-0.0014722361471855322
2020-06-03,development,-0.006561793330526352,0.0009041646037101746,-0.0012925837380886077,-0.002316737488301595
2020-06-04,development,-0.007659668108773231,-0.0002142165726661682,-0.004661894899773597,-0.004178593193737666
2020-06-05,development,0.0020106238034963606,0.00550527691783905,0.005730271724104881,0.004415390815146764
2020-06-08,development,-0.007103046565818786,-0.0016771441136360168,-0.01243735100955963,-0.007072513896338145
2020-06-09,development,0.010453272912883758,0.014946872257093284,0.009241612100028992,0.011547252423335345
2020-06-10,development,0.007000878334784508,0.014719154296183586,0.004855594105029106,0.008858542245332399
2020-06-11,development,-0.004666263185167312,-0.002349918084669113,-0.004758750898122787,-0.0039249773893197375
2020-06-12,development,-0.006693450185585021,-0.004826694717216491,-0.006258843330955505,-0.005926329411252339
2020-06-15,development,-0.004676504605197906,0.0005219942769050598,-0.003622183447933197,-0.0025922312587420143
2020-06-16,development,0.0021329597027778626,0.001709528035068512,0.0011004506773721339,0.0016476461384061693
2020-06-17,development,0.002796501263618469,0.0046927551923751825,0.004347018705272675,0.003945425053755443
2020-06-18,development,-0.004574076690483093,-0.002791364670085907,-0.0035038918540954587,-0.0036231110715548194
2020-06-19,development,0.0004203135070323944,0.0024159753363132475,0.003434629967021942,0.002090306270122528
2020-06-22,development,0.0010646022932767867,0.002717701752257347,0.0030832492223739623,0.0022885177559693656
2020-06-23,development,-0.0035444137832372543,-0.004590084337544441,-0.0054606554235935205,-0.004531717848125072
2020-06-24,development,0.0016886623262405394,0.0016147368306398391,0.0030906956401824948,0.002131364932354291
2020-06-25,development,-0.00036363580632209775,0.0013608749483346937,-0.0007444902863979339,0.00008424961853822068
2020-06-26,development,0.00001143739161491394,0.0009570527633666992,0.006714230644464493,0.002560906933148702
2020-06-29,development,-0.0002935112557888031,-0.0028789902977705,-0.002986039189958572,-0.0020528469145059585
2020-06-30,development,0.006729024788427352,0.006493654415347386,0.0058653903213977815,0.006362689841724173
2020-07-01,development,0.002358920032453537,0.001871952375102043,0.004927702085542679,0.0030528581643660866
2020-07-02,development,-0.001221503216934204,0.0010011746846675872,0.00009629336338043213,-0.000041345056295394864
2020-07-06,development,0.00249856811504364,0.002068952722096443,0.002151770227622986,0.0022397636882543564
2020-07-07,development,-0.001576039546060562,-0.0017862587297677993,0.0030646454044818876,-0.00009921762378215799
2020-07-08,development,0.0014675144634246826,-0.0063502564022779465,-0.00126496280210793,-0.0020492349136537313
2020-07-09,development,0.005172428527784347,0.008634090803885459,0.005622635536456108,0.006476384956041972
2020-07-10,development,-0.00014589610600471495,-0.0012470733310461044,-0.0004471429334402084,-0.0006133707901636759
2020-07-13,development,0.00024359129633903502,0.00509627019610405,0.00040459971752166747,0.001914820403321584
2020-07-14,development,0.0023401664368149036,0.0036107523891210553,0.004632344180417061,0.0035277543354510065
2020-07-15,development,-0.004342677666854858,-0.0022567758699417115,-0.004857655418014526,-0.003819036318270365
2020-07-16,development,0.0011241600350379943,-0.0014254374606609344,-0.0011781257039546965,-0.0004931343765258788
2020-07-17,development,0.005006763140392303,0.004199360676217079,0.003378109425759315,0.0041947444141228986
2020-07-20,development,-0.0020776696850299836,-0.0009128428859710693,0.0033347351768016815,0.0001147408686002096
2020-07-21,development,0.0012062494538784027,-0.0025591120274949066,-0.00018391095263957976,-0.0005122578420853613
2020-07-22,development,0.006029857859611511,0.0023079039400339127,0.005385402420401573,0.004574388073348999
2020-07-23,development,-0.002055208539199829,-0.004179264536738395,-0.0038829807216405865,-0.003372484599192937
2020-07-24,development,0.00004547757439613342,0.006192182493710518,0.002007899824643135,0.002748519964249929
2020-07-27,development,0.003453068880176544,0.0054924084390878675,0.0033303637513399124,0.004091947023534774
2020-07-28,development,-0.0012700860459804535,0.0007358136376857757,0.0026982028529464004,0.0007213101482172409
2020-07-29,development,0.008334285326719284,0.013001316376662254,-0.0015619226726055146,0.006591226343592008
2020-07-30,development,-0.0004270004271507263,-0.003698286079573631,0.0032313285020828244,-0.00029798600154717756
2020-07-31,development,0.006806598157119751,0.01194830839805603,0.01121307977950573,0.00998932877822717
2020-08-03,development,-0.0028476891587257383,-0.0034120008517980575,-0.0020878407391786576,-0.0027825102499008177
2020-08-04,development,-0.004176644777368689,-0.0011008921178817749,-0.00646366279695034,-0.0039137332307336015
2020-08-05,development,-0.009344005082607269,-0.008276380773115159,-0.007792615095257758,-0.008471000316993394
2020-08-06,development,0.0005092641646385192,-0.00021789998247623442,-0.0005766260571241379,-0.00009508729165395102
2020-08-07,development,0.009852019755649566,0.0016364760428667067,-0.0006646272180080413,0.0036079561935027436
2020-08-10,development,0.0005745967594146728,-0.0075088613897323605,-0.010570579304766655,-0.0058349479783614475
2020-08-11,development,0.00229945770816803,-0.00398490390603093,-0.0018966233635425566,-0.001194023187135152
2020-08-12,development,0.005380109197616577,0.013542532063293457,0.011484396564674378,0.010135679275194804
2020-08-13,development,0.0014645415103912353,0.004684563027000427,0.004124890288734436,0.0034246649420420325
2020-08-14,development,-0.0029022482158660885,-0.005841846341896057,-0.004850764290118217,-0.004531619615960121
2020-08-17,development,0.003745032008266449,0.007241823424243927,0.006612627156925201,0.005866494196478525
2020-08-18,development,0.0006860292302131653,0.004731903377246856,0.0017695905964388854,0.0023958410679663024
2020-08-19,development,-0.000046943558025360106,-0.002736750616264343,0.00003550693006515503,-0.000916062414741516
2020-08-20,development,-0.0020397701663970947,0.0005434358584403992,0.0022125783906698226,0.00023874802757104237
2020-08-21,development,0.00012126464662551879,0.0016232278757095336,0.0023148926229953765,0.0013531283817768095
2020-08-24,development,0.0003609952149391174,-0.011800634834480284,-0.01421702682595253,-0.008552222148497898
2020-08-25,development,-0.0024393452047649384,0.0002903912664413452,-0.0021317296577215194,-0.0014268945320150377
2020-08-26,development,0.0027399158045768738,0.010993001800346375,0.012073336100101471,0.008602084568341573
2020-08-27,development,-0.005524746247792244,-0.00955618836889267,-0.008900522891163826,-0.007993819169282913
2020-08-28,development,-0.006932804289293289,-0.005583365324783325,-0.006918358233976364,-0.006478175949350993
2020-08-31,development,0.0038145687258720395,0.005447912428188323,0.006150152448558807,0.00513754453420639
2020-09-01,development,-0.0012315530304908753,0.0002791237214871173,0.0062049734576225275,0.0017508480495395898
2020-09-02,development,0.009646103103518485,0.005539660783147811,0.005489597191929817,0.006891787026198704
2020-09-03,development,-0.006527546574234962,-0.009440219375371933,-0.015308623777842522,-0.010425463242483139
2020-09-04,development,-0.006101623080992698,-0.007985854024362563,-0.01173224623119831,-0.008606574445517857
2020-09-08,development,-0.012999428167653083,-0.010645671964788436,-0.00887003356602192,-0.010838377899487814
2020-09-09,development,0.00401867825551033,0.012814387167739867,0.014033735868382061,0.01028893376387742
2020-09-10,development,-0.0019526038160800933,-0.002877606708049774,-0.004512610930919647,-0.0031142738183498383
2020-09-11,development,0.0024893748988389966,0.002968534678506851,0.001764189691734314,0.0024073664230267206
2020-09-14,development,-0.007165139298033714,-0.009280315978860854,-0.010957903608703613,-0.00913445296186606
2020-09-15,development,0.005815625726888371,0.00663010005865097,0.0050571149084091185,0.005834280231316154
2020-09-16,development,0.0007955820552349091,-0.0036274563562393187,-0.0073121823093414305,-0.0033813522034486132
2020-09-17,development,-0.0033986889739274976,-0.004241711257982254,-0.004999094407844544,-0.004213164879918099
2020-09-18,development,0.0009354669775962829,0.003402922675323486,0.002753909906387329,0.002364099853102366
2020-09-21,development,0.009842813466978073,0.016692285103988645,0.016332998900032043,0.014289365823666253
2020-09-22,development,0.003525154159426689,0.007525805031525051,0.010172972639369964,0.007074643943440567
2020-09-23,development,0.0028232795049667357,0.002167926600408554,0.007264426808643341,0.004085210971339543
2020-09-24,development,0.003969902680540084,0.00566089396276474,0.001137214291000366,0.00358933697810173
2020-09-25,development,-0.000857466908621788,-0.0016975450494050978,-0.00027322506132125855,-0.0009427456731160481
2020-09-28,development,0.005273239363455772,0.00522227044570446,0.0024594037574768067,0.004318304522212346
2020-09-29,development,0.001977882288146019,0.006166417811179161,0.004501694645709598,0.0042153315816782595
2020-09-30,development,0.0008218694097757339,-0.0007952725272417069,0.0012380698595285415,0.00042155558068752286
2020-10-01,development,-0.005003214751458168,-0.0027181914538145064,-0.004902188330197334,-0.00420786484515667
2020-10-02,development,-0.00600742771756649,-0.006691265164685249,-0.006202138978981971,-0.006300277287077903
2020-10-05,development,0.0027995743887662887,0.00043684603769779206,0.0005873640813112258,0.0012745948359251021
2020-10-06,development,-0.006263055445121074,-0.006380810350680351,-0.011736230056071282,-0.008126698617290902
2020-10-07,development,-0.005114666188168525,-0.004377599942135811,-0.0037246116312503815,-0.004405625920518239
2020-10-08,development,0.0012158456743240355,-0.0031365936733722686,-0.004882548177480697,-0.0022677653921763102
2020-10-09,development,0.00700410512816906,0.005684748930573463,0.00561207588891983,0.006100309982554117
2020-10-12,development,0.006194578050279617,0.010056275639152526,0.007973245378351212,0.008074699689261118
2020-10-13,development,0.007817952481627463,0.007751505696426582,0.006926137635016441,0.007498531937690162
2020-10-14,development,-0.0004539992738246918,-0.0019106843189001083,-0.005001193002724647,-0.002455292198483149
2020-10-15,development,-0.0040188656260013575,-0.004581632236504554,-0.0034679478851079937,-0.004022815249204635
2020-10-16,development,0.0013013125543117523,-0.00031715292170047757,-0.0006754757873296737,0.00010289461509386702
2020-10-19,development,-0.008229913860797881,-0.008370851593136787,-0.005055601893544197,-0.007218789115826288
2020-10-20,development,0.002108576133966446,0.002356251139354706,0.003088920951735258,0.0025179160750188035
2020-10-21,development,-0.001465263762450218,0.0002907577053785324,-0.0015632852173805237,-0.0009125970914840698
2020-10-22,development,-0.014079868585157394,-0.011452142039608955,-0.007254143155884743,-0.010928717926883698
2020-10-23,development,-0.0003017377360343933,-0.0013362790798187255,-0.0016057331608772278,-0.001081249992243449
2020-10-26,development,0.003691373102045059,0.0008533934093475341,0.0005625717760562896,0.0017024460958162942
2020-10-27,development,-0.005659621420894409,-0.0020930602063179015,-0.0021470110585927963,-0.003299897561935036
2020-10-28,development,-0.00545756557188034,-0.0013368188724040984,-0.003118682130861282,-0.0033043555250485738
2020-10-29,development,-0.0008277190899848938,-0.0052595798604011534,-0.00523732400636673,-0.0037748743189175925
2020-10-30,development,0.0048032747163772585,0.006556618825697898,0.009005225463414191,0.006788373001829782
2020-11-02,development,0.003929534992790222,0.007821699036049843,0.011127623470830917,0.00762628583322366
2020-11-03,development,0.002256956906890869,0.002338332576241554,0.0017300317788124084,0.002108440420648277
2020-11-04,development,0.021332994167232514,0.015986826254129408,0.016605134289884565,0.01797498490374883
2020-11-05,development,-0.010268254693317413,-0.0047189147779941555,-0.005491162365984917,-0.006826110612432161
2020-11-06,development,0.010007733557224273,0.00788474053196907,0.01562409212629795,0.011172188738497098
2020-11-09,development,-0.06592334536457062,-0.06768850746760369,-0.037455834753608704,-0.057022562528594334
2020-11-10,development,0.005623709638404846,0.0022613196316242216,0.006845446747880507,0.004910158672636525
2020-11-11,development,0.021137828071022033,0.021730225678443908,0.013173031696128844,0.018680361815198263
2020-11-12,development,0.0034816332807540893,-0.0028806770355224607,-0.003081963172531128,-0.0008270023090998332
2020-11-13,development,-0.0048951119614601135,-0.006690733756780624,-0.0034912735972642897,-0.005025706438501676
2020-11-16,development,-0.0024827915682792663,-0.0047467608272075655,0.001261235538458824,-0.001989438952342669
2020-11-17,development,-0.0026006942577731134,-0.0008156107122421264,-0.0025030511594772336,-0.001973118709830824
2020-11-18,development,-0.0011679714536190033,-0.003164181590414047,-0.0010723824766397476,-0.0018015118402242658
2020-11-19,development,0.0012251559461593628,0.004741143420696258,0.0032549050702571866,0.003073734812370936
2020-11-20,development,-0.0022646066020488736,-0.005391603719949722,-0.004980967678332329,-0.004212392666776975
2020-11-23,development,-0.011616848128652572,-0.017683943773984908,-0.00629204882748127,-0.011864280243372917
2020-11-24,development,-0.005077728629016876,-0.00497931397058345,0.0014694048946380614,-0.002862545901654088
2020-11-25,development,0.0025440979029655456,-0.00009281771931648253,0.0008391508961200714,0.0010968103599230449
2020-11-27,development,0.0026521832058906555,0.0005653683845996857,-0.0032340482450962066,-5.498884868621855e-6
2020-11-30,development,0.006946286872005462,0.008993254926919938,0.004788231651639938,0.0069092578168551124
2020-12-01,development,0.0010202997455596924,0.002172231094789505,0.00007236847588328091,0.001088299772077493
2020-12-02,development,-0.006095656099796295,-0.007736965697050094,-0.005808657493114471,-0.0065470930966536195
2020-12-03,development,-0.00680393171339035,-0.007875981099176407,-0.005710980657482147,-0.006796964490016301
2020-12-04,development,-0.0004088358532428741,-0.0031623675471544265,-0.003583720353937149,-0.0023849745847781497
2020-12-07,development,-0.000047464120960235594,-0.0007193923157215118,0.001032070460796356,0.00008840467470486956
2020-12-08,development,0.0006842747815621736,0.001511412168622017,0.0004598090441226959,0.0008851653314356288
2020-12-09,development,0.002228002524781227,0.0048285959122896195,0.0060035278803348534,0.004353375439135234
2020-12-10,development,-0.0075836406842947,-0.014003996184706687,-0.012564680547857284,-0.011384105805619557
2020-12-11,development,0.004763093353652954,0.0033995974345207213,0.0035159607707977293,0.003892883852990468
2020-12-14,development,0.0042385459611892695,0.002734582314968109,0.003939420477867126,0.0036375162513415014
2020-12-15,development,0.0064256268876075745,0.00214991974566945,0.0008104448644638061,0.003128663832580277
2020-12-16,development,0.004732425182628631,0.0018770374599456786,0.0032154252544403074,0.0032749626323382054
2020-12-17,development,0.005686250389623642,0.008849526037502288,0.004394733870029449,0.006310170099051794
2020-12-18,development,-0.002158076139521599,0.0001090724066734314,-0.006482404084920883,-0.0028438026059230165
2020-12-21,development,0.000924892532491684,0.0008785934954643249,-0.00219298082742691,-0.00012983159982363373
2020-12-22,development,-0.0005245538295507431,-0.0005669047840118408,-0.0063953814502278085,-0.0024956133545967975
2020-12-23,development,-0.006650284009718894,-0.008403290604972838,-0.007544954349517822,-0.007532842988069852
2020-12-24,development,0.004826721011686325,0.00521405106973648,0.0069636824385643,0.005668151506662368
2020-12-28,development,0.002763769361233711,0.0029826959259986875,0.00987629149866104,0.005207585595297813
2020-12-29,development,-0.0006622280910253525,0.004138763366222382,0.006123035837459564,0.003199857037552198
2020-12-30,development,-0.0018749664495204923,-0.0008169664337158202,-0.0021580787926673887,-0.001616670558634567
2020-12-31,development,0.010411291104316711,0.007181963544559479,0.008338307085895539,0.008643853911590576
2021-01-04,development,0.0023872825204849244,-0.007310290647697448,-0.002036873187351227,-0.002319960438187917
2021-01-05,development,-0.00478885564365387,-0.00567743693780899,-0.0062393998667716975,-0.005568564149411519
2021-01-06,development,-0.006486609841537475,-0.00283878969864464,-0.005087474260044098,-0.004804291266742071
2021-01-07,development,0.0028477555702209473,-0.0009548133661270141,-0.006239981866455078,-0.0014490132207870484
2021-01-08,development,0.008864152465820311,0.0067793977872848505,-0.0017798304993629456,0.004621239917914072
2021-01-11,development,0.0026330027139663697,0.0014948504470825195,-0.0015858932411193848,0.0008473199733098348
2021-01-12,development,-0.0009457534790039062,-0.0043900890939712525,-0.00981645222303276,-0.00505076493200264
2021-01-13,development,0.0028942712301254273,0.0004046156072616577,-0.0008265938665390014,0.0008240976569493611
2021-01-14,development,-0.009795430883789062,-0.012815642750453948,-0.01660061311702728,-0.013070562250423431
2021-01-15,development,0.0034720855861663817,0.008294928510093688,0.010942051321792602,0.007569688472684224
2021-01-19,development,-0.002743397203826904,-0.008698721941375732,-0.007051488862037658,-0.006164536002413431
2021-01-20,development,0.01034827320322213,0.010196869047641754,0.009361954392433166,0.00996903221443235
2021-01-21,development,-0.0011538085842132569,0.0006447618065834045,0.0005318564655303955,7.603229300181071e-6
2021-01-22,development,-0.007350777219676971,-0.006694802807807922,-0.006409589891052246,-0.006818389972845712
2021-01-25,development,-0.017402313461971283,-0.01391799642419815,-0.00857261361465454,-0.013297641166941326
2021-01-26,development,-0.01542652556886673,-0.01692518791525426,-0.005530757542800903,-0.012627490342307297
2021-01-27,development,-0.03581296556358337,-0.03420478669605255,-0.02565910577583313,-0.031892286011823014
2021-01-28,development,0.037581784748363496,0.03576684822978973,0.02453048586940765,0.03262637294918696
2021-01-29,development,-0.00035339077043533324,0.0031336911740303037,0.0026004082130432126,0.0017935695388793943
2021-02-01,development,0.008915183965969086,0.007423993102836608,0.0050905292703628535,0.007143235446389516
2021-02-02,development,0.01817808103303909,0.014125114671707153,0.01095856074317317,0.014420585482639805
2021-02-03,development,-0.01512014825296402,-0.01677983521604538,-0.01099170760784149,-0.014297230358950296
2021-02-04,development,0.004361567391777038,0.002633639310264587,0.007591633414173126,0.0048622800387382505
2021-02-05,development,0.002464331523132324,-0.0014107611238479614,-0.0037467937437057493,-0.0008977411148071288
2021-02-08,development,-0.01011518131866455,-0.008810588962173462,-0.008915263033676147,-0.009280344438171386
2021-02-09,development,-0.0038564911542441366,-0.0043183928688049315,-0.0027591848876953123,-0.0036446896369147935
2021-02-10,development,0.0013908053647994994,0.0009222650964736939,0.004478983408546447,0.002264017956606547
2021-02-11,development,0.005176790389251709,0.002439511730003357,0.003361355396556854,0.0036592191719373064
2021-02-12,development,0.0015796980669021605,0.00067466353225708,0.00033068307342529294,0.0008616815575281778
2021-02-16,development,0.003348526368713379,0.009473428939628601,0.007198589033985138,0.006673514780775706
2021-02-17,development,-0.002631927581977844,-0.0018441701674546242,-0.0013677295857429503,-0.0019479424450584727
2021-02-18,development,0.009878319630241394,0.007706797738075256,0.007323684458637237,0.008302933942317963
2021-02-19,development,-0.012364048567962646,-0.009201723508071899,-0.012098733310222626,-0.011221501795419057
2021-02-22,development,-0.006308844130897522,0.0010108509859085082,-0.0048567487704277035,-0.003384913971805572
2021-02-23,development,-0.0008256096481323242,-0.0005478781778335571,0.0006765202372600555,-0.00023232252956860864
2021-02-24,development,0.0004089803642272949,0.0040041368736267085,-0.0010256335227966308,0.0011291612383524574
2021-02-25,development,0.002929398935699463,0.0042667506664276125,0.005039562598609924,0.004078570733579
2021-02-26,development,0.007053641988754272,0.0017140736678123473,0.006114745363616943,0.004960820340061188
2021-03-01,development,-0.001542665177154541,-0.0011485924711227417,0.0005147610385894775,-0.000725498869895935
2021-03-02,development,0.002198338800433636,0.0038128472663879393,0.002252761157989502,0.0027546490749370254
2021-03-03,development,-0.006508929338073731,-0.0059999664931297296,-0.010442887377738953,-0.007650594402980804
2021-03-04,development,0.002414097494983673,0.004040738692378997,0.0029266917833328247,0.0031271759902318317
2021-03-05,development,0.0046751052797317505,0.006665541412067413,0.006893104704093933,0.006077917131964365
2021-03-08,development,-0.0006261610611915588,0.0038190874037742615,-0.000487952167892456,0.0009016580582300823
2021-03-09,development,0.009981411904907226,0.006120257444507741,0.01211921743812561,0.009406962262513526
2021-03-10,development,0.00433896706161499,0.00358721912612915,0.005841648082733154,0.0045892780901590985
2021-03-11,development,-0.010928477674484252,-0.008413180044555664,-0.010147917217254639,-0.009829858312098184
2021-03-12,development,-0.0015835914385795593,-0.0014886548425674438,-0.004508437465858459,-0.002526894582335154
2021-03-15,development,0.0005400206178665161,-0.0004534621509552002,0.0004159469917297363,0.0001675018195470174
2021-03-16,development,0.0062736374742507935,0.0037077486865997314,0.0056671889190112595,0.005216191693287262
2021-03-17,development,-0.001720523630142212,0.002706237512588501,0.0030670728281021117,0.0013509289035161336
2021-03-18,development,0.018980622142505645,0.01458577685546875,0.014937052803134917,0.01616781726703644
2021-03-19,development,-0.0062657667811393735,-0.006171017810630798,-0.006284600545692444,-0.006240461712487538
2021-03-22,development,0.010615167053890227,0.005976170897483825,0.00668560340013504,0.00775898045050303
2021-03-23,development,0.00979716350795498,0.011724802200508117,0.01101060503911972,0.010844190249194271
2021-03-24,development,0.013291290568828582,0.010352777079391478,0.010938757728672028,0.011527608458964028
2021-03-25,development,0.00041936436777114864,-0.003139780581665039,-0.003306855298900604,-0.0020090905042648315
2021-03-26,development,0.006395189163398742,0.007017623005867004,0.005288139852428436,0.00623365067389806
2021-03-29,development,0.004070762290096282,0.006358943783569336,0.005667953175926208,0.005365886416530609
2021-03-30,development,0.0005419911705970764,0.002057104207521248,0.0002681637557029724,0.000955753044607099
2021-03-31,development,-0.00533669877910614,-0.0033042019000053403,-0.0041625842247009276,-0.004267828301270802
2021-04-01,development,0.0015548149220466613,0.003964408513641357,0.00028860922803878783,0.0019359442212422686
2021-04-05,development,0.0071058948206901545,0.007852306333446503,0.007340704784107208,0.007432968646081288
2021-04-06,development,-0.004910345517635345,-0.0019762382166862488,-0.004325322661113739,-0.0037373021318117777
2021-04-07,development,0.002157091928195953,0.0033519261878967284,0.005200441634213233,0.0035698199167686386
2021-04-08,development,0.004291236887931824,0.0036011544867515562,0.0007380297154903412,0.0028768070300579074
2021-04-09,development,0.00788565594291687,0.007911110941123962,0.010348183203697204,0.008714983362579346
2021-04-12,development,0.002787368454647064,0.0010252748677253723,0.00237996557765007,0.002064202966674169
2021-04-13,development,-0.0036528143610486986,0.002700865432834625,0.0007217289076328278,-0.00007674000686041524
2021-04-14,development,0.0009295886808872222,-0.000716021737575531,0.0021261119107723234,0.0007798929513613383
2021-04-15,development,0.003554022822332382,0.0096550891579628,0.005289105386018753,0.006166072455437978
2021-04-16,development,0.007365002912759781,0.004678746038341522,0.00774612311167717,0.006596624020926158
2021-04-19,development,0.004036566930294036,0.003531788094139099,0.0040160192371368406,0.0038614580871899917
2021-04-20,development,0.0064290584906101225,0.004039681765785313,0.0026759108709812165,0.004381550375792217
2021-04-21,development,0.0019845481489658354,0.0015139938872337341,0.0010281394371509552,0.0015088938244501749
2021-04-22,development,-0.004589119295358658,-0.00127830563955307,-0.0027271087011814118,-0.00286484454536438
2021-04-23,development,-0.0000690000515460968,0.0005742821826934814,0.001065611606836319,0.0005236312459945678
2021-04-26,development,-0.012920979250144958,-0.014760418007373809,-0.010292770234966277,-0.012658055830828347
2021-04-27,development,0.0114492201359272,0.009127563132190705,0.008258736687828349,0.009611839985315418
2021-04-28,development,-0.002254760535573959,-0.0005541373479843139,-0.0015056194261550903,-0.001438172436571121
2021-04-29,development,0.014332184563064574,0.009830761274814605,0.014247711890983582,0.012803552576287588
2021-04-30,development,0.005931242405700684,0.003811308685493469,0.006572413307762146,0.005438321466318767
2021-05-03,development,0.0020930190098285674,-0.0012371227105140686,0.0005396895143508911,0.0004651952712217966
2021-05-04,development,0.023285730424999426,0.018275380715847014,0.022398092154312134,0.021319734431719525
2021-05-05,development,0.001712251899909973,0.006922271503639221,0.010844821704673767,0.0064931150360743204
2021-05-06,development,0.006039764169120788,-0.0008402350552558899,0.0032943719770431516,0.002831300363636017
2021-05-07,development,-0.003751119232749939,-0.0009876850547790527,0.0014083671138763428,-0.001110145724550883
2021-05-10,development,0.0009718444686889648,0.0036284993605613706,0.0032328858057022094,0.0026110765449841814
2021-05-11,development,-0.001973566453361511,-0.004835889747852516,-0.00532122161693573,-0.004043559272716586
2021-05-12,development,-0.0017374714036941527,-0.009200019254493713,-0.0048648875215530395,-0.005267459393246968
2021-05-13,development,0.01445002726726532,0.011888755103778839,0.017018245040702817,0.014452342470582325
2021-05-14,development,-0.005501165684700012,0.0012606707595825195,-0.00227846183757782,-0.0021729855875651043
2021-05-17,development,-0.004078795994186401,-0.0027818566475868224,-0.00023540409507751464,-0.002365352245616913
2021-05-18,development,-0.009961379443359375,-0.007178200263786316,-0.007730892320677518,-0.008290157342607735
2021-05-19,development,0.0021028228176116943,0.005136475931358337,0.011470227433109282,0.006236508727359771
2021-05-20,development,-0.005217186026382446,-0.0023791383439064023,-0.0028554510846138,-0.003483925151634216
2021-05-21,development,0.0023342904006958005,0.0022456444238662717,0.0027040510014533998,0.002427995275338491
2021-05-24,development,0.0033197545469284056,0.006812477559947967,0.003975499387073517,0.004702577164649963
2021-05-25,development,0.0010971124955536842,0.002372426934337616,0.0030843647756576536,0.0021846347351829848
2021-05-26,development,-0.005808478875064849,-0.004216377767848968,-0.005947713649559021,-0.005324190097490945
2021-05-27,development,-0.0011433263360023497,-0.00012291049375534057,0.0002190957013130188,-0.0003490470428148905
2021-05-28,development,0.005270431101608276,0.001280155351257324,0.004408043173027038,0.003652876541964213
2021-06-01,development,-0.006329700616264343,-0.005304983392143249,-0.004913803157520294,-0.005516162388642629
2021-06-02,development,-0.008638345105743407,-0.01051086510129304,-0.007413780206108093,-0.008854330137714847
2021-06-03,development,0.005413813788795471,0.005960311660003662,0.002992740647792816,0.004788955365530649
2021-06-04,development,-0.0012402394362449646,-0.0002454806974411011,0.0011268712515830994,-0.00011961629403432212
2021-06-07,development,-0.0034179077527999877,-0.003593289277935028,-0.00019701542263031004,-0.0024027374844551087
2021-06-08,development,-0.0035411368612289426,-0.008094654398155212,-0.007007237214345217,-0.006214342824576457
2021-06-09,development,0.0013003517811775206,0.0035293542009353636,0.0018396165630817413,0.002223107515064875
2021-06-10,development,-0.0037719834958076476,-0.0043365929576873775,-0.0019425097018241882,-0.003350362051773071
2021-06-11,development,-0.0015026828396797179,-0.0015350319001197815,-0.0022449065399169923,-0.0017608737599054973
2021-06-14,development,0.000882902924633026,-0.0002131089900970459,0.0004791625364303589,0.000382985490322113
2021-06-15,development,0.007824186971234702,0.004530420126056671,0.005192043053674698,0.005848883383655357
2021-06-16,development,0.0009346563362121581,-0.0016581018575668335,0.0001771627438545227,-0.00018209425916671754
2021-06-17,development,-0.006542123565769195,-0.004226320323944092,-0.00046712725386619566,-0.0037451903811931606
2021-06-18,development,-0.001656470618057251,-0.0013172762970924377,-0.00022127000484466552,-0.001065005639998118
2021-06-21,development,0.008280212513542174,0.0055729625831604,0.006188753717660904,0.00668064293812116
2021-06-22,development,0.0003390538815498352,0.00042709311320190426,-0.00033386171655654903,0.00014409509273173015
2021-06-23,development,0.0015048650448799133,0.0002832952052116394,0.0011509484715938568,0.00097970290722847
2021-06-24,development,-0.00043749302167892456,-0.0018449556139945983,-0.0011794642432212828,-0.0011539709596316019
2021-06-25,development,0.0008750077568054199,0.0010497314008712769,0.0006703139775753021,0.0008650177117506663
2021-06-28,development,0.0077922746030807495,0.007951364812469481,0.009647930530118943,0.008463856648556391
2021-06-29,development,0.0059267753564834595,0.00679931789226532,0.003210234779772663,0.005312109342840481
2021-06-30,development,0.0030908528067588805,0.001878890386390686,0.002051417007255554,0.0023403867334683736
2021-07-01,development,0.0011727655029296874,0.003023083721542358,0.002820447558403015,0.002338765594291687
2021-07-02,development,0.005714821116733551,0.008278662930393218,0.009858974950313567,0.007950819665813446
2021-07-06,development,0.001970663061904907,0.0031882214193344116,0.007495068739509583,0.0042179844069163
2021-07-07,development,0.01414475781735673,0.010845028236484528,0.012327516010379791,0.012439100688073683
2021-07-08,development,-0.004261815853118896,-0.0068785788822174065,-0.0029404783425331115,-0.004693624359289805
2021-07-09,development,0.00020415549631118773,-0.00017068477821350096,-0.0015658338280677795,-0.0005107877033233642
2021-07-12,development,0.008145127436637879,0.01038407415895462,0.006938140246486663,0.00848911394735972
2021-07-13,development,0.004287273849868775,0.00433486285229349,0.003047212619972229,0.0038897831073781645
2021-07-14,development,0.011684009205341338,0.012840792712020873,0.012149165956401824,0.012224655957921346
2021-07-15,development,0.00751114608707428,0.0037067094962120054,0.005416225197219848,0.005544693593502045
2021-07-16,development,0.0006530200637817383,0.0013905119793891907,-0.00031237153759002684,0.0005770535018603007
2021-07-19,development,-0.007468533911418915,-0.00713629344587326,-0.0037360969324111938,-0.006113641429901122
2021-07-20,development,-0.0045093673078536985,-0.0047606369916915895,-0.007867298636890266,-0.0057124343121451844
2021-07-21,development,-0.0039305060440063475,-0.0036610200784683226,-0.0006920482694625854,-0.0027611914639790853
2021-07-22,development,0.004125418962860107,0.005875369128131866,0.0005793639093399048,0.003526717333443959
2021-07-23,development,0.008022470207691193,0.007870039878082276,0.005617423449993133,0.007169977845255533
2021-07-26,development,0.00006858849477767944,-0.0004597908149719238,0.0027832926093101502,0.000797363429705302
2021-07-27,development,0.002019081092988682,0.0010304648268699645,0.0009884000149726867,0.001345981978277111
2021-07-28,development,-0.008772830988311766,-0.011054775467872618,-0.0111037906001091,-0.010310465685431161
2021-07-29,development,0.0035815662631034847,0.005683695472431183,0.0028279214012145995,0.004031061045583089
2021-07-30,development,-0.0002879417441368103,0.0008256722281455994,0.0018549208621025084,0.0007975504487037658
2021-08-02,development,-0.005859504656887054,-0.006400937503147125,-0.007811942793369293,-0.006690794984467824
2021-08-03,development,0.011963541509914398,0.005986438793809843,0.0096653499751091,0.009205110092944446
2021-08-04,development,-0.002932396086025238,-0.006247312417602539,-0.004872334416675567,-0.0046840143067677815
2021-08-05,development,0.001260455036354065,0.0028119619649887083,0.004227565692424774,0.002766660897922516
2021-08-06,development,0.008573303888607024,0.005079760505771636,0.006483508423900604,0.006712190939426421
2021-08-09,development,-0.0024812502822875978,-0.0033080277797698974,-0.007281897055912018,-0.004357058372656504
2021-08-10,development,0.002547551450920105,0.005402775645065307,0.0016952730947963237,0.0032152000635939123
2021-08-11,development,0.003534620340538025,0.006029859355163574,0.0038562996019363403,0.0044735930992126464
2021-08-12,development,0.0010825891813278199,0.0049511085439682,0.005151211565876007,0.0037283030970573423
2021-08-13,development,0.0017062074334144592,-0.0006000378156661987,-0.0003707822778701782,0.0002451291132926941
2021-08-16,development,0.01445587327594757,0.017835165047836304,0.0164884462310791,0.016259828184954323
2021-08-17,development,-0.0014687062722924223,-0.0016406327211380004,-0.0030160521773338316,-0.0020417970569214182
2021-08-18,development,0.00218978277721405,0.00055099632396698,0.002902711826324463,0.001881163642501831
2021-08-19,development,0.008684060794448853,0.006445232479858398,0.007367764920043945,0.007499019398117065
2021-08-20,development,-0.006306367293357849,-0.0031307369895935055,-0.0040854550331115725,-0.0045075197720209756
2021-08-23,development,-0.0023537309747695924,-0.003679393676185608,-0.0027106161353111268,-0.0029145802620887755
2021-08-24,development,-0.007861819373893738,-0.009164433883303022,-0.008007990761184691,-0.008344748006127152
2021-08-25,development,0.00036783851833343504,0.004877267916488647,0.000312106237411499,0.0018524042240778604
2021-08-26,development,0.0005638826112747192,0.0009270267788887023,0.0017648687316894531,0.0010852593739509582
2021-08-27,development,-0.006030232758522033,-0.005634406683921814,-0.004858085640907287,-0.005507575027783711
2021-08-30,development,-0.0041795104522705075,-0.003961186600017547,-0.0009464182030677795,-0.0030290384184519445
2021-08-31,development,0.0005409147359848023,-0.0006767285691261291,-0.0034025322854899405,-0.0011794487062104224
2021-09-01,development,-0.009646468401145934,-0.011631394226932525,-0.012121775969982146,-0.011133212866020202
2021-09-02,development,-0.012794504614830017,-0.010940150691413878,-0.009728835657405854,-0.011154496987883249
2021-09-03,development,-0.00325807629032135,-0.0005729108263015747,-0.0009349134618759154,-0.00158863352616628
2021-09-07,development,-0.00263423083114624,-0.0033767654941558836,-0.008095555204963684,-0.004702183843421936
2021-09-08,development,0.00791403746443715,0.004031012811088562,0.010388140722370147,0.007444396999298619
2021-09-09,development,0.001236711141681671,0.0032330829684257506,-0.000150392875289917,0.001439800411605835
2021-09-10,development,0.0042890173217773435,0.0010859486670494079,-0.004450547931480408,0.0003081393524487812
2021-09-13,development,-0.0024017200419425965,-0.002690583991718292,-0.0018222996473312378,-0.002304867893664042
2021-09-14,development,0.012651454284477233,0.005773410506272888,0.010962931475830077,0.009795932088860065
2021-09-15,development,-0.006279220390224456,-0.0023313391923904417,-0.0022531886108398437,-0.003621249397818247
2021-09-16,development,0.0033471308582305906,-0.000909450477695465,-0.001124963258934021,0.00043757237386703483
2021-09-17,development,-0.008209953824234008,-0.012281136165904998,-0.00809917302274704,-0.009530087670962015
2021-09-20,development,0.0010535136315345764,0.0062996053641319275,0.006893240019416809,0.004748786338361104
2021-09-21,development,-0.009246257065963744,-0.010702917782402038,-0.009046356920090533,-0.009665177256152105
2021-09-22,development,0.0016777170146942137,0.0014189973456382751,0.003389891831588745,0.0021622020639737445
2021-09-23,development,0.0018305879411697388,0.0009238246297836304,0.003918028846645355,0.0022241471391995747
2021-09-24,development,-0.0005196710076332093,-0.0006650968387603759,0.00145480181350708,0.00009001132237116493
2021-09-27,development,-0.006566927864456176,-0.004893269996452332,-0.009222732087898254,-0.0068943099829355875
2021-09-28,development,-0.003395467620456169,0.00011073035192489624,-0.0023130821102142333,-0.0018659397929151687
2021-09-29,development,0.007669458744144439,0.005494624879264831,0.006802797926807404,0.006655627183405558
2021-09-30,development,-0.013570211276531218,-0.009258409873962401,-0.010103825984096527,-0.010977482378196715
2021-10-01,development,0.007478728892326355,0.007334880948352813,0.005909516898727416,0.006907708913135528
2021-10-04,development,0.0005752550409317016,0.003219329376220703,0.0021868146324157713,0.001993799683189392
2021-10-05,development,0.002903049620723724,0.00003278189918551361,0.003914225412464141,0.0022833523107911266
2021-10-06,development,0.0048957928494453426,0.0008467298181533813,0.0052622114933967585,0.003668244720331828
2021-10-07,development,-0.0064694630218505855,-0.002096046432685852,0.0018110591188430785,-0.0022514834452311196
2021-10-08,development,0.0006162694049835205,0.00031176854858398436,0.004769904417419433,0.0018993141236623128
2021-10-11,development,0.001221450689792633,-0.0012236121933937073,0.0021639243238449095,0.0007205876067479449
2021-10-12,development,-0.007579989082050323,-0.010464389179325103,-0.009161789955191468,-0.00906872273885563
2021-10-13,development,-0.0025892829123497006,-0.001892944072818756,-0.003428298788642883,-0.00263684192460378
2021-10-14,development,0.0037916757383346556,0.008211079893302917,0.008957450811958312,0.006986735481198628
2021-10-15,development,0.00815032544221878,0.004301087545967102,0.007078224609756469,0.006509879199314117
2021-10-18,development,0.007698110116481781,0.006425850012493134,0.008914726551437378,0.007679562226804097
2021-10-19,development,-0.0017365249662837988,-0.0016811310454368591,-0.001597267626571655,-0.0016716412127641045
2021-10-20,development,0.0032410649824142455,0.005390440603637695,0.0056173979986190795,0.004749634528223673
2021-10-21,development,-0.0017784457820892332,-0.000639783775806427,-0.002376778738975525,-0.0015983360989570618
2021-10-22,development,0.0038525843552589417,0.003370247222328186,0.000392206330871582,0.0025383459694862365
2021-10-25,development,-0.0005292083468437194,-0.004039251690006256,0.0010461886070251465,-0.0011740904766082763
2021-10-26,development,0.007680710901737213,0.008407266871749496,0.006997378204727172,0.007695118659404626
2021-10-27,development,0.0054039980865478515,0.009618438774108886,0.0028046538360595704,0.005942363565572103
2021-10-28,development,0.0011554035508155823,-0.0016890633244514464,0.004981510641288757,0.0014826169558842977
2021-10-29,development,0.00037209135360717773,0.0034147141705512998,0.004392028841781616,0.002726278121980031
2021-11-01,development,-0.012254989781856537,-0.012057822176074982,-0.014022646480560301,-0.01277848614616394
2021-11-02,development,0.010349036597061156,0.01101167661743164,0.009134341908322047,0.010165018374271613
2021-11-03,development,0.003956136746406555,-0.0005611011057853699,0.0026338554130554198,0.0020096303512255353
2021-11-04,development,0.0011800598089218139,0.004858553537273407,-0.00004023309097290039,0.001999460085074107
2021-11-05,development,0.011395768056392669,0.018160544702911376,0.0128099219871521,0.014122078248818714
2021-11-08,development,-0.008794363011837005,-0.00653199000339508,-0.005384582864952087,-0.006903645293394724
2021-11-09,development,0.0004970037595122812,0.011853357153129577,0.0114400562084198,0.007930139040353884
2021-11-10,development,0.005996932063293456,0.00012538430166244506,0.0033246358867645262,0.003148984083906809
2021-11-11,development,-0.0004804350529670715,0.004262771330738067,0.006730377504539489,0.0035042379274368286
2021-11-12,development,-0.0001563971161842346,-0.0011895104069709777,-0.0004193523761749267,-0.0005884199664433796
2021-11-15,development,0.00015673860073089598,0.003968429689598083,0.0016033335542678833,0.0019095006148656208
2021-11-16,development,0.0036252240270614623,0.0022782908633025645,0.0002783071825027466,0.0020606073576222577
2021-11-17,development,0.004209780526733398,0.005439835562992095,0.007700637919425964,0.0057834180030504855
2021-11-18,development,0.012159129675102234,0.010935077175140381,0.016862209583473203,0.013318805477905274
2021-11-19,development,0.00687647120885849,0.004110787122821808,0.0058115935707092285,0.0055996173007965095
2021-11-22,development,-0.00017258037939071655,-0.00039572267513275145,0.005118285503387451,0.0015166608162879942
2021-11-23,development,0.007003400975990295,0.008064773588752747,0.012393560995559357,0.009153911853434133
2021-11-24,development,0.000012254497623443603,0.0022173263704299926,0.0025269008050918577,0.0015854938910484313
2021-11-26,development,-0.004099295332431793,-0.006555845359039306,-0.004914793712329864,-0.005189978134600321
2021-11-29,development,0.012495778323364258,0.01054566431980133,0.005084366571712494,0.009375269738292695
2021-11-30,development,-0.0037081156772325514,0.0017768845457077026,-0.0004308001817703247,-0.0007873437710983911
2021-12-01,development,0.00800828715839386,0.011640860867118834,0.011357991016674042,0.010335713014062246
2021-12-02,development,0.0014504904118537902,0.002685792426300049,0.002025142774772644,0.002053808537642161
2021-12-03,development,0.004508426034069061,0.004057371703720092,0.006445588867664337,0.005003795535151164
2021-12-06,development,0.0024945607060432432,-0.0005766499542236328,-0.0003517104305267334,0.0005220667737642924
2021-12-07,development,0.004045081337738037,0.0065959059188206185,0.0009026031825065613,0.0038478634796884057
2021-12-08,development,0.0030700581612586974,-0.0017940204396247863,-0.00045920682277679443,0.0002722769662857056
2021-12-09,development,0.010522694430541992,0.010624809127998352,0.008845932949066162,0.009997812169202168
2021-12-10,development,0.009153088530921935,0.007927680549621582,0.007526126719856262,0.00820229860013326
2021-12-13,development,-0.004962111239814758,-0.0034170433532714844,-0.006507636546707153,-0.0049622637132644655
2021-12-14,development,-0.0009844159287452697,0.0005744386061668395,0.0010011879706852435,0.00019707021603560445
2021-12-15,development,0.010683787419986724,0.013841121675014495,0.009602107625770568,0.011375672240257262
2021-12-16,development,-0.0018496075103759766,-0.0035685946541786193,0.002623693242073059,-0.0009315029741605122
2021-12-17,development,-0.017122884159469602,-0.013727146083545683,-0.014866222312164307,-0.015238750851726532
2021-12-20,development,-0.0005757921564102172,-0.002138876764392853,-0.00437792067041397,-0.00236419653040568
2021-12-21,development,0.00038984485840206035,0.0014063627973556518,0.0005676758519172668,0.0007879611692249929
2021-12-22,development,0.0011758861946105956,0.0020404288889884947,0.002167216524219513,0.0017945105359395343
2021-12-23,development,0.0027730295731544495,0.0027911816349983215,0.0027432773525238037,0.002769162853558858
2021-12-27,development,0.009183540124702454,0.011407247518062592,0.007567387279033661,0.009386058307266236
2021-12-28,development,0.0034715309701919554,0.003496819630908966,0.0034776279950141905,0.003481992865371704
2021-12-29,development,0.0035791323531150815,0.002976549875308752,0.005262551314258576,0.003939411180894136
2021-12-30,development,-0.006980206753826141,-0.005834007079410552,-0.006369599219131469,-0.006394604350789388
2021-12-31,development,0.0018845920119285582,0.001487163823223114,0.0006338703829765319,0.001335208739376068
2022-01-03,later,-0.01359485794687271,-0.011416898100090027,-0.013519003904914855,-0.012843586650625863
2022-01-04,later,0.013013208565711974,0.011220933339309692,0.01053294890258069,0.011589030269200785
2022-01-05,later,0.0007183076976776122,0.0025627658759117124,0.004313742115974426,0.002531605229854584
2022-01-06,later,0.006617492483091354,0.006339932633590698,0.00475826602191925,0.005905230379533767
2022-01-07,later,-0.007582394495344162,-0.007007819848442077,-0.00755403315668106,-0.0073814158334890995
2022-01-10,later,-0.00044864252982139587,0.004228238180351257,0.00416105619058609,0.0026468839470386502
2022-01-11,later,-0.004474072631668663,-0.0029812417837142943,-0.0030327124612808225,-0.003496008958887926
2022-01-12,later,0.005957867900657654,0.0017126635955810546,0.0010031484825134276,0.0028912266595840456
2022-01-13,later,-0.005900433156967162,0.00021510350370407104,-0.0013782419392585753,-0.002354523864173889
2022-01-14,later,-0.006730230154943466,-0.005034907754039765,-0.0063217014018058775,-0.006028946436929704
2022-01-18,later,0.001473690889596939,0.0027579743762016296,0.005029854149341583,0.0030871731383800504
2022-01-19,later,-0.005148801780939102,0.0005212962316897872,-0.003534389887332916,-0.002720631812194077
2022-01-20,later,0.0012102509122371673,0.0001475641605377197,0.0029641400045394895,0.0014406516924381253
2022-01-21,later,0.004468412102842331,0.0016477888502120972,0.001944183983707428,0.0026867949789206188
2022-01-24,later,-0.001855558883857727,-0.0007175292901992797,-0.00659559747800827,-0.0030562285506884252
2022-01-25,later,-0.003822912542915344,0.0018352833775520324,0.00149426365066266,-0.00016445517156688387
2022-01-26,later,0.006193861522245407,0.0068058979133605955,0.007378439674949645,0.006792733036851882
2022-01-27,later,-0.0013999778164386749,0.00038231478672027587,0.0027534020040512084,0.0005785796581109365
2022-01-28,later,0.0005220764468669892,0.003988452330112457,0.0028525568457603455,0.0024543618742465974
2022-01-31,later,-0.0020260964471817016,-0.005556764473342895,-0.001502713953590393,-0.00302852495803833
2022-02-01,later,-0.00359327292100129,-0.0014608083961486816,-0.00437495472202301,-0.003143012013057661
2022-02-02,later,0.013360248594284058,0.006145420656585693,0.013390561745643615,0.010965410332171124
2022-02-03,later,-0.005007733391094208,0.0022153650076866148,-0.0007430142998695374,-0.00117846089442571
2022-02-04,later,-0.005401675705146789,-0.0014934494130134583,0.0003327709696769714,-0.0021874513828277586
2022-02-07,later,-0.005652660166931152,-0.008063703436851501,-0.0074327636573791505,-0.007049709087053935
2022-02-08,later,-0.0024632902170181274,-0.004313702293202019,-0.006964371541118622,-0.00458045468377959
2022-02-09,later,0.0005167163208961487,0.0009806218567848205,0.0021989949615478514,0.0012321110464096068
2022-02-10,later,-0.009460306315231324,-0.007831807303142547,-0.008432934566497803,-0.008575016061623891
2022-02-11,later,-0.013830633539581298,-0.007726583777713775,-0.011670208789253234,-0.011075808702182768
2022-02-14,later,-0.002618597512626648,-0.0018233453159332274,-0.005216121628761291,-0.0032193548191070554
2022-02-15,later,-0.007467838010978698,-0.005232027221679687,-0.009710578536020992,-0.007470147922893126
2022-02-16,later,0.0027447514442443845,0.0076009897196769715,0.0032060687055587766,0.0045172699564933775
2022-02-17,later,-0.001897193078136444,0.0030850134809494016,-0.00155384303855896,-0.00012200754524866748
2022-02-18,later,0.00035271617603302,0.0016520835726737974,0.002790863133716583,0.0015985542941411336
2022-02-22,later,-0.0006393716260910034,-0.000564724656867981,0.00012531731929779053,-0.00035959298788706463
2022-02-23,later,-0.0037086506718562594,-0.0011125403727531432,-0.0024564808544158935,-0.002425890633008432
2022-02-24,later,-0.003288099147701263,-0.01046846959733963,-0.0063927973687171935,-0.006716455371252696
2022-02-25,later,0.0009228376670837402,0.0043225399146080016,-0.0010262896778106688,0.001406362634627024
2022-02-28,later,-0.008515553439617157,-0.010398039880943297,-0.009914856527996063,-0.009609483282852173
2022-03-01,later,0.0008071274570465088,-0.0025684730699451915,-0.00018242893981933593,-0.0006479248509060063
2022-03-02,later,0.011967972033977509,0.010256011743545531,0.00863489900932312,0.010286294262282053
2022-03-03,later,0.0033080957183837887,0.003558630693244934,0.004983507850646972,0.003950078087425232
2022-03-04,later,0.0051547184368133546,0.0025558613253593445,0.0031923055077552795,0.003634295089975993
2022-03-07,later,-0.002592918149471283,-0.003793155710315704,-0.005534194622898101,-0.003973422827561696
2022-03-08,later,-0.007678595546913147,-0.002821584939289093,-0.0036852846067888735,-0.004728488364330371
2022-03-09,later,0.0009510850152015686,-0.001076330102777481,0.005197158888530731,0.0016906379336516064
2022-03-10,later,0.00023522812538146972,0.00023527598934173583,-0.002590476718711853,-0.0007066575346628825
2022-03-11,later,0.0019145066793441771,0.006448970248365402,0.004262093173217773,0.0042085233669757844
2022-03-14,later,0.01205132343673706,0.0110980988219738,0.01242130814409256,0.011856910134267809
2022-03-15,later,0.0022937141623713964,0.002901198566484451,0.002095531816005707,0.002430148181620518
2022-03-16,later,-0.005321615211677551,-0.00666414706864357,-0.0010418828072547913,-0.004342548362525304
2022-03-17,later,-0.001450273534965515,-0.005396212298250198,-0.0053265551394462585,-0.004057680324220657
2022-03-18,later,0.001641979793357849,-0.0002684917839050293,-0.0007352972819328308,0.000212730242506663
2022-03-21,later,0.0017145872117996215,-0.0012032356885910034,-0.0032534942081451413,-0.0009140475616455077
2022-03-22,later,-0.0028033664598464967,-0.0011588470891381263,-0.0008668093544006348,-0.0016096743011284192
2022-03-23,later,-0.0026578404411315916,-0.0017259662815093993,-0.006894542086982727,-0.0037594496032079057
2022-03-24,later,0.0012954665590286254,0.0001953045389175415,0.00018316176300048827,0.0005579776203155517
2022-03-25,later,0.0032356226234436032,0.0038630665895462036,-0.00485846392250061,0.000746741763496399
2022-03-28,later,0.004326241766738892,0.0007572191981315612,0.004179621425914764,0.003087694130261739
2022-03-29,later,0.0020779101196289063,-0.00016297874975204467,0.002085133753061629,0.001333355040979497
2022-03-30,later,0.0031134151487350464,0.0009193021563529968,-0.0037006493570327756,0.00011068931601842255
2022-03-31,later,-0.004607605541038513,-0.004611586372852325,-0.0073681511187553405,-0.005529114344215393
2022-04-01,later,0.0028355505695343017,0.0009293333898544311,0.0015904307807922363,0.0017851049133936565
2022-04-04,later,-0.004952698483467102,-0.005230419537639618,-0.006864586657619476,-0.005682568226242066
2022-04-05,later,0.0012026727454317093,0.005429207884311676,0.002886801085472107,0.003172893905071831
2022-04-06,later,0.0030733176560401917,0.004540721570587158,0.003761128803157806,0.003791722676595052
2022-04-07,later,0.003439806649494171,0.0022979604515075682,0.001439083113670349,0.002392283404890696
2022-04-08,later,0.0034711533181190487,0.0040288142157554625,0.003172522458934784,0.003557496664269765
2022-04-11,later,-0.0036279164146423336,-0.0038092431993484496,-0.004053639645957946,-0.0038302664199829097
2022-04-12,later,-0.001246890687084198,-0.0036277803993942257,-0.0020540594018936156,-0.002309576829457347
2022-04-13,later,-0.006331015745258331,-0.008424861658477783,-0.005195616514205932,-0.006650497972647349
2022-04-14,later,-0.004862902240467071,-0.006566773251628875,-0.002416461019229889,-0.004615378837108612
2022-04-18,later,0.004856749892044068,0.007445071199321747,0.0027285212285995484,0.005010114106655121
2022-04-19,later,-0.0020784718758583066,-0.0020674795300483703,-0.0009150477953910827,-0.00168699973376592
2022-04-20,later,0.01225952725791931,0.01114994892206192,0.01463587746518831,0.012681784548389847
2022-04-21,later,0.004564254768180847,0.009247886567306518,0.010476428893852233,0.008096190076446533
2022-04-22,later,-0.0071535372074127196,0.0023589410908699034,-0.005685311185646057,-0.0034933024340629577
2022-04-25,later,-0.0014274957773208617,-0.004450504453849792,-0.005289445044326782,-0.003722481758499145
2022-04-26,later,-0.001582086623455095,-0.001816738111591339,0.000699114014339447,-0.0008999035735689958
2022-04-27,later,0.005284350628089905,0.000019244035053253175,0.002810033210372925,0.002704542624505361
2022-04-28,later,-0.0008334680921554565,0.0019398827152252197,0.0008736149305343628,0.0006600098512013754
2022-04-29,later,-0.006329758092689514,-0.006176453448963165,-0.006550428836250305,-0.006352213459300995
2022-05-02,later,-0.006187610959148407,-0.002794066701221466,-0.001087486068725586,-0.003356387909698486
2022-05-03,later,0.003349330996608734,0.0009933536721129894,0.007415667772006988,0.003919450813576236
2022-05-04,later,0.005734125342178344,0.006065300772953033,0.010051695687580109,0.007283707267570495
2022-05-05,later,0.0024307553656578063,0.0037116863894462583,0.004884141256523132,0.003675527670542399
2022-05-06,later,0.016489163035869597,0.011518610956096648,0.016670812123584747,0.014892862038516997
2022-05-09,later,0.009100330482196807,0.007637952693557739,0.01523346007938385,0.010657247751712798
2022-05-10,later,0.00345610591506958,0.0036933289360046384,0.0021570869520800597,0.003102173934384759
2022-05-11,later,0.004365301712226867,0.008097163735485077,0.006803362870121002,0.006421942772610982
2022-05-12,later,-0.004754342213821411,-0.007148128619670868,-0.004563942798519134,-0.005488804544003805
2022-05-13,later,-0.008928892662143707,-0.01290680750284195,-0.008494855106735229,-0.010110185090573627
2022-05-16,later,0.0025417192075729367,0.006092708323764801,0.004672246671772003,0.0044355580677032476
2022-05-17,later,-0.004526153819399406,-0.0033625071747779844,-0.006602398438262939,-0.004830353144146776
2022-05-18,later,-0.010538281930303574,-0.006737772836971283,-0.008390957542991637,-0.00855567077008883
2022-05-19,later,-0.005472935057353973,-0.00679320467133522,-0.007227265117835998,-0.006497801615508396
2022-05-20,later,0.0007965644270420074,0.0018565855160713196,0.0019874986636161805,0.0015468828689098359
2022-05-23,later,0.008790490429496764,0.0074133862061023705,0.004822838269329071,0.007008904968309401
2022-05-24,later,0.006807521633386612,0.007185221088162278,0.004805639589881896,0.0062661274371435954
2022-05-25,later,-0.0061624762134075165,-0.00509422818980217,-0.005534773356723785,-0.005597159253311157
2022-05-26,later,0.0038821760684967037,0.0008659218170166015,0.0008179922794342041,0.0018553633883158366
2022-05-27,later,-0.0014392727480888367,-0.0016234917500019073,-0.00007964887247085571,-0.0010474711235205333
2022-05-31,later,0.0035953347815990445,0.005691599175024032,0.0015837018095970154,0.0036235452554066977
2022-06-01,later,0.0017732048786640166,0.0004598522316455841,-0.0001450568976348877,0.0006960000708915709
2022-06-02,later,-0.0017089248025894165,-0.00335519291973114,-0.0008104276096343993,-0.0019581817773183185
2022-06-03,later,-0.002935694524860382,-0.0026807101199150083,-0.002735397680091858,-0.0027839341082890826
2022-06-06,later,0.0006917068777084351,0.0003913447877883911,-0.0006541557289123535,0.00014296531219482424
2022-06-07,later,-0.001625564876104307,0.0009984326386451722,0.0012065283118247985,0.00019313202478855453
2022-06-08,later,-0.005399342269897461,0.00237049950799942,-0.0032003775938034057,-0.0020764067852338153
2022-06-09,later,-0.002452097461223602,0.0019424863208770751,0.0008500502111434936,0.00011347969026565554
2022-06-10,later,0.00017617220306396483,0.00045837774600982666,0.0035955714982032773,0.0014100404824256894
2022-06-13,later,-0.0021066912508010864,0.002302002507686615,0.00014216358442306517,0.00011249161376953124
2022-06-14,later,-0.0016181388370037077,-0.005017144568935728,-0.004015628761386871,-0.0035503040557754357
2022-06-15,later,-0.0035856551442623136,-0.005142640381574631,-0.002318361467885971,-0.003682218997907638
2022-06-16,later,0.002911362454795837,0.0015041336205482481,0.004036240199041367,0.0028172454247951503
2022-06-17,later,0.003660937963056564,0.0019348198539257048,0.0005706589262485503,0.0020554722477436065
2022-06-21,later,0.008949709239816665,0.0118336670484066,0.007136979017591476,0.009306785101938247
2022-06-22,later,0.0029256101398944852,0.0011953518681049346,-0.001758159135021591,0.0007876009576592763
2022-06-23,later,-0.0017785241866111754,-0.007333191629123687,-0.008197810744953155,-0.0057698421868960055
2022-06-24,later,0.006722299131727219,0.0061722972012043,0.004427418994855881,0.005774005109262466
2022-06-27,later,-0.0015774262456417084,-0.0013385755209445952,0.0020295929970264434,-0.00029546958985328674
2022-06-28,later,0.0016723045542073479,-0.000090226207447052,0.00019235870370864868,0.0005914790168229815
2022-06-29,later,0.0036516867997169493,0.004442135351896285,0.0022435752333164216,0.003445799128309885
2022-06-30,later,-0.0007464148868083953,-0.0020428605658531188,0.00026483538994789125,-0.0008414800209045409
2022-07-01,later,-0.00175511663107872,0.0013534328605651854,-0.0014451708739757537,-0.0006156182148297628
2022-07-05,later,-0.00841292130613327,-0.005990705636882782,-0.009971072654438019,-0.008124899865818025
2022-07-06,later,0.004038046984004974,0.0026668705407344342,0.003574351190757751,0.00342642290516572
2022-07-07,later,-0.004261934085988998,-0.002461052919769287,-0.0030035066554546354,-0.00324216455373764
2022-07-08,later,0.00349203418340683,0.0010915341960906983,0.0006707686553955078,0.0017514456782976786
2022-07-11,later,0.005116509914350509,0.0015954392954826355,0.007488720474004745,0.004733556561279296
2022-07-12,later,-0.005399596947050094,-0.004292377499866485,-0.004912589422382092,-0.004868187956432891
2022-07-13,later,0.00014209499835968016,0.0016230443496704102,0.002528949148750305,0.0014313628322601317
2022-07-14,later,0.004033849930000305,0.0017352685827255248,0.0016167508529663086,0.002461956455230713
2022-07-15,later,0.0029788607002735135,0.004583107987308502,0.003917121353721619,0.0038263633471012116
2022-07-18,later,-0.000024414742946624754,0.0011533569197654725,-0.000520814510345459,0.00020270922215779623
2022-07-19,later,3.2497405234083996e-6,0.0045536141137123105,0.0026765948360443115,0.00241115289676001
2022-07-20,later,-0.006125336737060547,-0.002327720195865631,-0.00674883982963562,-0.005067298920853933
2022-07-21,later,0.0011771784810066222,-0.00020182885131835937,0.001697116438102722,0.0008908220225969949
2022-07-22,later,0.005666321122169494,0.0023280353266716004,0.006414934770393371,0.004803097073078155
2022-07-25,later,0.004051559797668457,0.0004711791745185852,0.0028871144523620602,0.0024699511415163674
2022-07-26,later,0.007012199798297882,0.0010255379484910008,0.005816326168251037,0.004618021305013307
2022-07-27,later,0.0005937292630195617,-0.0007377876379966736,0.001271805864715576,0.00037591582991282146
2022-07-28,later,0.005052680533218384,0.0031730940312385556,-0.0011269157587051391,0.0023662862685839333
2022-07-29,later,0.005403811293315887,0.0030694086486816406,0.0035989950519561766,0.004024071664651235
2022-08-01,later,-0.004886433537197113,-0.0065928210178375244,-0.004746290240097046,-0.005408514931710562
2022-08-02,later,-0.004218095370769501,-0.00044008039722442623,-0.003370242940624857,-0.002676139569539595
2022-08-03,later,-0.005459779314041137,-0.005749719302558898,-0.008236620955276488,-0.006482039857292174
2022-08-04,later,-0.0028917492933273315,-0.00507098496055603,0.0009494555120468139,-0.002337759580612183
2022-08-05,later,0.0024201534240722656,0.003631517859840393,-0.001123463924407959,0.0016427357865015663
2022-08-08,later,-0.005528353849411011,-0.006305669491004943,-0.006227963475608825,-0.006020662272008259
2022-08-09,later,0.020590348535429574,0.02308582348613739,0.021667745747566223,0.021781305923044395
2022-08-10,later,-0.006767273551177978,-0.008907090039730071,-0.008551319421100616,-0.008075227670669555
2022-08-11,later,0.0019039444237709045,-0.0024606430767059326,-0.001767687711715698,-0.0007747954548835754
2022-08-12,later,-0.004363032747077941,-0.001996053212928772,-0.004182403750991821,-0.0035138299036661783
2022-08-15,later,0.003316081733417511,0.0009961451733589172,0.004566858730411529,0.002959695212395986
2022-08-16,later,-0.0007609866707801819,-0.0041419993871376504,-0.002859344263267517,-0.0025874434403951167
2022-08-17,later,0.012335617168807983,0.01075319647026062,0.012403396491622923,0.011830736710230508
2022-08-18,later,0.0028460671306610105,0.004233254090499878,0.004638425414276123,0.0039059155451456706
2022-08-19,later,0.009269747013092041,0.007601142034721374,0.01184163656349182,0.009570841870435078
2022-08-22,later,0.003981974536323547,0.0015694018033027648,0.005220160813999176,0.0035905123845418295
2022-08-23,later,-0.0007993810676574707,-0.0002931242883682251,0.00026813835495910645,-0.0002747890003555298
2022-08-24,later,-0.007484091300964355,-0.0008243970387458801,-0.001737172776889801,-0.0033485537055333455
2022-08-25,later,-0.0051409055727005,-0.002393896469593048,0.005057150449562072,-0.0008258838642438253
2022-08-26,later,0.0015177297327041625,0.0023797573548316954,-0.0008258397573471069,0.0010238824433962503
2022-08-29,later,0.0032240639576911925,0.005595612561941146,0.0010932112272262573,0.003304295915619532
2022-08-30,later,-0.0010923077137525556,-0.0041497154121398925,-0.00032922978420257565,-0.001857084303365008
2022-08-31,later,0.0002245908631324768,0.001746588405752182,0.0001640337580680847,0.0007117376756509145
2022-09-01,later,0.0035606652417182923,0.000923433559179306,-0.0005340738014221191,0.0013166749998251596
2022-09-02,later,0.0016639540232658385,-0.00012107440800666808,-0.0005150019381523132,0.00034262589236895243
2022-09-06,later,0.0033143682532310484,0.00464492302942276,0.0041727846467018125,0.004044025309785207
2022-09-07,later,-0.0009779693572998047,-0.001420055869591952,-0.0006163264042854309,-0.0010047838770590625
2022-09-08,later,-0.004000637297344208,-0.005609813856887817,-0.0027960698594093323,-0.004135507004547119
2022-09-09,later,-0.004834689021873474,-0.008747078608131408,-0.0034747703607559202,-0.005685512663586935
2022-09-12,later,-0.00019782496557235716,0.00039270270433425903,-0.0019041984808921813,-0.0005697735807100932
2022-09-13,later,-0.0011786355278015136,0.0007865275024414062,-0.000782332867928507,-0.0003914802977628715
2022-09-14,later,-0.0027481069108963013,-0.00129695592546463,0.0008255257927894592,-0.001073179014523824
2022-09-15,later,-0.006363721150493621,-0.005481148281908035,-0.007267951510715485,-0.006370940314372381
2022-09-16,later,0.012090443882751465,0.010445023091650008,0.011184060338306427,0.0112398424375693
2022-09-19,later,0.0007423916266441345,0.002226730916070938,0.0005556112723350524,0.001174911271683375
2022-09-20,later,0.0013220360226022022,0.006752881649971008,0.006682084448719024,0.004919000707097412
2022-09-21,later,0.003699500664281845,0.003312416416311264,0.002336685043430328,0.003116200708007812
2022-09-22,later,0.008894425060224533,0.009021932515478134,0.010961978964424133,0.009626112180042267
2022-09-23,later,-0.0019084788085937498,0.004705814760875702,-0.0009208926406860351,0.0006254811038653056
2022-09-26,later,-0.0038114950832366943,-0.003161270320034027,-0.004845664504528046,-0.0039394766359329226
2022-09-27,later,-0.0061733658703804015,-0.009813906636504721,-0.006309642276287078,-0.0074323049277240675
2022-09-28,later,-0.006084608785390854,-0.002610138687133789,-0.005284119674015045,-0.004659622382179896
2022-09-29,later,0.000023663446807861326,-0.001026448770713806,-0.0005069688801765442,-0.0005032514013608297
2022-09-30,later,-0.003017397675561905,-0.0007267462683677673,-0.0022426414165496824,-0.0019955951201597846
2022-10-03,later,-0.0009600847241878509,-0.00008429210968017577,-0.003342288637447357,-0.0014622218237717946
2022-10-04,later,0.0007705611452579498,0.0017499222248077392,-0.0002897930591004842,0.0007435634369884016
2022-10-05,later,-0.002476217568206787,0.000043776401329040525,0.001673543200111389,-0.0002529659889221191
2022-10-06,later,-0.006917117662096023,-0.003196884624099731,-0.005040668979930878,-0.005051557088708878
2022-10-07,later,0.0021527016400814053,0.0025072279282569885,-0.0033934637056350705,0.00042215528756777446
2022-10-10,later,-0.00030396449556350705,-0.0027967365644454953,-0.00035134066591262816,-0.0011506805753072104
2022-10-11,later,0.0003623033087867261,0.0035015476522445676,-0.002001719959449768,0.0006207103338605087
2022-10-12,later,-0.000025566524505615232,-0.00002276472339630127,-0.0033852981385231015,-0.0011445431288083392
2022-10-13,later,0.006838840204238891,0.004186541666316986,0.010729414430904388,0.007251598767153422
2022-10-14,later,0.003959641564846039,-0.004601473133087158,-0.0052891549365043635,-0.0019769955015818273
2022-10-17,later,0.0009566010794639587,-0.001042687797164917,-0.00008178628854751587,-0.0000559576687494914
2022-10-18,later,-0.0013036323431015013,0.0015720251845037943,0.00083614038772583,0.00036817774304270773
2022-10-19,later,0.0033335041315078733,0.006792477583217621,0.01044474657649994,0.0068569094304084775
2022-10-20,later,0.0010458421492576598,0.003719275896835327,0.0008936492383003234,0.0018862557614644367
2022-10-21,later,-0.0021941089332580565,0.0028935611064910887,0.0034882615043640135,0.0013959045591990151
2022-10-24,later,0.00630888244524002,0.006172885502910614,0.00918569965801239,0.0072224892020543415
2022-10-25,later,-0.002611376876068115,0.0013963586500167846,-0.0005582790775246161,-0.0005910991011919822
2022-10-26,later,-0.003268492961502075,0.00035755338325500486,-0.003904224143886566,-0.002271721240711212
2022-10-27,later,0.00018317689228057862,-0.0043918262457847594,-0.002720218577194214,-0.0023096226435661317
2022-10-28,later,0.010503093064975738,0.0035993659415245053,0.005715348762702942,0.006605935923067729
2022-10-31,later,-0.002687893869781494,-0.0028528196922302245,0.0029954785771369933,-0.0008484116616249084
2022-11-01,later,-0.0008232198454485416,-0.0010680179304122924,-0.0032380603962898252,-0.0017097660573835531
2022-11-02,later,0.0018130154046058654,-0.0014334468255043028,0.0008875410817146301,0.0004223698869387309
2022-11-03,later,-0.004920718663311004,4.488187599182129e-6,-0.00039237636880874635,-0.0017695356148401894
2022-11-04,later,-0.007327159524154663,-0.0068842754181861875,-0.00223378650598526,-0.005481740482775371
2022-11-07,later,-0.00034435735082626344,0.001169550023460388,0.0015829654516220093,0.0008027193747520445
2022-11-08,later,0.009195894770145416,0.009742328730294942,0.008140340866947173,0.00902618812246251
2022-11-09,later,-0.002187402491760254,-0.002136494434261322,0.0012691075468063355,-0.0010182631264050801
2022-11-10,later,-0.008116234895801544,-0.0008567501366615295,-0.0022670118998527524,-0.0037466656441052753
2022-11-11,later,-0.0010486521130561829,-0.004245797254562378,-0.011424857393741607,-0.005573102253786723
2022-11-14,later,0.0018149821912765503,-0.002704037427330017,-0.003352383353424072,-0.0014138128631591797
2022-11-15,later,-0.0016772660396575927,-0.001270233821773529,-0.00235348439099698,-0.0017669947508093672
2022-11-16,later,0.007578319877052307,0.0072631644451141356,0.011410861732673645,0.008750782018280029
2022-11-17,later,0.0018523700551986693,-0.003061721628475189,0.0022052801756858825,0.000331976200803121
2022-11-18,later,0.005316438393497467,0.007394962951374054,0.005527972371196747,0.006079791238689423
2022-11-21,later,0.002930818422412872,0.0025310433738708494,0.005936734634971619,0.0037995321437517804
2022-11-22,later,-0.0019198872439743033,0.00044032743959426877,-0.000978078018760681,-0.0008192126077135719
2022-11-23,later,-0.0015310573069572447,0.0023053102824211118,-0.0029975808562278747,-0.0007411092935880025
2022-11-25,later,0.00031483580446243283,-0.0003588464540481567,-0.0005703574974060059,-0.0002047893823305766
2022-11-28,later,0.003774529998207092,0.004530277794456482,0.006953461631679534,0.005086089808114369
2022-11-29,later,-0.0004937844702720642,-0.00023542928357787112,-0.003662217501926422,-0.001463810418592119
2022-11-30,later,0.0007812403723716735,0.0016527937438964844,0.0005506028359413146,0.0009948789840698241
2022-12-01,later,-0.004968877904510498,0.0009928134017944336,-0.008615184958267212,-0.004197083153661092
2022-12-02,later,-0.002192558977985382,-0.0029670141798019407,0.00020285662126541136,-0.001652238845507304
2022-12-05,later,0.0030410384384155272,0.001745171120262146,0.004255505134677887,0.0030139048977851864
2022-12-06,later,-0.0026383669801712034,-0.0009921166555404662,0.0035247512154126166,-0.000035244140099684414
2022-12-07,later,0.0022821218661308288,0.004840799919128418,0.002523573888492584,0.003215498557917277
2022-12-08,later,-0.0017127773837089537,-0.0008377927539825439,-0.004688239611434936,-0.0024129365830421446
2022-12-09,later,0.0033060083327293393,0.005771338615036011,-0.00013744631023406982,0.0029799668791770932
2022-12-12,later,0.00560976948595047,0.004668570156288147,0.00278160131444931,0.004353313652229309
2022-12-13,later,-0.0029919701271291254,-0.003336546603965759,-0.0067620619827270505,-0.004363526237940645
2022-12-14,later,0.00139401089220047,0.0004907693853378295,0.00109399945230484,0.0009929265766143798
2022-12-15,later,-0.00047804879465103146,-0.0018092125253677367,0.0016489554654121397,-0.00021276861820220946
2022-12-16,later,0.0012592585319519043,0.000409188720703125,0.002970118685340881,0.001546188645998637
2022-12-19,later,0.002569597675991058,0.00009556362581253052,0.0028793066929817196,0.0018481559982617697
2022-12-20,later,0.00028857755851745606,-0.004516502528628492,0.00029472888412475584,-0.0013110653619954266
2022-12-21,later,0.0008803784331321716,0.0014428374898910522,-0.00013089560708999634,0.0007307734386444092
2022-12-22,later,-0.003629351893901825,-0.000792669798374176,-0.0032165733141899105,-0.002546198335488637
2022-12-23,later,0.003109737973022461,0.0027872498900413513,0.0026870729198455808,0.002861353594303131
2022-12-27,later,0.0034421567969322203,0.0016415771253585816,0.0026089686753273007,0.0025642341992060344
2022-12-28,later,0.0016788854740142822,0.004200408463573456,0.0033388272389980773,0.0030727070588619384
2022-12-29,later,-0.004848838152694702,-0.004349281454372406,-0.0041178021814346315,-0.004438640596167246
2022-12-30,later,0.00031008654108047486,-0.0001884609811782837,0.00027012915229797363,0.0001305849040667216
2023-01-03,later,-0.0021862122690200804,-0.004236940479469299,-0.0050902733518600465,-0.0038378087001164755
2023-01-04,later,-0.009640199459328508,-0.012014064765548706,-0.008794391827964782,-0.010149552017613998
2023-01-05,later,-0.003222477296924591,-0.0034994435533523558,-0.005146525868034362,-0.00395614890610377
2023-01-06,later,0.009905802959823608,0.006435239644050598,0.008942291143417358,0.008427777915763855
2023-01-09,later,-0.00009969029903411865,-0.009040646404743195,-0.0044178635946273805,-0.004519400099468231
2023-01-10,later,-0.02038454183921814,-0.014986714573441364,-0.017459482607650754,-0.017610246340103417
2023-01-11,later,-0.002067608929824829,0.000025751902866363525,0.0007739355228424072,-0.00042264050137201943
2023-01-12,later,-0.009056539030742645,-0.0035728742585182187,-0.011187737493324279,-0.007939050260861715
2023-01-13,later,0.0028524807476997373,0.0009590347472190856,0.0007435123725891112,0.0015183426225026447
2023-01-17,later,-0.0010133770463943482,0.00013891014137268066,0.0077651833566665645,0.0022969054838816324
2023-01-18,later,-0.009959669320487976,-0.009978541120624542,-0.012329336777122115,-0.010755849072744877
2023-01-19,later,-0.005615019399833679,-0.009749864957809449,-0.007005294949483871,-0.007456726435709
2023-01-20,later,-0.00321607637758255,-0.0034234972951889034,-0.004166816674757004,-0.0036021301158428187
2023-01-23,later,-0.0038630806679725645,-0.004236137773418427,-0.0031775519810676575,-0.0037589234741528827
2023-01-24,later,0.009805601486281849,0.009601631676292419,0.009460297267770767,0.009622510143448344
2023-01-25,later,-0.004308469825983047,-0.007264586036014557,-0.004346499587965011,-0.005306518483320872
2023-01-26,later,0.0018706616207122802,0.004443063232803345,0.0037159532897949217,0.0033432260477701827
2023-01-27,later,-0.011209507567358017,-0.010461554699993133,-0.012775651312589644,-0.011482237859980265
2023-01-30,later,0.007207922183799743,0.003279675346660614,0.005154457677268982,0.005214018402576446
2023-01-31,later,-0.00028740007233619687,0.0001782507617922296,-0.0001286673011302948,-0.00007927220389142068
2023-02-01,later,-0.01371481174621582,-0.014958736490345001,-0.01033498553533554,-0.01300284459063212
2023-02-02,later,-0.022402530106544492,-0.007569291765785217,-0.011842714862060547,-0.01393817891146342
2023-02-03,later,0.011932540421772003,0.006446528923034668,0.0055051889666557306,0.007961419437154135
2023-02-06,later,0.011808452177000045,0.011439664596652984,0.007028339940118789,0.01009215223792394
2023-02-07,later,0.007971497729158401,0.008351479764080048,0.00344930051807065,0.006590759337103034
2023-02-08,later,0.0018788217809200286,0.0006461316026687622,0.0032608672646999358,0.001928606882762909
2023-02-09,later,0.0052559498768806456,0.007373889135074615,0.006169938227939605,0.0062665924132982885
2023-02-10,later,0.010945425849103928,0.0132061968252182,0.010508340935277938,0.011553321203200023
2023-02-13,later,-0.0015373893866062163,-0.001272642847442627,-0.0014527306253910065,-0.0014209209531466165
2023-02-14,later,-0.0072486077811985015,-0.008894970389652252,-0.00833208012652397,-0.008158552765791575
2023-02-15,later,-0.005406455818510055,-0.009641807782268523,-0.008972337538576125,-0.008006867046451567
2023-02-16,later,-0.0007078464639186858,0.003244390733909607,0.004640015989732742,0.002392186753241221
2023-02-17,later,0.003681123524856567,0.0053150298365592956,0.004774918901348114,0.004590357420921325
2023-02-21,later,0.005063958056783676,0.0025114986433982848,0.004587366831350326,0.004054274510510762
2023-02-22,later,-0.007168680925035476,-0.0028408704306202887,-0.0011450627679347992,-0.003718204707863522
2023-02-23,later,0.000369791881942749,-0.0014942747286796568,-0.0019717881741523743,-0.0010320903402964274
2023-02-24,later,0.005174326304817199,0.004496125979709625,0.004173316168165206,0.004614589484230677
2023-02-27,later,-0.0034007551330566405,-0.003307478097629547,-0.001215653134250641,-0.002641295454978943
2023-02-28,later,0.0031777399649620054,0.0018981953412055969,0.006359538523977756,0.003811824610048453
2023-03-01,later,0.0004481216954708099,0.0010785022434234618,-0.002679886539316177,-0.0003844208668073018
2023-03-02,later,-0.0013784585381031037,-0.0020622481363296507,-0.00036358030285835267,-0.0012680956590970357
2023-03-03,later,-0.0020289226519584654,-0.001166573775577545,-0.0031410037428855893,-0.0021121667234738667
2023-03-06,later,0.011596480876684188,0.008519374122428893,0.011744870335531234,0.010620241778214773
2023-03-07,later,0.000886901294376183,0.0037875106429100035,-0.0016498923673152924,0.001008173189990298
2023-03-08,later,-0.0025389880574226377,-0.004759796474933624,-0.0006236898740768432,-0.0026408248021443682
2023-03-09,later,0.0019159965025424956,0.001052684621334076,-0.005948588699817657,-0.0009933025253136953
2023-03-10,later,0.0037599651863813397,0.003438980453300476,-0.0033188616852760314,0.0012933613181352614
2023-03-13,later,-0.003336386687350273,-0.0020533848664283753,-0.012542502301263808,-0.0059774246183474855
2023-03-14,later,0.00886072103292942,0.007774202146799088,0.004545555586576462,0.007060159588768323
2023-03-15,later,-0.0018871084773540495,-0.005360025557518005,0.0012636961966514587,-0.0019944792794068652
2023-03-16,later,0.006554905853939056,0.00558848684720993,0.007557610558223724,0.0065670010864575705
2023-03-17,later,0.0011675801732301712,-0.0027452809366226194,-0.002564265858888626,-0.001380655540760358
2023-03-20,later,0.008021713165426254,0.0067640938260078425,0.005912116344738007,0.006899307778724034
2023-03-21,later,0.002662227916431427,0.005565677661800384,-0.003923162579253079,0.0014349143329929108
2023-03-22,later,-0.0018848283334493637,-0.00046978353042602535,0.0013053465522527693,-0.0003497551038742066
2023-03-23,later,0.00662203101773262,0.006095391265106201,0.003186743535852432,0.005301388606230417
2023-03-24,later,0.0004626997213602066,-0.0013193877941131591,-0.000258877641415596,-0.0003718552380561828
2023-03-27,later,0.002624449099230766,0.0038914642949104306,0.005258759848332405,0.0039248910808245335
2023-03-28,later,0.009672478277505671,0.008611097279739379,0.010289255966567993,0.009524277174604348
2023-03-29,later,-0.0033934136519432065,-0.005602958446502685,-0.006095342585611343,-0.005030571561352412
2023-03-30,later,0.005687332119894028,0.004738797626781463,0.0026897271964788434,0.004371952314384778
2023-03-31,later,0.005622215120315552,0.0033601865702629088,0.0037991901451110838,0.004260530611896515
2023-04-03,later,0.0029909558957099914,0.0006747571562767028,0.005643725882434844,0.003103146311473846
2023-04-04,later,-0.004518289537096023,-0.003138235391940057,-0.005988484834885597,-0.004548336587973893
2023-04-05,later,-0.00002499199547767639,-0.0003124859756231308,-0.0006934226689100265,-0.00034363354667027793
2023-04-06,later,-0.005177058927154541,-0.004154497591161728,-0.004843683474779129,-0.004725079997698466
2023-04-10,later,-0.0034108206988334652,-0.006176662688732147,-0.0034830732291221615,-0.004356852205562592
2023-04-11,later,-0.002375259698820114,-0.005373055517745018,-0.0016095502975225448,-0.0031192885046958923
2023-04-12,later,0.004442485190916061,0.009468411610484123,0.0040609901235454555,0.00599062897498188
2023-04-13,later,0.003952766960954666,0.0013662701814889907,0.0032398222658634184,0.002852953136102358
2023-04-14,later,0.00845005504283905,0.008814978713226318,0.010246936303138733,0.009170656686401367
2023-04-17,later,-0.0009296969746112823,0.0008968322540521621,0.0024992619527339933,0.0008221324107249577
2023-04-18,later,0.00493606447627523,0.004437103803825378,0.006781523885440826,0.005384897388513811
2023-04-19,later,-0.001351519209218025,-0.0009935192408323287,0.000205413232755661,-0.0007132084057648976
2023-04-20,later,0.010970775075435637,0.0064252301449775695,0.0073638016839027405,0.008253268968105316
2023-04-21,later,-0.002359568535685539,0.0009076160938978195,-0.0006111392299175262,-0.0006876972239017485
2023-04-24,later,0.002422961872959137,0.0034864010131835936,0.0008699363005638122,0.0022597663955688475
2023-04-25,later,0.0018616362513542175,0.0019508818071834102,-0.0058602371175765985,-0.0006825730196796569
2023-04-26,later,-0.0008916719150543213,-0.006171047941303253,0.0009321929895401,-0.002043508955605825
2023-04-27,later,-0.0045200249322175975,-0.001012144292140007,0.0006270421926021576,-0.0016350423439184822
2023-04-28,later,0.0010301998000860214,0.0006648174468278884,0.0023100875090122223,0.001335034918642044
2023-05-01,later,-0.0018037957415819167,-0.001151861537528038,-0.003339176207208633,-0.0020982778287728624
2023-05-02,later,0.008387541348147391,0.0034610551286935803,0.0062306145960595105,0.006026403690966828
2023-05-03,later,-0.006382701322698593,-0.008822227380132676,-0.0077115032995224,-0.007638810667451222
2023-05-04,later,0.0029359266251564025,-0.0008275840788841247,0.005494678949832916,0.002534340498701731
2023-05-05,later,0.0031078697964191434,-0.0008942331914424896,0.0014791751251220701,0.0012309372433662413
2023-05-08,later,0.00009468771896362305,-0.00022416327066421507,0.0002826981086730957,0.000051074185657501226
2023-05-09,later,-0.00327857536309638,-0.0028692732790470124,0.0005293695010185241,-0.0018728263803749559
2023-05-10,later,-0.005361272219371795,-0.006920311208438873,-0.007036870200920105,-0.006439484542910258
2023-05-11,later,0.007593267337703704,0.010507074824476242,0.007755776807403564,0.008618706323194504
2023-05-12,later,0.007819589708805084,0.007572868892621994,0.008795977162170409,0.008062811921199162
2023-05-15,later,-0.0029343908126831055,-0.0027485114044189453,-0.0007968968482017516,-0.0021599330217679344
2023-05-16,later,-0.004290643848323822,-0.008713492570553875,0.004154697274875641,-0.0029498130480006845
2023-05-17,later,0.001122040470790863,0.004131028702449798,-0.0026893546825408933,0.0008545714968999227
2023-05-18,later,0.005498875769996643,0.0011964233112335204,0.0008612058971405029,0.002518834992790222
2023-05-19,later,0.0008874981363296508,-0.0004403025849342346,0.000986589660835266,0.00047792840407689404
2023-05-22,later,-0.012398812430477142,-0.0076612595688819885,-0.008534150706386566,-0.009531407568581899
2023-05-23,later,-0.0073986824889183045,-0.012322691539382934,-0.01367005423560524,-0.011130476087968827
2023-05-24,later,-0.0007793048407554626,-0.002919436901950836,-0.0005366397930145263,-0.001411793845240275
2023-05-25,later,0.012408129385757445,0.01361913222990036,0.008492951894855499,0.011506737836837769
2023-05-26,later,0.010471651399612427,0.009820304305267334,-0.0005040728714942932,0.006595960944461823
2023-05-30,later,-0.005535633408641815,-0.003657857636833191,-0.0025052839569091796,-0.0038995916674613947
2023-05-31,later,0.002075158309192609,-0.0010452734263420105,0.0048832654644966125,0.0019710501157824034
2023-06-01,later,0.000019050005531311034,0.0023193011945724486,-0.0030662847576141358,-0.00024264451917012535
2023-06-02,later,0.0022735584535598756,-0.001473581872844696,0.000442520619392395,0.0004141657333691916
2023-06-05,later,0.00034768070755004883,-0.007340567495441436,-0.0026317256132125854,-0.003208204133701325
2023-06-06,later,-0.010378122968292236,-0.01299217384070897,-0.005999524499988556,-0.00978994043632992
2023-06-07,later,-0.0023539865352630615,-0.0017317416138648985,-0.002226319628715515,-0.002104015925947825
2023-06-08,later,0.0063148641882896425,0.0051773737474441524,0.0027821655636787413,0.004758134499804179
2023-06-09,later,0.003297458144855499,0.0028554845114707947,0.006633779041862488,0.004262240566062927
2023-06-12,later,0.0012500895268440246,0.002355568884372711,0.0008640449833869934,0.001489901131534576
2023-06-13,later,-0.002203970990753174,-0.0009545535119056701,-0.003328562726969385,-0.0021623624098760764
2023-06-14,later,0.0068613155544281,0.008993130348873137,0.01123494563179016,0.0090297971783638
2023-06-15,later,0.004489747600555419,0.00317074166097641,0.004850362822437286,0.004170284027989705
2023-06-16,later,0.006246810520362854,0.00606485990447998,0.006299936808872223,0.006203869077905019
2023-06-20,later,0.0013794750958442687,0.001603739388179779,0.0019143400979042052,0.0016325181939760844
2023-06-21,later,0.0083070816714828,0.004256131248283386,0.005678082027816772,0.00608043164919432
2023-06-22,later,0.0022341775371551515,0.002194033545589447,0.00310627418384552,0.0025114950888633727
2023-06-23,later,0.00015646244554519653,-0.00021508219089508054,-0.0020749182664871217,-0.0007111793372790019
2023-06-26,later,-0.004225199082946777,-2.6018714904785153e-6,0.002221027888011932,-0.0006689243554751077
2023-06-27,later,-0.0035935096227645872,-0.0029223870604111186,-0.0037412202951431273,-0.0034190389927729443
2023-06-28,later,-0.001354480209827423,0.001937361365509033,-0.0016230366624832152,-0.0003467185022672017
2023-06-29,later,-0.0001449239016532898,0.003153211630535126,-0.0004649036004066467,0.0008477947094917298
2023-06-30,later,0.002055419065761566,0.004183460861206054,0.0017731059037208556,0.002670661943562825
2023-07-03,later,-0.004642595378684998,-0.0018896436052322388,-0.005158851323890686,-0.003897030102602641
2023-07-05,later,-0.004918021680736542,-0.0026821190794944763,-0.007194165581103707,-0.004931435447111575
2023-07-06,later,0.0015279918979644775,0.003168165215587616,0.00022539309949874876,0.001640516737683614
2023-07-07,later,-0.00806672636489868,-0.00259911711807251,-0.007706313181686401,-0.006124052221552531
2023-07-10,later,0.0022734955105781552,-0.0010316250168800353,0.0005318489378929137,0.0005912398105303446
2023-07-11,later,-0.008216712234378814,-0.0006224327222824097,-0.007596568706321716,-0.005478571220994314
2023-07-12,later,0.0038807606961250305,0.0037023674743652344,0.00042718400382995604,0.00267010405810674
2023-07-13,later,6.725759029388428e-6,0.005701221075820923,0.0013669030757904052,0.0023582833035469056
2023-07-14,later,0.00462911398229599,-0.003434792492866516,0.003787512217617035,0.0016606112356821695
2023-07-17,later,0.006666739914703369,0.0022517802503585816,-0.004561113036823272,0.0014524690427462263
2023-07-18,later,-0.006960436264801025,-0.005198865044907618,-0.007886990885162353,-0.006682097398290332
2023-07-19,later,-0.019762117857360838,-0.009653679315567015,-0.011695571864795685,-0.01370378967924118
2023-07-20,later,-0.003756444554424286,0.009594589137268066,0.0010039230350494385,0.0022806892059644064
2023-07-21,later,0.0009622910756111145,-0.0024291392781257627,0.00036105944185256956,-0.00036859625355402625
2023-07-24,later,-0.0010059679192543029,-0.0012808166191101073,0.0009453445876121521,-0.00044714665025075265
2023-07-25,later,0.00726721354932785,-0.004283920096874237,0.004352275659936714,0.002445189704130109
2023-07-26,later,-0.0032640579326629637,-0.008572892326068877,-0.010754872853946685,-0.007530607704226175
2023-07-27,later,0.00414881305732727,0.005266090085792542,0.0006153317603111267,0.0033434116344769793
2023-07-28,later,-0.009931296875476836,-0.012135561517047882,-0.006779043826389312,-0.009615300739638009
2023-07-31,later,-0.0011693485558509826,0.0022906113609313964,0.0030774876846313476,0.0013995834965705872
2023-08-01,later,0.008036090421494103,0.0024363911251068116,0.007477895600700378,0.005983459049100431
2023-08-02,later,0.0031199166156768796,0.011425112607097625,0.004296228536128998,0.006280419252967834
2023-08-03,later,-0.003309694132900238,-0.0026656982776641844,-0.005116776188468933,-0.0036973895330111185
2023-08-04,later,-0.0069879811370849605,-0.009466626073169707,-0.006894740908432007,-0.007783116039562225
2023-08-07,later,0.010075690297031403,0.005008264186191559,0.006707490275096893,0.007263814919439952
2023-08-08,later,0.0073031142980575555,0.010020195055381346,0.00910406990737915,0.008809126420272683
2023-08-09,later,-0.001038302579498291,0.004713980580806732,-0.0012393065460205078,0.0008121238184293111
2023-08-10,later,-0.005231317190647125,-0.0027464495928764343,-0.0005573771394729614,-0.002845047974332174
2023-08-11,later,-0.001312513562297821,0.001048671729183197,-0.0026175178098678587,-0.0009604532143274941
2023-08-14,later,0.0065453931632995606,0.007730996842861175,0.0058600691935539245,0.006712153066571553
2023-08-15,later,0.0036461348925590515,0.0021722582159042357,-0.0011002640750432007,0.0015727096778066956
2023-08-16,later,0.002766410975074768,0.00177454268951416,0.002673698477077484,0.002404884047222137
2023-08-17,later,-0.004067386593151093,-0.003162127118873596,-0.000984769554424286,-0.0027380944221496585
2023-08-18,later,0.0018565845907211303,0.001813061284160614,0.0024541599277496337,0.002041268600877126
2023-08-21,later,0.004306600583171844,0.00044908480768203734,0.0028113542474746704,0.0025223465461095174
2023-08-22,later,0.01015130274132576,0.007863545656490325,0.01063925865354538,0.009551369017120488
2023-08-23,later,-0.0004327815900802612,-0.0016667509759902954,0.0023580308159828183,0.00008616608330408724
2023-08-24,later,-0.0034443732608795165,-0.0026872915038108824,-0.004726829894828796,-0.003619498219839732
2023-08-25,later,0.004503276452732086,0.001562708720779419,0.0028689781269073487,0.002978321100139618
2023-08-28,later,0.0036950811223030087,0.002455290752029419,0.0041780256527900695,0.003442799175707499
2023-08-29,later,0.005460131754779815,0.0003268103537451257,0.0028124178907394408,0.0028664533330881267
2023-08-30,later,-0.0012624249794960022,0.0026391978034973145,0.0015947162220954895,0.0009904963486989339
2023-08-31,later,-0.00032836835536956786,-0.0002472548226356506,0.0014956686091423033,0.0003066818103790283
2023-09-01,later,-0.0032664300766944883,-0.004307003988647461,-0.0034746583527565,-0.003682697472699483
2023-09-05,later,0.003942076120281219,0.0011393115553855896,0.0006785875475883484,0.0019199917410850523
2023-09-06,later,0.0055383467535018915,0.003089618269538879,0.005889013985634851,0.004838993002891874
2023-09-07,later,0.0003795539966583252,-0.0019277680687904356,0.004236872232627868,0.0008962193868319194
2023-09-08,later,-0.0012238055245399474,-0.0015024393857955931,0.0005823601933479308,-0.0007146282389958698
2023-09-11,later,0.011809970562648773,0.00819544780845642,0.008896054760551452,0.009633824377218882
2023-09-12,later,-0.0041192950230780605,-0.006044444667625427,-0.0032815587170600888,-0.004481766135921192
2023-09-13,later,0.0019238541262626646,-0.0008754744985580443,-0.000023026100540161133,0.0003417845090548197
2023-09-14,later,0.004438432528877258,0.001851584342098236,-0.001167029405117035,0.0017076624886194862
2023-09-15,later,-0.0015916504208564758,-0.001046135694503784,-0.0022665059987068176,-0.001634764038022359
2023-09-18,later,0.0123617563041687,0.012894178735733031,0.01336598431034088,0.012873973116747537
2023-09-19,later,0.0036632862154960632,0.0008885001818946839,0.0010514136783599853,0.0018677333585835777
2023-09-20,later,-0.002365366404724121,-0.0017553712337493896,0.0029282439967155457,-0.0003974978805859882
2023-09-21,later,-0.007532024897575378,-0.00725615590133667,-0.0031091434755325317,-0.005965774758148193
2023-09-22,later,-0.0007240600874900818,0.00234219779176712,-0.0017986394397735595,-0.00006016724516550711
2023-09-25,later,0.00009309325675964355,0.0008883565767288207,-0.0010854197732925416,-0.00003465664660135914
2023-09-26,later,-0.005767785176372528,-0.006642708674049377,-0.007671791348187446,-0.0066940950662031165
2023-09-27,later,0.00008417885780334472,-0.0006697288530349731,-0.001406860117149353,-0.0006641367041269938
2023-09-28,later,0.0031697414308547974,0.003267710467338562,0.0037822786036491394,0.0034065768339474993
2023-09-29,later,0.00038074775447845456,-0.002115611344051361,0.0012368826784133911,-0.00016599363705317177
2023-10-02,later,0.005562494796562195,0.005810929967689514,0.0033709465794563294,0.00491479044790268
2023-10-03,later,-0.0017887716645977982,0.002894855311775207,-0.00003239526920318603,0.0003578961259914077
2023-10-04,later,0.005638717644119263,0.005463871278095245,0.005754718986034393,0.0056191026360829675
2023-10-05,later,-0.004307558742618561,-0.0045741744231224055,-0.010218043071746825,-0.006366592079162597
2023-10-06,later,-0.0004833894995689392,0.0042965045581817626,-0.0012656962020874023,0.000849139618841807
2023-10-09,later,0.0015939198733329772,0.00225728486995697,-0.0007376216010093688,0.0010378610474268595
2023-10-10,later,-0.00416814746389389,-0.002539198486042117,-0.002084878019428253,-0.0029307413231214204
2023-10-11,later,-0.0008762040676116943,-0.003620709650802612,0.004144685396289825,-0.0001174094407081604
2023-10-12,later,-0.0009246521789550781,-0.0012705489459991454,-0.0016793704281806946,-0.0012915238510449727
2023-10-13,later,-0.006405565855693817,-0.008794681964063644,-0.011272765164661407,-0.008824337661472956
2023-10-16,later,-0.004033345658779144,-0.00264857891998291,-0.0006145212019920349,-0.002432148593584696
2023-10-17,later,-0.003051466441249847,-0.000493745490026474,-0.003505092866389274,-0.002350101599221865
2023-10-18,later,-0.0014405313680648803,-0.00045999571995735165,-0.004762925400543213,-0.002221150829521815
2023-10-19,later,0.0003543385450363159,0.0018082959342479706,0.004888613144874572,0.0023504158747196194
2023-10-20,later,-0.00038137846765518187,-0.00021675813126564026,-0.0026010938385009766,-0.0010664101458072663
2023-10-23,later,0.008610590381336212,0.006180347730064392,0.007849164266109467,0.007546700792503357
2023-10-24,later,-0.0025925701754889495,-0.005812254550647735,-0.0005633452037811279,-0.002989389976639271
2023-10-25,later,0.002692114589691162,0.0039695173594951625,0.0032678303663253782,0.0033098207718372345
2023-10-26,later,-0.0055616251971244805,-0.010384732978630065,-0.004671515447807311,-0.006872624541187286
2023-10-27,later,0.008609798893737792,0.013851856106376648,0.01094710122270584,0.011136252074273427
2023-10-30,later,0.00644328287115097,0.008166291434192657,0.006977552346897125,0.007195708884080251
2023-10-31,later,0.007282787001514434,0.0025264006477115396,0.005468061323547363,0.005092416324257779
2023-11-01,later,0.008460241872692108,0.011554344693756102,0.006284945249843597,0.008766510605430601
2023-11-02,later,-0.005878077298831939,-0.0016600022954940796,-0.001053299013519287,-0.0028637928692817685
2023-11-03,later,0.004412720138645172,0.008365280103206633,0.007156331272983551,0.006644777171611785
2023-11-06,later,0.011040783415699005,0.00991014910507202,0.013934274128437042,0.011628402216402689
2023-11-07,later,-0.000784073467540741,-0.0024002581377983094,-0.0014124159191827058,-0.0015322491748405852
2023-11-08,later,0.01291414989376068,0.011215811774539947,0.006987859078788757,0.01037260691569646
2023-11-09,later,0.007328164378833771,0.008147260376644134,0.0057579261325359345,0.007077783629337947
2023-11-10,later,0.011213987759780884,0.013987384948635101,0.011613555641794204,0.012271642783403397
2023-11-13,later,-0.003907711321735382,-0.002921475591754913,-0.0016233211389064788,-0.0028175026841322577
2023-11-14,later,-0.009286644749210501,-0.007199546262073517,-0.012198103726243973,-0.009561431579175996
2023-11-15,later,-0.0029409420950889586,-0.0105168783577919,-0.009508647497463225,-0.007655489316781362
2023-11-16,later,0.00010559935388565063,0.00781799917459488,0.003792358784532547,0.0039053191043376925
2023-11-17,later,-0.005863714063835144,-0.01142181649055481,-0.010748438738441467,-0.009344656430943806
2023-11-20,later,-0.0026261468669891356,0.0004775913942337036,-0.001305159997177124,-0.0011512384899775186
2023-11-21,later,0.0035633144726753235,0.006672730678218221,0.003910177977085113,0.00471540770932622
2023-11-22,later,0.002231764743518829,0.00006781254529953003,0.0013973083160877227,0.0012322952016353605
2023-11-24,later,-0.0019843402499198914,-0.0019918712589263917,-0.003479540193891525,-0.0024852505675792692
2023-11-27,later,0.0015416078285217284,0.0015317881072044372,0.003544023691654205,0.0022058065424601235
2023-11-28,later,-0.001635242430782318,-0.0019197086910247802,0.00031803278985817414,-0.001078972777316308
2023-11-29,later,-0.0005140381455421447,-0.0036775349418640135,-0.0023642446823120117,-0.0021852725899060566
2023-11-30,later,0.005360529942131043,0.006328817511463165,0.007118503254890441,0.006269283569494882
2023-12-01,later,-0.009671597357940674,-0.01451274739589691,-0.011556819554901123,-0.011913721436246236
2023-12-04,later,-0.0060476166015625,-0.005120897479343414,-0.006316059441566467,-0.00582819117415746
2023-12-05,later,-0.0024277130466825968,0.000504613372516632,-0.001719322365951538,-0.0012141406800391676
2023-12-06,later,-0.005513109684371948,-0.0072524810931205745,-0.005074508606529236,-0.005946699794673919
2023-12-07,later,-0.0017971031280517578,-0.0018728940799713134,-0.0019433002534866332,-0.001871099153836568
2023-12-08,later,0.0032236407555580136,0.004681022382926941,0.0034851886634826657,0.00379661726732254
2023-12-11,later,0.0065474929558753964,0.003298974327468872,0.004616930987358093,0.004821132756900787
2023-12-12,later,0.0007676956719398498,-0.003194677936557817,-0.0012992866302490233,-0.0012420896316223302
2023-12-13,later,-0.01108613372440338,-0.01135292172164917,-0.009706067845535278,-0.010715041097195942
2023-12-14,later,-0.017373776690673828,-0.018168486084842683,-0.012606577366065979,-0.016049613380527496
2023-12-15,later,0.00891753573179245,0.005243602787590027,0.005790857259368896,0.006650665259583791
2023-12-18,later,0.0049364300780296326,0.007357548339653015,0.0038141768404006955,0.00536938508602778
2023-12-19,later,-0.0046075002486228945,-0.0075022820240020745,-0.008775016411984441,-0.00696159956153647
2023-12-20,later,0.0034699959085464477,0.00251226490278244,0.00363470799369812,0.0032056562683423356
2023-12-21,later,-0.009036335449314117,-0.008254782456016541,-0.008972231963348388,-0.008754449956226347
2023-12-22,later,-0.0008720440133094787,-0.0037721608873367307,-0.006152036415672302,-0.0035987471054395037
2023-12-26,later,-0.00545680864868164,-0.006645948978614807,-0.006334469676589965,-0.006145742434628804
2023-12-27,later,-0.00015691983607349393,-0.0002078368553161621,9.592080688476561e-6,-0.00011838820356705982
2023-12-28,later,-0.0008515774952888488,-0.003269744543933868,-0.0010180887167930603,-0.0017131369186719257
2023-12-29,later,0.004687532621097564,0.00521074944229126,0.005875840028953552,0.005258040697447459
2024-01-02,later,-0.005071737436771392,-0.006121991393852233,-0.006007445663356781,-0.005733724831326802
2024-01-03,later,0.015933078014087675,0.01756270160780492,0.014515315427970885,0.016003698349954493
2024-01-04,later,-0.0018664594582557678,-0.003265049737644195,-0.0022264494203567504,-0.0024526528720855713
2024-01-05,later,0.0000444932746887207,-0.001372900670814514,0.0011800250643730164,-0.000049460777250925673
2024-01-08,later,0.0002786181635856628,-0.00004999779872894287,-0.0031388687386512755,-0.0009700827912648519
2024-01-09,later,0.0016566908608436585,-0.0016544592312812804,0.002862146181221914,0.000954792603594764
2024-01-10,later,0.0024459592552185058,0.004354115883731842,0.00420362164516449,0.0036678989280382788
2024-01-11,later,0.012167489535999297,0.012257561144447326,0.011641131174373626,0.012022060618273414
2024-01-12,later,0.005536008292293548,0.00627968762178421,0.004797472049999237,0.005537722654692333
2024-01-16,later,0.0006356251766204833,0.0017879173141479492,0.0026084038125038147,0.0016773154344240824
2024-01-17,later,0.00323246449090104,0.0028784212815284728,0.0028186526985168455,0.0029765128236487865
2024-01-18,later,-0.002063320592498779,0.0019129778154373168,0.0021938356899261473,0.0006811643042882283
2024-01-19,later,0.002862506621837616,0.0054036900921821595,0.00845035557861328,0.005572184097544352
2024-01-22,later,-0.00286087832736969,-0.0029744767795562743,-0.0022561552284240723,-0.002697170111783345
2024-01-23,later,-0.002353082358646393,-0.0012696310755096912,-0.00029247900505065917,-0.0013050641464022478
2024-01-24,later,0.0011619717350006102,0.0005448670738220215,-0.0006722641529083252,0.00034485821863810217
2024-01-25,later,-0.003582325725364685,-0.007203805619907379,-0.006045490807342529,-0.005610540717538197
2024-01-26,later,0.002512734176635742,0.003486902304267883,0.002112181434726715,0.002703939305210113
2024-01-29,later,0.0002403581904411316,-0.00201730378704071,0.002001747027015686,0.00007493381013870248
2024-01-30,later,0.012812853673076628,0.012842846337032317,0.00979713877478032,0.011817612928296422
2024-01-31,later,-0.0009241670172691345,0.0013634054942131043,0.0023928668959617614,0.0009440351243019104
2024-02-01,later,-0.0010857975457191466,-0.001065928159713745,0.006004149711799621,0.0012841413354555764
2024-02-02,later,0.007313892164993286,0.007355668004894256,0.009941997198104858,0.008203852455997467
2024-02-05,later,0.0070780321352005,0.007681597636795044,0.006817622581672668,0.007192417451222737
2024-02-06,later,-0.005790408833999587,-0.011240792745304108,-0.00993088619441986,-0.008987362591241185
2024-02-07,later,0.010816992045879364,0.012319465985298155,0.013576650581645965,0.01223770287094116
2024-02-08,later,-0.0056971364973068235,0.0029210750048637387,-0.0013660887588500977,-0.0013807167504310608
2024-02-09,later,0.0021489918342590332,0.0012758725371360777,0.004473128197860717,0.0026326641897519427
2024-02-12,later,-0.0164227713891983,-0.013799256161117553,-0.014755437412834168,-0.014992488321050006
2024-02-13,later,0.008267214245700837,0.0025442559574524377,0.006933208816337585,0.005914893006496953
2024-02-14,later,-0.0038883101943969723,-0.0019773368744850158,0.003149829165172577,-0.0009052726345698038
2024-02-15,later,0.0005955233151435852,-0.0006581200204849243,-0.002757951461791992,-0.000940182722377777
2024-02-16,later,-0.0035406194475173947,-0.0011992706619262695,-0.0033033031566619873,-0.0026810644220352175
2024-02-20,later,0.006902348292160034,0.007634742046070098,0.00586538270072937,0.006800824346319834
2024-02-21,later,0.011897136343574524,0.008549382117557526,0.009756141705852936,0.010067553388994996
2024-02-22,later,0.010797294312667845,0.014323903491306304,0.008203966526889801,0.011108388110287984
2024-02-23,later,0.00006185329866409301,0.0017233094170570373,0.005516676807689667,0.002433946507803599
2024-02-26,later,-0.004325030940532684,-0.005329696411514282,-0.003343608430480957,-0.004332778594175975
2024-02-27,later,-0.011242020610296822,-0.015265566166687011,-0.012634886930847168,-0.013047491235943667
2024-02-28,later,0.0031750912959098813,0.006471338079357147,0.006268343108463287,0.005304924161243438
2024-02-29,later,0.007659826053428649,0.0017388394965171814,0.0038147149974822997,0.004404460182476044
2024-03-01,later,-0.002521496795463562,0.002115403792762756,0.004890371580314636,0.0014947595258712764
2024-03-04,later,0.005827130131340026,0.0061710105951309204,0.008266363213157654,0.0067548346465428665
2024-03-05,later,-0.002574977508354187,-0.006137471312998676,-0.011285691530323027,-0.006666046783891964
2024-03-06,later,0.003810727121257782,0.005707934827327728,0.005971178386688232,0.005163280111757914
2024-03-07,later,0.0017773275574684143,0.006000458412933349,0.006320521435832977,0.004699435802078247
2024-03-08,later,0.001425796139717102,0.0007928100111961365,0.000195617862701416,0.0008047413378715515
2024-03-11,later,-0.0008752467509269714,0.00007852019863128662,0.00017192931957244872,-0.00020826574424107872
2024-03-12,later,0.004288829659461975,0.0059084042774200434,0.0044467897301741135,0.004881341222352044
2024-03-13,later,-0.008102045070552826,-0.0054210020842552185,-0.006108114356994629,-0.0065437205039342245
2024-03-14,later,0.0036446843691825864,0.005193976609134674,0.007902035959243775,0.005580232312520345
2024-03-15,later,0.0004816010540008545,-0.00044683713283538815,-0.005661115104293823,-0.001875450394376119
2024-03-18,later,0.0009341851390838623,0.0028254774267196655,-0.0022200453411102294,0.0005132057415644328
2024-03-19,later,0.0025365216427205564,0.0008635793083190918,0.0038838482061386106,0.0024279830523927528
2024-03-20,later,0.001490378367137909,0.002163756657886505,-0.0012364607617378234,0.0008058914210955303
2024-03-21,later,-0.0012452104063034057,0.0010067836503982544,0.0014182454864501953,0.00039327291018168134
2024-03-22,later,0.0009382521648406982,-0.00038282662286758424,-0.001297282131576538,-0.00024728552986780797
2024-03-25,later,-0.003691784282684326,-0.0035570218807220457,-0.0031337174130439756,-0.003460841192150116
2024-03-26,later,0.002774778004646301,0.0028202778034554,0.002912023795890808,0.0028356932013308364
2024-03-27,later,-0.0025201746906280517,-0.004182312405776978,-0.002238769500541687,-0.0029804188656489053
2024-03-28,later,0.0013056770648956298,0.004027482231330872,0.004165343461322784,0.003166167585849762
2024-04-01,later,-0.002860429069805145,0.002946949621772766,-0.0005155648455619811,-0.00014301476453145337
2024-04-02,later,0.007184445059204101,0.005137831737136841,0.006861174023151398,0.006394483606497446
2024-04-03,later,0.004149657884788513,0.0006012060488700867,0.0003850945779206275,0.0017119861705264087
2024-04-04,later,-0.002467961381435394,-0.005689686008453369,-0.0018244540300369262,-0.00332736713997523
2024-04-05,later,0.002006132760429382,0.0013192673481941222,0.0041596834341049195,0.002495027847576141
2024-04-08,later,-0.0036963125990867613,-0.006858489277839661,-0.0063379477560997,-0.005630916544342041
2024-04-09,later,-0.010112146586874197,-0.00880881474609375,-0.01294192550497055,-0.010620962279312833
2024-04-10,later,-0.00203965818901062,-0.000058105666923522945,0.001739544689941406,-0.0001194063886642456
2024-04-11,later,-0.004799229182338715,-0.0050691965594291686,-0.0028078425917625427,-0.004225422777843476
2024-04-12,later,0.0016287751551628113,0.0031419673745155335,0.005665249259471893,0.003478663929716746
2024-04-15,later,0.004067819684505462,0.006007717042160034,0.002057920696735382,0.004044485807800293
2024-04-16,later,0.0006894451429367065,-0.0015834443418914794,0.0006761133728981018,-0.000072628608685557
2024-04-17,later,-0.0021678641520500182,-0.0012667109816551208,-0.0030500965300559995,-0.002161557221253713
2024-04-18,later,-0.0002085451418876648,-0.0019576242533683778,-0.0008752410486221313,-0.0010138034812927246
2024-04-19,later,0.000338763094997406,0.0011426628404617308,-0.0012122502735137939,0.00008972522064844763
2024-04-22,later,0.0004431133798599243,-0.0007382674347877502,0.0010467104307174682,0.00025051879192988075
2024-04-23,later,-0.008397740078258513,-0.003339283855438232,-0.007466510028383208,-0.006401177987359984
2024-04-24,later,-0.01047670609254837,-0.009112453839588164,-0.007622285543918609,-0.009070481825351714
2024-04-25,later,-0.004330044855880737,-0.006759713421154022,-0.0028651769682884213,-0.004651645081774393
2024-04-26,later,-0.0041565491928100586,-0.006603964691162109,0.0019628739797592164,-0.0029325466347376503
2024-04-29,later,0.00030014886121749876,0.00014692246780395507,0.0020342218190193173,0.0008270977160135905
2024-04-30,later,-0.003481744551223516,-0.0006236631955146789,0.0007673210117340088,-0.0011126955783347288
2024-05-01,later,0.00479888753786087,0.003578701170825958,0.00753320250082016,0.005303597069835663
2024-05-02,later,0.0011372740951538086,-0.002531424394035339,-0.005045722648334503,-0.002146624315738678
2024-05-03,later,-0.0027553723781585694,-0.0014736810291290283,0.001034534952545166,-0.001064839484914144
2024-05-06,later,0.004393692802429199,0.001915940620422363,0.01140811938495636,0.005905917602602641
2024-05-07,later,-0.002202972055530548,-0.0014100890642852304,0.0014857221228599547,-0.0007091129989852746
2024-05-08,later,0.0066177356290817255,0.007056181986713409,0.005456695888233184,0.006376871168009439
2024-05-09,later,-0.010266513651371002,-0.0011195451489448547,-0.0035543924099922177,-0.004980150403436024
2024-05-10,later,0.0010881411370277404,0.002501419069576263,0.004268896748161315,0.0026194856515884394
2024-05-13,later,-0.015220210705280303,-0.008708874550819397,-0.015535738692378996,-0.013154941316159565
2024-05-14,later,-0.01839155887918472,-0.005756888914489746,-0.007795665043879987,-0.010648037612518152
2024-05-15,later,0.014662494303798675,0.007539337806892395,0.008951381168746948,0.01038440442647934
2024-05-16,later,0.009036981978607177,-0.002410557909965515,-0.0032654673977851865,0.001120318890285492
2024-05-17,later,0.0010914984319686889,-0.00017335620231628417,0.002429864106655121,0.0011160021121025085
2024-05-20,later,-0.007821425324535369,-0.004579452462482452,-0.0027798410175323483,-0.005060239601516723
2024-05-21,later,0.005343005982272625,0.0036185765652656555,0.0064551641963005064,0.005138915581279596
2024-05-22,later,-0.0008259172045707703,-0.0036951817943572996,0.0010672468525886535,-0.0011512840487798055
2024-05-23,later,0.004622900371932983,0.005266765431308746,0.005652756358623504,0.005180807387288411
2024-05-24,later,0.0018274953266143798,-0.005285879991436005,-0.004635038151264191,-0.002697807605361939
2024-05-28,later,-0.004426522095680237,-0.005791816131687164,-0.004223789968013763,-0.004814042731793721
2024-05-29,later,0.006507035238647461,0.001573233793267059,0.0039710359873771665,0.0040171016730972285
2024-05-30,later,0.00571753215303421,-0.006748142834281921,-0.0055950650025367735,-0.0022085585612614945
2024-05-31,later,0.007971372217655181,0.007555694838905334,0.0028398092714309693,0.006122292109330495
2024-06-03,later,-0.007293150142002105,-0.013665612811946868,-0.008124514746189117,-0.00969442590004603
2024-06-04,later,0.006641520331954955,0.007274570398712158,0.006014921787428522,0.006643670839365211
2024-06-05,later,0.000562062508392334,0.0010180221641540527,0.001673688407230377,0.0010845910265922546
2024-06-06,later,0.0020572302353858945,0.003605557755470276,0.0009714308829307555,0.0022114062912623085
2024-06-07,later,0.002004057511806488,0.006390646662330627,0.0036272224164962765,0.004007308863544464
2024-06-10,later,0.0010517477668762207,-0.0002096239399909973,0.0035949654544830323,0.0014790297604560852
2024-06-11,later,-0.004944898643794727,-0.0034119984716415403,-0.002566368043708801,-0.0036410883863816895
2024-06-12,later,0.004847094365501403,-0.0001621241305351257,0.0012008646445274352,0.0019619449598312377
2024-06-13,later,0.0007539791666984558,0.0001095120807647705,0.00021150439414978025,0.0003583318805376689
2024-06-14,later,-0.00171264501247406,-0.0009354235898971558,-0.0042354362042427065,-0.0022945016022046408
2024-06-17,later,0.004218079604530334,0.008178164113903045,0.002335748641967773,0.0049106641201337176
2024-06-18,later,0.005484070243740082,0.0029907388068588733,0.004157269460010529,0.004210692836869828
2024-06-20,later,-0.0021745166915893553,0.0033763087507247924,0.006207104083824157,0.002469632047653198
2024-06-21,later,-0.0031287035737991332,-0.004086243261146545,-0.004458271810436248,-0.0038910728817939757
2024-06-24,later,0.005890465095996856,-0.00015886519184112548,0.005273855239105224,0.003668485047753652
2024-06-25,later,-0.0036785163316726682,-0.004924734884452819,-0.0062794233537524224,-0.004960891523292637
2024-06-26,later,-0.009481235606098174,-0.007203635416984558,-0.009697119549179076,-0.008793996857420603
2024-06-27,later,-0.003894996936225891,-0.0019173814115524292,-0.0021008187433242797,-0.0026377323637008666
2024-06-28,later,0.0022452087503433225,0.0005562672792434692,-0.0015352627858161926,0.0004220710812568664
2024-07-01,later,-0.005632761246109008,-0.0006892143049240112,0.00043961890983581543,-0.0019607855470657348
2024-07-02,later,-0.00003662220930328403,-0.0023276681131362913,-0.001959796790409088,-0.0014413623709495546
2024-07-03,later,0.006416848393249511,0.0022434567443847656,-0.001095526417160034,0.0025215929068247477
2024-07-05,later,-0.0014975947830200194,-0.0038087672983169556,-0.0011893609865188599,-0.0021652410226186115
2024-07-08,later,-0.001348250878047943,-0.0036318565279006955,-0.005391006075954437,-0.0034570378273010246
2024-07-09,later,0.0043217578083992,0.0024564899776324273,-0.00015375097532272338,0.0022081656035696346
2024-07-10,later,0.005528874864864349,0.004956799117660522,0.004605553288078308,0.00503040909020106
2024-07-11,later,-0.006134856634616851,0.004332067761421203,-0.0030724550526618957,-0.0016250813086191812
2024-07-12,later,-0.0018477233865737913,0.0000311328914642334,-0.0014024331405639648,-0.0010730078785578408
2024-07-15,later,-0.002376974233341217,0.0005161366594314575,0.0039338213316917415,0.0006909945859273273
2024-07-16,later,-0.0005905158967018127,0.0026983207273483275,-0.0019208864234636798,0.00006230613572761163
2024-07-17,later,-0.008542743613910674,-0.003267389942741394,-0.010636450884819031,-0.0074821948138237004
2024-07-18,later,0.008568324251174927,0.01714372541255951,0.008945156255722045,0.01155240197315216
2024-07-19,later,-0.0014184651762962342,-0.0038690569595336913,0.0011637659656524657,-0.0013745853900591534
2024-07-22,later,0.010308971543502807,0.007792594776535034,0.008328554874706268,0.008810040398248037
2024-07-23,later,0.0038330287895118713,0.0031539158239364622,0.004496063886260986,0.003827669499903107
2024-07-24,later,-0.006312212546157837,-0.008712908945846557,-0.010272232227039336,-0.008432451239681242
2024-07-25,later,-0.00849055710582733,0.002684735079574585,-0.01200939943742752,-0.005938407154560089
2024-07-26,later,0.0020075844428062437,0.0018827581533432006,-0.003647101155185699,0.00008108048032124835
2024-07-29,later,0.005743943838500977,0.0065901986845016474,0.003036233899402618,0.005123458807468414
2024-07-30,later,0.003884966701698303,-0.001960452442458439,0.005455148892593384,0.002459887717277749
2024-07-31,later,0.0020528065517425535,0.009737055668735504,0.003351097162914276,0.005046986461130778
2024-08-01,later,0.007601960297966003,-0.0002015747113227844,0.0005573232560157776,0.002652569614219665
2024-08-02,later,-0.0046950234953880305,-0.0057625407746315,-0.0034038079083442687,-0.004620457392787933
2024-08-05,later,-0.008040415111064911,-0.007349077912807464,-0.00851047210292816,-0.007966655042266846
2024-08-06,later,0.01986998778066635,0.01384621969127655,0.012292790036297655,0.015336332502746852
2024-08-07,later,-0.00018385905513763426,-0.00014554383854866026,-0.0006996441556930542,-0.00034301568312644957
2024-08-08,later,0.006220282038497924,0.005077932262659073,0.008954837918281555,0.006751017406479517
2024-08-09,later,0.008435153161239623,0.005906749367904663,0.006317087807846069,0.006886330112330118
2024-08-12,later,0.005785791536521911,0.008177159314966202,0.007332877586650848,0.007098609479379654
2024-08-13,later,-0.008921356048059893,-0.013042348324537276,-0.010140786725330352,-0.010701497032642506
2024-08-14,later,0.0036707935141563415,0.006715342814540863,0.005823092306423187,0.005403076211706798
2024-08-15,later,-0.0009504353025436401,0.001881413048171997,0.0028147883788108823,0.001248588708146413
2024-08-16,later,0.002367568597793579,-0.0001460302713394165,0.0016202823801040648,0.0012806069021860757
2024-08-19,later,0.000307605234336853,0.0024655348653793334,0.002262031852817535,0.0016783906508445739
2024-08-20,later,0.0005768856482505798,0.0027409069540120594,0.000985681519126892,0.0014344913737965106
2024-08-21,later,0.004988730788612366,-0.0010049243319511414,0.0039830320384979245,0.002655612831719716
2024-08-22,later,0.0043236636872291566,0.005295515186691284,0.0034243963747024537,0.004347858416207631
2024-08-23,later,-0.006609281077671051,-0.00639600230436325,-0.005050328641605377,-0.006018537341213226
2024-08-26,later,0.0019651544957160947,0.0034211919839859006,0.0004126679639816284,0.0019330048145612079
2024-08-27,later,0.0013868715745925903,0.0018327812949180601,0.0005540914518115997,0.0012579147737740834
2024-08-28,later,0.001861415491771698,0.003113387948989868,0.004548325046634674,0.0031743761624654135
2024-08-29,later,-0.004963423494338989,-0.003354307526683807,0.0006857824029922485,-0.002543982872676849
2024-08-30,later,0.0055623359741210935,0.004642706002616882,0.005867770077705383,0.005357604018147786
2024-09-03,later,0.002623130801773071,0.0007027567609786987,-0.0011349576920509337,0.0007303099569002787
2024-09-04,later,-0.00421091461490345,-0.001620342094039917,0.0031793761066436768,-0.0008839602007665632
2024-09-05,later,-0.0028077227155685423,0.00006389197006225585,-0.0002979061918258667,-0.001013912312444051
2024-09-06,later,0.003291973309898376,0.00006597118701934814,0.0029536588525772094,0.002103867783164978
2024-09-09,later,0.0032717055295944215,0.0032067919410705566,0.004321322745609283,0.0035999400720914203
2024-09-10,later,0.0033290567770957943,-0.004088142269259166,0.0029311353363990784,0.0007240166147452357
2024-09-11,later,-0.003650722171783447,0.0006427543466567993,-0.0019305930687904358,-0.0016461869646390277
2024-09-12,later,0.001696782611465454,0.0007135277297973632,0.00182273852186203,0.0014110162877082825
2024-09-13,later,-0.004785772088432312,-0.006357725408363342,-0.007948463903808593,-0.00636398713353475
2024-09-16,later,0.0030237935293197632,0.0030649958006858822,0.0017569132122039794,0.0026152341807365413
2024-09-17,later,-0.0019839644533157347,-0.0012664485090255737,-0.0037110781867241384,-0.0023204970496884824
2024-09-18,later,-0.005461524943351745,-0.0007225662581443786,0.002409624414730072,-0.001258155595588684
2024-09-19,later,0.0021576621423721313,0.009752358397388458,0.009385551331233978,0.007098523956998189
2024-09-20,later,0.006621290622520447,0.010295248051357269,0.007789271845245361,0.008235270173041025
2024-09-23,later,0.005533110690689087,0.006332968717575073,0.005976193927288055,0.005947424445184071
2024-09-24,later,-0.0005041154434134005,0.00005893553428649902,0.0031013058736801147,0.0008853753215177378
2024-09-25,later,0.00315848850402832,0.004352736969089508,0.0017589400963783264,0.003090055189832051
2024-09-26,later,-0.006269473987293243,-0.004246742857646942,-0.0006426036033630371,-0.003719606816101074
2024-09-27,later,-0.0006622715274810791,0.00035604628658294677,-0.00510762338848114,-0.0018046162097930909
2024-09-30,later,0.0050788114111900325,0.003564830917930603,0.002381904869556427,0.0036751823995590208
2024-10-01,later,0.0025510417576789855,0.002471486221523142,0.003828255090522766,0.0029502610232416313
2024-10-02,later,0.00032463629970550537,0.002384207398223877,0.0021238284850120543,0.0016108907276471453
2024-10-03,later,0.0009759736055374145,0.0027509018987655637,0.005355870645141601,0.0030275820498148597
2024-10-04,later,-0.00048636232204437256,-0.001728822096633911,0.0013389611886024475,-0.0002920744100252787
2024-10-07,later,-0.0024417563009262082,-0.00126639807844162,-0.0007420191862106323,-0.0014833911885261536
2024-10-08,later,-0.002935054060745239,0.002500797676563263,0.003504291860353422,0.0010233451587238153
2024-10-09,later,0.0031501512569427487,0.0026841720067977905,0.000433249658870697,0.0020891909742037453
2024-10-10,later,-0.006488164043617248,-0.005893736724853515,-0.008974737576293945,-0.007118879448254903
2024-10-11,later,-0.0017356415973663328,-0.003708383704662323,-0.00389009402141571,-0.003111373107814789
2024-10-14,later,-0.0027594294381141663,0.0020044965638160704,0.0008939064551353454,0.000046324526945749804
2024-10-15,later,0.011312225484711504,0.00834873867702484,0.011646102202606201,0.010435688788114182
2024-10-16,later,-0.007450573080158234,-0.007933380192089081,-0.010210746135616303,-0.008531566469287872
2024-10-17,later,-0.0037557973203659056,-0.0018134751392364502,-0.004342995899677277,-0.0033040894530932106
2024-10-18,later,0.0005948470081329346,0.002118675821495056,-0.0011905607152938842,0.0005076540381113687
2024-10-21,later,-0.00042908709554672237,0.0007358658693313599,-0.0037184867350578306,-0.0011372359870910644
2024-10-22,later,-0.008948907184314727,-0.005123072583842231,-0.005595314998054504,-0.006555764922070488
2024-10-23,later,0.0024338709752082825,0.00472095471496582,0.002818222271156311,0.003324349320443471
2024-10-24,later,-0.012416302616119384,-0.009714985835266112,-0.006474961565685272,-0.009535416672356923
2024-10-25,later,-0.011730350482463837,-0.011997612339782714,-0.015885080740737915,-0.013204347854328155
2024-10-28,later,-0.010668450317955016,-0.011216351360988617,-0.012361126865577696,-0.011415309514840441
2024-10-29,later,0.003145236723613739,0.0018446448309898376,-0.0026943924728604317,0.000765163027247715
2024-10-30,later,0.0212121536737442,0.01999891163330078,0.016774088828372953,0.01932838471180598
2024-10-31,later,0.002543079665470123,0.0007698809942245483,0.0015202581394195556,0.0016110729330380757
2024-11-01,later,-0.012231813088989258,-0.012400126612281799,-0.014906872515201569,-0.013179604072157541
2024-11-04,later,0.0012359558227539062,0.0021802280997276304,-0.002741555724143982,0.00022487606611251826
2024-11-05,later,0.001405118930981637,-0.0021122492837905883,-0.0012318399958610533,-0.0006463234495566682
2024-11-06,later,0.006190891683197021,-0.00023905847091674803,-0.004280863203907013,0.0005569900027910867
2024-11-07,later,0.0013595980887413023,-0.00046793335771560667,-0.001932264566707611,-0.0003468666118939718
2024-11-08,later,0.0133972286154747,0.005421767565345764,0.010393781532859801,0.009737592571226755
2024-11-11,later,-0.0060865293961524965,-0.0024557744566917417,-0.003089635921573639,-0.0038773132581392928
2024-11-12,later,0.009533792736816406,0.004916959667135906,0.006361966571044922,0.006937572991665745
2024-11-13,later,0.007925238462162018,0.009873610391521454,0.006689575948619842,0.008162808267434438
2024-11-14,later,-0.00045117227725982665,0.0007728027704238891,-0.005009078941440582,-0.0015624828160921732
2024-11-15,later,0.006530047265529632,0.004261219396305084,0.0024002414410591124,0.004397169367631276
2024-11-18,later,0.006871598445034027,0.005699433763980865,0.002810038193416595,0.0051270234674771625
2024-11-19,later,-0.0020350747665405272,-0.005538335499000549,-0.006591536146789741,-0.0047216488041102725
2024-11-20,later,-0.007168457412052154,-0.0042158866320610045,-0.0037127050106048583,-0.005032349684906005
2024-11-21,later,-0.0069585312276840205,-0.007646722662448883,-0.0011568168212890625,-0.005254023570473988
2024-11-22,later,0.00029736518058776854,-0.0022212128584861756,-0.003720803460407257,-0.0018815503794352214
2024-11-25,later,-0.010234434247875214,-0.006176901598072051,-0.0038423625649452206,-0.006751232803630829
2024-11-26,later,0.006406789339849233,0.00445282028388977,0.005235952966213226,0.005365187529984077
2024-11-27,later,-0.005309329329490661,0.0003065282294273376,-0.0007391524599075317,-0.001913984519990285
2024-11-29,later,0.003057650204372406,0.000076795441532135,-0.0003236381989479065,0.0009369358156522115
2024-12-02,later,-0.006311436751747131,-0.0019122985173225403,-0.002288091161251068,-0.0035039421434402466
2024-12-03,later,0.00018073302545547484,0.00043748883820810333,0.0026739063292503355,0.001097376064304638
2024-12-04,later,-0.00045666593837738034,-0.002662714007568359,-0.0011295976006507873,-0.0014163258488655089
2024-12-05,later,-0.0026820590112686155,-0.0003649180946350097,-0.0027217002159118653,-0.0019228924406051635
2024-12-06,later,-0.0074150473074913025,-0.0043826270819664,-0.0038766164559364317,-0.005224763615131378
2024-12-09,later,-0.01012910142803192,-0.010251759412765503,-0.005671096156215668,-0.00868398566567103
2024-12-10,later,0.004924013776969909,0.004209257909011841,0.00801181342396903,0.005715028369983593
2024-12-11,later,0.0003081751070022583,0.0033490097244262694,-0.001552565387535095,0.0007015398146311443
2024-12-12,later,-0.00025648417711257934,0.0006575992552757263,-0.0004426753127098083,-0.000013853411515553797
2024-12-13,later,-0.0007932993431091309,0.0015139825004577636,0.002003408045864105,0.0009080304010709127
2024-12-16,later,-0.0015620614018440246,0.0004019673478126526,-0.0009522639472961425,-0.0007041193337758381
2024-12-17,later,-0.006685495478543185,-0.0028780010540008544,-0.0071645661086082455,-0.005576020880384096
2024-12-18,later,-0.0028435295449256897,0.004621020955944061,-0.0009885623865127564,0.0002629763415018716
2024-12-19,later,0.003917275301933289,0.005159274841594696,0.004385300936985016,0.004487283693504333
2024-12-20,later,0.003327769815158844,0.0017234051814079283,0.00012946526117324828,0.0017268800859133401
2024-12-23,later,-0.0034911655160903927,-0.002603792507266998,-0.005453717754173279,-0.003849558592510223
2024-12-24,later,0.0015659413562774658,0.0010105544301508911,0.0015397519241333007,0.0013720825701872194
2024-12-26,later,-0.005870282311439514,-0.005111316446590423,-0.003106552877521515,-0.004696050545183818
2024-12-27,later,-0.0005783684699058533,-0.0006195556827545166,-0.0013810967654228209,-0.0008596736393610636
2024-12-30,later,0.0019484598196983336,0.0008504630935668944,0.0011313766721725463,0.0013100998618125915
2024-12-31,later,-0.0001860634614944458,-0.0003076079542160034,-0.0012015917250998496,-0.000565087713603433
2025-01-02,later,-0.0046068383586883544,0.00003729727449417114,-0.002091010038471222,-0.002220183707555135
2025-01-03,later,0.0010546380020141602,0.00036322920722961423,0.00014852283716201782,0.0005221300154685974
2025-01-06,later,-0.006808427917098999,-0.006225301422023773,-0.011308416864871978,-0.008114048734664916
2025-01-07,later,0.0026508441400151734,0.002297937260532379,0.006014411124706268,0.00365439750841794
2025-01-08,later,0.014823183458232879,0.013623775434494018,0.013705952712631225,0.014050970535119375
2025-01-10,later,-0.011274962809753418,-0.012154661158466338,-0.014715499147891997,-0.012715041038703918
2025-01-13,later,0.0015290222311019896,-0.0014058914386749267,-0.00009034392805099487,0.000010928954792022686
2025-01-14,later,0.015188954990291595,0.016637549054820157,0.01315392590637207,0.014993476650494608
2025-01-15,later,0.0065375116530418395,0.005665034314346313,0.002052152837181091,0.004751566268189748
2025-01-16,later,0.0066729791680336,0.009068014239501952,0.010440056449794769,0.008727016619110108
2025-01-17,later,0.00015478131856918334,0.0022732421107292174,-0.000797639395904541,0.0005434613444646199
2025-01-21,later,0.008010252706050873,0.005952143731212616,0.005840702945613861,0.006601033127625783
2025-01-22,later,-0.0012561593857765196,-0.0034935208459854123,-0.00159487951445837,-0.002114853248740101
2025-01-23,later,-0.0029683681742668153,0.00187500153465271,-0.0051344629031181335,-0.0020759431809107463
2025-01-24,later,-0.003095315928649902,0.0017153538514137268,-0.0036971758814811706,-0.0016923793195724485
2025-01-27,later,0.0083430309756279,0.007001182121753692,0.007574554528331757,0.0076395892085711166
2025-01-28,later,-0.0004168807519567012,0.0022270188833236693,0.00014595076112747192,0.00065202963083148
2025-01-29,later,0.005091607085323333,0.006790863790798187,-0.00039699754905700684,0.0038284911090215048
2025-01-30,later,0.003407954542541504,0.004227893021583557,-0.001044600161743164,0.0021970824674606326
2025-01-31,later,0.003196906654167175,0.002329833337497711,0.0035060852943420407,0.0030109417620023094
2025-02-03,later,0.006189084327888488,0.010218349297714233,0.0100225576379776,0.008809997087860106
2025-02-04,later,-0.0029044887533187865,-0.00274897321684823,0.0010519985335350037,-0.0015338211455440042
2025-02-05,later,-0.0005902540668487548,-0.0025510469036102296,-0.004615680468940735,-0.0025856604797999064
2025-02-06,later,0.0063321856307983395,0.006069937609004974,0.010946859673213958,0.00778299430433909
2025-02-07,later,0.003385369758415222,0.008409441150093079,0.0017747365538597105,0.004523182487456004
2025-02-10,later,-0.0011557446519851683,-0.0056963286605834955,-0.001912084170627594,-0.002921385827732086
2025-02-11,later,0.004749018241882324,0.006551192762947082,0.0037324666102425573,0.005010892538357321
2025-02-12,later,0.0018663438596725464,-0.0018548897290229795,0.001026429075241089,0.0003459610686302186
2025-02-13,later,-0.0009641773126602173,-0.011454940035057067,-0.0007255726123809814,-0.004381563320032755
2025-02-14,later,-0.004925893347740173,0.003196667381095886,0.0014994460264205931,-0.00007659331340789803
2025-02-18,later,0.0022542465948104857,0.0037617304696083067,0.005053032488250732,0.0036896698508898412
2025-02-19,later,0.00506819119015398,0.003892597497940063,0.0023804236289024353,0.0037804041056654926
2025-02-20,later,-0.005658470851898193,-0.00706142024974823,-0.006740206477260589,-0.006486699192969004
2025-02-21,later,0.0023221378231048583,0.009429867182540894,0.008837250674819946,0.0068630852268218995
2025-02-24,later,-0.004086335686302185,-0.004059770123386383,-0.004299862750339508,-0.004148656186676025
2025-02-25,later,0.006703130622863769,0.005023745208850289,0.0063372356111526485,0.006021370480955569
2025-02-26,later,0.01846843239879608,0.013974130500221251,0.010784976133346558,0.014409179677454628
2025-02-27,later,0.011280045680236815,0.00538805703792572,0.006155852236747741,0.007607984984970092
2025-02-28,later,0.02387087109413147,0.016708247966957093,0.017638714950752258,0.019405944670613604
2025-03-03,later,0.0030507912143707275,0.0028195995035171506,0.0031616846809387204,0.0030106917996088663
2025-03-04,later,-0.011072742072486878,-0.012203410743427276,-0.0108376528419322,-0.011371268552615452
2025-03-05,later,0.0036979914340972897,0.0007557653787612915,0.0022812369441986085,0.002244997919019063
2025-03-06,later,-0.015263679439353943,-0.01625782912721634,-0.014744973565006255,-0.015422160710525512
2025-03-07,later,-0.017528359133911132,-0.01962313137655258,-0.01669057571992874,-0.017947355410130816
2025-03-10,later,0.0012043396446228026,-0.0025080330194473264,0.0010516568634033202,-0.00008401217047373452
2025-03-11,later,0.012547342474808357,0.005497430009365082,0.0020271483278274534,0.006690640270666965
2025-03-12,later,0.009812840422153472,0.008667077260303496,0.005865948630046844,0.008115288770834604
2025-03-13,later,-0.004629678710079193,-0.010870094723796844,-0.008070268337535857,-0.00785668059047063
2025-03-14,later,0.0030644259264945985,0.01112528235502243,0.0089580945728302,0.007715934284782409
2025-03-17,later,-0.003337526944255829,-0.0023936492381095883,-0.0021261743870735167,-0.002619116856479645
2025-03-18,later,-0.00029267288150787354,-0.0004593605064473151,0.0013602158011436461,0.00020272747106281916
2025-03-19,later,0.006536962434577942,0.004874192491149902,0.006167097206974029,0.005859417377567291
2025-03-20,later,0.003314686063671112,0.0008196545131683349,0.00022278755378723144,0.0014523760435422263
2025-03-21,later,-0.0015192897632598876,-0.0021085535210609435,-0.0019918464163780213,-0.0018732299002329506
2025-03-24,later,0.006297512215423583,0.006081764601802825,0.005389377541065216,0.005922884786097208
2025-03-25,later,0.0053040931454658505,0.002751347237586975,0.0023926038598831184,0.0034826814143119815
2025-03-26,later,-0.0028986249440193174,0.0022733387269973752,0.0029233291796684265,0.0007660143208821614
2025-03-27,later,-0.011586426878547667,-0.011555965583229064,-0.007556927264976501,-0.01023310657558441
2025-03-28,later,0.00008679125900268554,0.0007564903342247009,-0.0033460928746223448,-0.0008342704271316528
2025-03-31,later,0.011170828183174133,0.01388809995651245,0.010794544230365752,0.011951157456684111
2025-04-01,later,0.0031699321125023836,0.007801566242218018,0.004613397750663757,0.005194965368461386
2025-04-02,later,-0.002720497025489807,-0.0009003574380874633,-0.005057322633552551,-0.0028927256990432734
2025-04-03,later,-0.005724823512268066,0.007506158286190032,-0.0009738200015068053,0.00026917159080505366
2025-04-04,later,-0.018413480267238616,-0.009134989408969878,-0.016642688256168364,-0.014730385977458953
2025-04-07,later,-0.004522385224533081,-0.006378648357391357,-0.006550745976448059,-0.005817259852790832
2025-04-08,later,0.012757044187831879,0.0085989481479475,0.010824567415046692,0.010726853250275357
2025-04-09,later,0.007389575580215454,-0.00008934149503707886,0.0019116079013824462,0.0030706139955202737
2025-04-10,later,0.00046113193111419675,0.005603252158164978,0.0005649738112449646,0.0022097859668413797
2025-04-11,later,0.004253288856697082,0.0060164784771919244,0.005887325570392609,0.0053856976347605385
2025-04-14,later,0.0019901550519943237,0.001159483016872406,0.00031190527753829954,0.0011538477821350097
2025-04-15,later,0.006636021425056457,0.005985622500324249,0.0027916721237983225,0.00513777201639301
2025-04-16,later,-0.0063911570765972136,-0.005193623065280914,-0.004404224837684631,-0.00532966832652092
2025-04-17,later,-0.005924132646274566,-0.006817816697597503,-0.004005933183288574,-0.005582627509053548
2025-04-21,later,-0.007863030894231796,-0.007781371819400787,-0.00523770025730133,-0.0069607009903113045
2025-04-22,later,0.007878222882270813,0.008267273547744751,0.005807600326442718,0.007317698918819428
2025-04-23,later,0.0027660842511924274,0.00015095614080429078,0.00035141523609161376,0.0010894852093627772
2025-04-24,later,-0.000853866383934021,-0.0016320565285682677,-0.0011470791159629821,-0.0012110006761550903
2025-04-25,later,0.00034709153795242306,0.0007393691570281982,-0.0006100376926422119,0.00015880766744613643
2025-04-28,later,0.0020434014791488645,0.0035921669329643247,0.0022900274011611937,0.0026418652710914607
2025-04-29,later,0.0027571266289710995,-0.0005560977444204335,0.0051580059556007385,0.0024530116133838014
2025-04-30,later,0.005529316081523895,0.006191244493865967,0.00889695896987915,0.00687250651508967
2025-05-01,later,0.002901300303173065,0.0021531006680488587,0.0025123380730628967,0.00252224634809494
2025-05-02,later,-0.0010104468801498412,-0.0001691815143585205,-0.002965600966644287,-0.001381743120384216
2025-05-05,later,0.003636236529636383,0.003632612425136566,0.0027389659211158753,0.0033359382919629413
2025-05-06,later,0.004977792707633972,0.0031891407094955444,0.004334827247768305,0.0041672535549659405
2025-05-07,later,0.003307883191680908,0.0043111622184753414,0.0020042916571617127,0.003207779022439321
2025-05-08,later,-0.00484695601940155,-0.006984806203269958,-0.005722680715084075,-0.005851480979251862
2025-05-09,later,-0.004704183854198456,-0.005470267820930481,-0.006140244034290313,-0.00543823190313975
2025-05-12,later,-0.0037036369217872617,-0.003919382068443298,-0.0056685367456436155,-0.004430518578624725
2025-05-13,later,-0.004244285486944199,-0.0026641698553085324,-0.003075274027442932,-0.0033279097898985545
2025-05-14,later,-0.0006652413990020752,-0.0012495465229034424,0.001299341269302368,-0.00020514888420104988
2025-05-15,later,0.011145515934753417,0.005088686187934875,0.006645697296714783,0.007626633139801026
2025-05-16,later,0.0033195056989669797,0.0015959076236724853,-0.0005920352566719055,0.0014411260219891866
2025-05-19,later,0.009041309332370758,0.006359561632823944,0.005134139437627792,0.0068450034676074975
2025-05-20,later,-0.0038635095872879026,-0.003746380810675049,-0.0003558173725128174,-0.002655235923491923
2025-05-21,later,0.003911071096134186,0.007318878820896148,0.003806291615915298,0.005012080510981878
2025-05-22,later,-0.008538235127830505,-0.012415708402633667,-0.0066469719460487365,-0.009200305158837636
2025-05-23,later,0.008601134134483338,0.002946812615394592,0.0007773611788749695,0.004108435976250967
2025-05-27,later,-0.003177932531738281,-0.0027607573429107666,-0.0016226670569896697,-0.002520452310546239
2025-05-28,later,0.002959870121574402,0.0028513287901878355,0.003540478330717326,0.003117225747493188
2025-05-29,later,0.0012448058139801024,0.002236758941841125,0.0019185437351226806,0.0018000361636479692
2025-05-30,later,0.009745636145401,0.00974136699333191,0.009231321102046965,0.009572774746926626
2025-06-02,later,0.003894289385795593,0.006072226723957062,0.0036126800704956055,0.00452639872674942
2025-06-03,later,-0.005976744832504797,-0.010714459005355835,-0.010162263389587402,-0.008951155742482677
2025-06-04,later,-0.0027148199299812316,-0.004908066016769409,-0.004061169345188141,-0.003894685097312927
2025-06-05,later,0.0013794690690994262,0.0019061276675224304,-0.0006346645137786865,0.0008836440742810567
2025-06-06,later,-0.0014323499110221862,-0.0024108826409339904,-0.00010075204801559447,-0.0013146615333239234
2025-06-09,later,-0.00954836826839447,-0.009981198732948303,-0.009480094462013245,-0.009669887154452007
2025-06-10,later,-0.0037071253479003903,-0.008792659129691885,-0.00418590092716217,-0.005561895134918149
2025-06-11,later,0.0024509802011489865,0.005796735090637207,0.0010181619047164917,0.0030886257321675616
2025-06-12,later,0.002955142551612854,0.004712768830680847,0.0036695398515701294,0.003779150411287943
2025-06-13,later,0.006505789656352997,0.0058196395185470574,0.004146534010601044,0.005490654395167033
2025-06-16,later,-0.006892190536689758,-0.0022563712275505063,-0.005114931124687194,-0.0047544976296424865
2025-06-17,later,0.0025801494225502013,0.0034365259984016415,0.0016175373333867085,0.002544737584779517
2025-06-18,later,-0.0021736891384124754,0.0009739950981140136,-0.006066727327728271,-0.002422140456008911
2025-06-20,later,-0.0017177941706657408,0.000822290711402893,0.0014491312552452086,0.00018454259866078696
2025-06-23,later,0.0034855998993873595,0.007611310907459258,0.009236599999332427,0.006777836935393015
2025-06-24,later,-0.0009554589223504066,-0.005169339398670196,-0.003394256424427032,-0.003173018248482545
2025-06-25,later,-0.00014206046066284178,-0.0008599090551376342,0.000693608895111084,-0.00010278687356313069
2025-06-26,later,0.0015547075065612793,-0.005905666415786743,-0.002679014431285858,-0.002343324446837107
2025-06-27,later,0.010946162051105499,0.010436155327510833,0.010530017368125914,0.010637444915580748
2025-06-30,later,0.0037878096606254576,0.0029649852801322935,0.0011716001662254332,0.0026414650356610613
2025-07-01,later,-0.008853639640426635,-0.017872793011365316,-0.010703353685092926,-0.012476595445628291
2025-07-02,later,-0.013753019918346404,-0.0180726586728096,-0.016639309914684295,-0.016154996168613434
2025-07-03,later,0.006258259836578369,0.00552645158996582,0.004913980336093903,0.005566230587546031
2025-07-07,later,0.0072367016223907465,0.010822436815452575,0.006425706736087799,0.00816161505797704
2025-07-08,later,-0.014174438126659392,-0.017191152083110808,-0.015649091202831266,-0.015671560470867155
2025-07-09,later,-0.0027977752215385438,-0.005110734556865692,-0.007748978493097495,-0.005219162757167244
2025-07-10,later,-0.011003104783725738,-0.009946350786685943,-0.0072682115998268125,-0.009405889056746166
2025-07-11,later,0.002992916424465179,0.0022737265358924864,0.00015444180421829223,0.0018070282548586526
2025-07-14,later,0.005986283099079131,0.009765597504520416,0.008863875117588042,0.008205251907062531
2025-07-15,later,-0.0012431735649172798,0.002939196488380432,0.001727721830368042,0.0011412482512770646
2025-07-16,later,0.001847130500602722,0.0026968119213104246,0.0012964300738334655,0.0019467908319155374
2025-07-17,later,-0.0019930660539627075,-0.002596952801513672,-0.0033353566323280335,-0.0026417918292681378
2025-07-18,later,0.008935124618721008,0.00526799842042923,0.008179041046047211,0.007460721361732483
2025-07-21,later,-0.0012049530773162842,-0.0018233967007637024,-0.004088187194252014,-0.0023721789907773334
2025-07-22,later,-0.01300465195236206,-0.014195313832330322,-0.010330920188999176,-0.012510295324563853
2025-07-23,later,-0.01004761575527191,-0.01110683010969162,-0.006825341279411316,-0.009326595714791615
2025-07-24,later,-0.0017243037355422974,0.0017119495275497436,0.0058096306386947625,0.0019324254769007363
2025-07-25,later,-0.004442185031509399,-0.002324259159660339,-0.004676878999614715,-0.0038144410635948174
2025-07-28,later,0.0041940136919021605,0.005111228173446655,0.003987873929882049,0.004431038598410288
2025-07-29,later,0.006936561544036865,0.005182352188873291,0.007912739105238199,0.0066772176127161175
2025-07-30,later,0.001430356245803833,0.004603651521205902,0.0011162021940231324,0.002383403320344289
2025-07-31,later,0.023495360257720945,0.016592542505645753,0.022314871526813506,0.020800924763393402
2025-08-01,later,-0.0019185003070831298,-0.0015150701955795288,0.002282518413829803,-0.0003836840296109519
2025-08-04,later,0.00675160427570343,0.0030221030193328855,0.003972850199317932,0.004582185831451416
2025-08-05,later,-0.0021927393983031274,-0.0029453094545364377,-0.006536404235172271,-0.0038914843626706125
2025-08-06,later,0.01314846274471283,0.011586259908008574,0.009016916228103636,0.011250546293608346
2025-08-07,later,-0.009118268760108947,-0.0012910353555679321,-0.0056643960409164425,-0.0053579000521977735
2025-08-08,later,0.0033234278646469117,0.00858919118900299,0.005089510207843781,0.005667376420497894
2025-08-11,later,0.00825001434879303,0.004627521565532684,0.006122147848415374,0.006333227920913696
2025-08-12,later,-0.00615046964931488,-0.005520285439449787,-0.005836119872570038,-0.005835624987111568
2025-08-13,later,-0.010130014017868042,-0.01230844799671173,-0.016958394619846343,-0.013132285544808706
2025-08-14,later,0.006773353912353515,0.007741932478332519,0.00430004393119812,0.006271776773961385
2025-08-15,later,-0.005756519971656799,-0.003441858639717102,-0.008850109622478486,-0.0060161627446174626
2025-08-18,later,0.00013827391662597655,0.0009223965042114258,-0.0003480650621414184,0.000237535119565328
2025-08-19,later,0.007279384837722778,0.005595078449821472,0.0031693667416718484,0.0053479433430720326
2025-08-20,later,0.01765750318431854,0.020540137990188598,0.015618996543121337,0.017938879239209494
2025-08-21,later,-0.00801207010154724,-0.007593840435600281,-0.006051518128395081,-0.007219142888514201
2025-08-22,later,-0.012087860290336608,-0.007725695729827881,-0.008996615820598602,-0.009603390613587696
2025-08-25,later,-0.0009569465913772582,0.0011800671504974365,-0.0012443224540710448,-0.0003404006316502889
2025-08-26,later,0.007417389516214895,0.008173250399971008,0.00635298839263916,0.007314542769608354
2025-08-27,later,-0.0054984480751037595,-0.00020173151512145994,-0.003799120718860626,-0.0031664334363619485
2025-08-28,later,0.002588969135093689,-0.004276263038253784,-0.0011382589710235596,-0.0009418509580612182
2025-08-29,later,-0.005332539578342437,-0.003142001023864746,-0.005416702909755706,-0.00463041450398763
2025-09-02,later,-0.0033982802282333372,-0.0052074618240356444,-0.005036305308246613,-0.004547349120171865
2025-09-03,later,0.000857283420753479,0.0009026170802619457,0.0011935267301559447,0.0009844757437237896
2025-09-04,later,0.007721712801551818,0.011254592691898345,0.009360808243274689,0.009445704578908283
2025-09-05,later,-0.01223404877576828,-0.014689141060066222,-0.011060860077381133,-0.012661349971071878
2025-09-08,later,0.008287863364505767,0.011318147559261322,0.00757910964307785,0.00906170685561498
2025-09-09,later,0.004298746082687378,0.006831910145759582,0.007203750946128702,0.0061114690581918875
2025-09-10,later,0.0026551055207252503,0.0075884787767410275,0.006630696800041198,0.0056247603658358255
2025-09-11,later,0.0021667105667114257,-0.0027717688383102415,-0.004030237319946289,-0.0015450985305150349
2025-09-12,later,-0.0005758448296546936,-0.0008164994965553284,0.0007089129391670227,-0.00022781046234766642
2025-09-15,later,-0.0019921967361450194,0.00013417426319122314,0.0005543751729965209,-0.00043454909998575845
2025-09-16,later,-0.010334501485959099,-0.00755301426448822,-0.0081319993850708,-0.008673171711839373
2025-09-17,later,0.00228981625289917,0.009182169037914276,0.005781091905498505,0.005751025732103984
2025-09-18,later,-0.005123348055553436,-0.002058064485645294,-0.0004142952383995056,-0.002531902593199412
2025-09-19,later,0.002931068772125244,0.006221186563110351,0.00793410538482666,0.005695453573354085
2025-09-22,later,0.001366099144744873,0.00009766754598617553,0.0005085158116340637,0.0006574275007883708
2025-09-23,later,-0.008551625831890106,-0.005573815264244413,-0.0018164252656936645,-0.0053139554539427284
2025-09-24,later,-0.004295430641746521,-0.0052132227555274965,-0.006973855445766449,-0.005494169614346823
2025-09-25,later,0.010179305972385406,0.006402052216529846,0.009589665089988708,0.00872367442630132
2025-09-26,later,0.00417278685092926,0.006356782391357421,0.0027937057813644407,0.004441091674550374
2025-09-29,later,-0.0030598358715057373,-0.005531793916416168,0.002977503529167175,-0.00187137541958491
2025-09-30,later,-0.001386245584487915,0.0017740182465553283,-0.0007464858421830653,-0.0001195710600385507
2025-10-01,later,-0.02464405697174072,-0.019503163386440276,-0.020347189496326447,-0.021498136618169145
2025-10-02,later,-0.004009778808879852,-0.0033420066162109375,-0.002053214627933502,-0.0031350000176747638
2025-10-03,later,-0.0013373139680862426,-0.0028646804864883423,-0.002446889482784271,-0.0022162946457862857
2025-10-06,later,0.0056261122087478636,0.0015489768703460692,0.001063519337272644,0.0027462028054555253
2025-10-07,later,0.0030467321390811927,0.005210038391971588,0.004713318047714233,0.004323362859589005
2025-10-08,later,-0.001838134501647949,-0.0011740373145103455,-0.0018450428187370299,-0.0016190715449651081
2025-10-09,later,0.002503476142120361,-0.0021795026845932005,0.0013655257588386534,0.0005631664054552714
2025-10-10,later,0.005988864433956146,0.007463766222476959,0.009098642238616943,0.007517090965016683
2025-10-13,later,-0.0001260734917640686,-0.0016653680121421813,-0.003427985200691223,-0.001739808901532491
2025-10-14,later,0.003801113024806976,0.001845548533306217,0.004246114454555511,0.0032975920042229013
2025-10-15,later,-0.005585469532871246,-0.004315831313991546,-0.006108794473743438,-0.005336698440202077
2025-10-16,later,-0.006339723134803772,-0.0028669405162811278,-0.005541479400253296,-0.004916047683779398
2025-10-17,later,0.01421548870820999,0.014778030375003814,0.011033927715206145,0.013342482266139983
2025-10-20,later,0.0008242718803405762,-0.0002830860270500183,-0.00375512302236557,-0.0010713123896916707
2025-10-21,later,0.0065547172775268555,0.005651520002365112,0.005514937312480497,0.005907058197457488
2025-10-22,later,0.0030362372783660887,0.007744931737613678,0.0018755425576210021,0.004218903857866923
2025-10-23,later,-0.0028786086701393125,-0.0029580655891418457,-0.002519002035140991,-0.0027852254314740497
2025-10-24,later,-0.0023028925001144407,-0.004047320550632476,-0.0018958212518692015,-0.0027486781008720395
2025-10-27,later,0.0002082175805091858,0.0018953975598335266,-0.0013686843420028685,0.00024497693277994795
2025-10-28,later,0.0016024621696567526,0.004281495291423797,0.001528214822101593,0.0024707240943940474
2025-10-29,later,0.00053934478931427,-0.0030264311265945434,-0.003966150634098053,-0.002151078990459442
2025-10-30,later,-0.001705717887687683,0.0041019949471473695,0.004491934748077392,0.0022960706025123598
2025-10-31,later,-0.010623867442512511,-0.007420866900062561,-0.006789637896060944,-0.008278124079545339
2025-11-03,later,0.003561302817344665,0.004295092746734619,0.0033780195289611816,0.0037448050310134886
2025-11-04,later,0.013975897116756439,0.01458074278987479,0.009669611546993254,0.012742083817874826
2025-11-05,later,0.0011609062653541564,0.0033969878788948056,-0.003530968254947662,0.00034230862976709995
2025-11-06,later,0.007776164176654815,0.006918182649040222,0.005671562354755401,0.006788636393483479
2025-11-07,later,0.008777279575443267,0.008264113083934783,0.007102934568977356,0.008048109076118469
2025-11-10,later,0.0018635032097816466,-0.0009336843913078308,0.0036777881267547607,0.0015358689817428588
2025-11-11,later,0.001049419514656067,0.002999084428310394,-0.0026735677204624175,0.00045831207416801456
2025-11-12,later,0.008543398685073852,0.009812184820270537,0.0043643562513351435,0.007573313252226511
2025-11-13,later,0.003653792674255371,-0.00039111144037246704,0.00043488885650634765,0.0012325233634630838
2025-11-14,later,-0.004508238624954223,-0.00422333603515625,-0.001009246486854553,-0.003246940382321675
2025-11-17,later,-0.001993659072303772,-0.0027512732830047605,0.001385382522392273,-0.0011198499443054197
2025-11-18,later,-0.0056845554337237834,-0.0036989577497482298,-0.001452423142147064,-0.0036119787752063592
2025-11-19,later,-0.0018938848285675047,-0.0024807610299110413,-0.001242814639854431,-0.001872486832777659
2025-11-20,later,-0.0028105926047325134,0.000016372071743011473,-0.0015506738251686095,-0.001448298119386037
2025-11-21,later,0.0015333943417549132,0.0007765615579128266,-0.0032057241893768307,-0.00029858942990303026
2025-11-24,later,0.0022715649127960204,-0.005885010056447982,0.0015447749711036682,-0.0006895567241827645
2025-11-25,later,0.0016536741744995116,-0.0008794890331734641,-0.003280072547626495,-0.0008352958021001492
2025-11-26,later,0.00552531817741394,0.003853251576709747,0.0052999904716491695,0.004892853408590952
2025-11-28,later,0.000046572449302673335,-0.0008139549147605895,0.0003047966969490051,-0.00015419525616963703
2025-12-01,later,-0.001678934814453125,-0.004961723062801361,0.0005896630571365357,-0.00201699827337265
2025-12-02,later,0.00658580235710144,0.001835004079914093,0.0027746501020515443,0.003731818846355693
2025-12-03,later,-0.004073278599548339,-0.010219211358737944,-0.00999296491575241,-0.008095151624679565
2025-12-04,later,0.0020416694406509396,0.0021532211924552916,0.00126026793718338,0.0018183861900965372
2025-12-05,later,-0.0012310112728118896,-0.002046672676849365,-0.003779338577651977,-0.0023523408424377438
2025-12-08,later,0.0050904051986694334,0.003696525872611999,0.0023979094493865967,0.00372828017355601
2025-12-09,later,-0.008401228033611154,-0.00019501506481170653,0.00014005993061065673,-0.002818727722604068
2025-12-10,later,-0.0012328164749145507,-0.003549859034061432,0.0004831406886100769,-0.001433178273455302
2025-12-11,later,0.0059677689311981195,0.0036529340839385983,0.005646953168678284,0.005089218727938334
2025-12-12,later,-0.0018482375929832458,0.0006935734802246094,-0.0005270475825309753,-0.0005605705650965372
2025-12-15,later,0.0077594728165626525,0.011124027941322326,0.008449517251491546,0.009111006003125508
2025-12-16,later,-0.0013961092469215392,-0.0015046455569849007,0.001181026442337036,-0.0005732427871898013
2025-12-17,later,0.0017203617252349852,0.0010516315024375915,0.0009019947152137756,0.0012246626476287842
2025-12-18,later,0.005683639071178436,0.004574934668636322,0.004338288248443603,0.004865620662752787
2025-12-19,later,0.0013138893918037413,0.0021676120631217957,0.0008869909859657287,0.0014561641469637554
2025-12-22,later,0.002393523663902283,0.002305693961238861,0.00224366253452301,0.0023142933865547177
2025-12-23,later,0.006956351931285858,0.009150978373813628,0.00876000973613224,0.008289113347077241
2025-12-24,later,0.001192516090965271,-0.0004499758067131042,-0.0011942584223747254,-0.00015057271270751957
2025-12-26,later,0.002726018976783752,0.0007878729537010192,0.001507286493396759,0.0016737261412938433
2025-12-29,later,0.00747806438999176,0.006791691106033325,0.005689400170516968,0.006653051888847351
2025-12-30,later,0.0008502500038975715,-0.0012766740664482115,0.0002488799870491028,-0.000059181358500512406
2025-12-31,later,0.002147104626083374,0.004832814534473419,0.001990371794605255,0.0029900969850540165
2026-01-02,later,0.004669018557929993,0.0007082232225418091,0.0001042262837409973,0.0018271560214042663
2026-01-05,later,0.0009676674129486083,0.0021418191463470457,0.001465351821231842,0.0015249461268424986
2026-01-06,later,-0.009244856900215148,-0.008960696264824817,-0.007357032590770721,-0.008520861918603562
2026-01-07,later,-0.011088232913970947,-0.0037676543294906614,-0.0067140908243179314,-0.007189992689259847
2026-01-08,later,-0.0034503630725860593,-0.010070675626659392,-0.0043543696441650384,-0.005958469447803497
2026-01-09,later,-0.0022524346782684325,-0.0056366375105857845,-0.002151293952846527,-0.003346788713900248
2026-01-12,later,0.006035765102767944,0.003512742877674103,0.00078069217004776,0.0034430667168299355
2026-01-13,later,0.006417168587112426,0.0033201689677238464,0.0028497805054172993,0.004195706020084524
2026-01-14,later,-0.006575775578308105,-0.011176136704158783,-0.011486106190681456,-0.009746006157716114
2026-01-15,later,0.00802340827960968,0.0054279863281249995,0.005545471228790283,0.006332288612174987
2026-01-16,later,0.0013558937860488891,0.0019428159762382507,0.002661673538970947,0.0019867944337526957
2026-01-20,later,-0.007285476316070556,-0.014612359087085722,-0.008848380184173584,-0.010248738529109954
2026-01-21,later,-0.004636775548134613,-0.008824560370731354,-0.0018872205228805542,-0.0051161854805821735
2026-01-22,later,0.0014100286832809449,-0.0015106540812492369,-0.0012132987266540527,-0.00043797470820744824
2026-01-23,later,0.001628420230102539,0.005667453198719024,0.0019353797048568724,0.0030770843778928116
2026-01-26,later,0.013993747754669189,0.01217362730102539,0.015278715382289886,0.013815363479328156
2026-01-27,later,-0.0001023033483505249,0.002807356876051378,0.0023526336344718932,0.001685895720724249
2026-01-28,later,-0.0027487959774017334,-0.0018465582147598266,0.0045634338787078855,-0.000010640104484557997
2026-01-29,later,-0.005892296182441711,0.004105202034664154,0.003854738149166107,0.0006892146671295166
2026-01-30,later,0.000995931183052063,-0.0006731014021873474,-0.006773988743305206,-0.0021503863208134967
2026-02-02,later,0.008867977425956726,0.009211582944583893,0.00928400511188507,0.009121188494141896
2026-02-03,later,-0.003195215291213989,0.004399360676002502,-0.007566411539191293,-0.0021207553848009266
2026-02-04,later,-0.006863575710391998,-0.011982491161823271,-0.009417305331039428,-0.009421124067751566
2026-02-05,later,0.010554377662181853,0.01580902309656143,0.007034171005916595,0.011132523921553292
2026-02-06,later,-0.006833026086521149,-0.0048717238145828245,-0.007035521568679809,-0.006246757156594594
2026-02-09,later,0.0009641827115058899,0.0022785599433898926,0.0021400657752990724,0.0017942694767316182
2026-02-10,later,0.0009102435682553288,-0.0025369669713974,0.003756783328723907,0.0007100199751939453
2026-02-11,later,-0.00037496436710357663,0.000190668243598938,0.005747334125995636,0.0018543460008303323
2026-02-12,later,-0.001325305889225006,-0.004134261476421356,-0.0025069320393562317,-0.002655499801667531
2026-02-13,later,0.0036596726039886474,0.002843686616039276,0.00637028598241806,0.004291215067481994
2026-02-17,later,0.0030909891730308533,0.008473647445964813,-0.0002554298707008362,0.0037697355827649433
2026-02-18,later,-0.0004843807452201843,-0.004411083848325205,-0.003494980857563019,-0.0027968151503694693
2026-02-19,later,-0.0027720481036186215,-0.00324153068151474,-0.004782430745410919,-0.0035986698435147603
2026-02-20,later,-0.0006303239480018616,0.003545318275928497,0.0029695846491813657,0.0019615263257026674
2026-02-23,later,-0.004738466757106781,-0.0022052521771430966,-0.002637064096164703,-0.003193594343471527
2026-02-24,later,0.0005975682726860046,0.0005630328315734863,0.0015009870140907289,0.0008871960394500732
2026-02-25,later,0.009564185470962524,0.002980899312019348,0.0016895831991195678,0.004744889327367147
2026-02-26,later,-0.007080842854499817,-0.009084879621028899,-0.010557690122318268,-0.008907804199282327
2026-02-27,later,-0.0124668581202507,-0.011840917146968841,-0.010184693022441864,-0.011497489429887134
2026-03-02,later,-0.004080647691917419,-0.0007206629930496215,0.003232993872833252,-0.0005227722707112629
2026-03-03,later,-0.007939819372940587,0.0007241353555679321,-0.0050048446487426755,-0.004073509555371777
2026-03-04,later,0.0016114300629615783,0.0009465629131317139,0.0006272707733154297,0.0010617545831362407
2026-03-05,later,-0.0049989761415481565,-0.004418081429672241,-0.005655222072410583,-0.00502409321454366
2026-03-06,later,-0.007997728041362761,-0.005323467980194092,-0.008569445636940003,-0.0072968805528322855
2026-03-09,later,0.0006199662908554077,-0.0002955439074516296,0.0022464990396499633,0.0008569738076845804
2026-03-10,later,0.006691260543251037,0.006559981452197885,0.004954949664592743,0.006068730553347221
2026-03-11,later,0.0015827452427864075,-0.00011569369010925292,0.0007959950098991394,0.000754348854192098
2026-03-12,later,-0.006047102468967437,-0.0029718513545036315,-0.001703991680908203,-0.003574315168126424
2026-03-13,later,-0.0031896565999031067,-0.004714561869239807,-0.001775790399456024,-0.0032266696228663125
2026-03-16,later,0.005708077302455902,0.00743480278930664,0.004505583032798767,0.005882821041520436
2026-03-17,later,-0.001556736258983612,0.0006796825408935547,-0.001982011947696782,-0.0009530218885956131
2026-03-18,later,-0.00009438207864761352,0.00018538529396057129,0.00007090196666717529,0.000053968393993377686
2026-03-19,later,-0.003721870607566833,-0.0036893461895942687,-0.0015687160319328307,-0.0029933109430313105
2026-03-20,later,0.0037812643642425535,0.0006621624579429626,0.0018982261582374572,0.0021138843268076577
2026-03-23,later,0.002073296649074554,0.0020340117785453797,-0.0005372898328781128,0.0011900061982472738
2026-03-24,later,0.004962457909723282,0.00605334918308258,0.0017923819942474363,0.0042693963623511
2026-03-25,later,-0.0003801125609397888,-0.0008301778978347777,-0.0017531419422149657,-0.000987810800329844
2026-03-26,later,-0.010584655988883971,-0.011772044511985779,-0.013550053763008118,-0.01196891808795929
2026-03-27,later,-0.00517863096780777,-0.0023018798590660095,-0.005271341126823425,-0.004250617317899068
2026-03-30,later,0.0002623289011955261,0.0000595152871131897,0.0008940734536170959,0.00040530588064193726
2026-03-31,later,0.00940576958875656,0.008493432464470149,-0.0036610275578498838,0.0047460581651256085
2026-04-01,later,0.011111588423156737,0.007274285111999511,0.007761337488269806,0.008715737007808685
2026-04-02,later,-0.006256250030899048,-0.0065182047677993776,-0.00473805584783554,-0.0058375035488446555
2026-04-06,later,-0.00024087214908599853,-0.001508566407585144,0.00034564059095382687,-0.0004679326552391053
2026-04-07,later,0.0019452705450057983,0.0018806160039901733,-0.003708387255001068,0.00003916643133163453
2026-04-08,later,0.018395226317501068,0.01950770098991394,0.01967844607197127,0.019193791126462093
2026-04-09,later,0.0021345677382469176,0.0023325611804962156,0.004228087445068359,0.0028984054546038304
2026-04-10,later,0.004267550771331787,0.002608544941520691,-0.00027186214361190795,0.0022014111897468566
2026-04-13,later,-0.006129329493141174,-0.0041945454896926875,-0.005651593881320953,-0.005325156288051604
2026-04-14,later,0.0038362120280368795,0.008582682334327697,0.00673646909828186,0.006385121153548813
2026-04-15,later,0.0026384595649719235,-0.004428485341262817,-0.008479626315498352,-0.0034232173639297484
2026-04-16,later,-0.008056102491092681,-0.016245586383247374,-0.014308415845108032,-0.012870034906482697
2026-04-17,later,0.0015489494686126708,0.008054498734855652,0.007508503856277465,0.005703984019915263
2026-04-20,later,-0.008325229828739166,-0.010681737629508971,-0.010956210795974732,-0.009987726084740956
2026-04-21,later,-0.00025813083753585813,0.002781988998276663,0.0006099925203323364,0.0010446168936910471
2026-04-22,later,0.00321462299041748,0.0025732953649520874,0.0007001908477783203,0.002162703067715963
2026-04-23,later,0.0003239253839492798,0.018329030169296264,0.01160104294013977,0.010084666164461771
2026-04-24,later,0.0050681442235946655,0.0019030089588165282,0.002765986395168304,0.003245713192526499
2026-04-27,later,0.005217612715816497,0.005225424568653107,0.005386972452545166,0.005276669912338256
2026-04-28,later,0.0013455009817123413,0.00251916342420578,0.003614279332238769,0.0024929812460522966
2026-04-29,later,-0.0018502524137496948,0.0023608079215049742,0.0014493248025894165,0.0006532934367815653
2026-04-30,later,0.00007242518548965453,0.0024530489748001098,0.0025717020030021666,0.0016990587210973102
2026-05-01,later,0.0008553204632759094,-0.002704596235370636,-0.0020211739988327026,-0.0012901499236424763
2026-05-04,later,0.0025220556473731994,-0.0007754586320877075,0.00001176401958465576,0.0005861203449567158
2026-05-05,later,-0.0016140052436012745,-0.0036126092869758603,-0.001355960373878479,-0.002194191634818538
2026-05-06,later,0.0020049772145271302,0.0031767039023399353,0.002363216792297363,0.0025149659697214764
2026-05-07,later,-0.01150650513973236,-0.01833974467868805,-0.010000570764541625,-0.01328227352765401
2026-05-08,later,-0.009566923525619506,-0.003366525875663757,-0.008551812130355834,-0.0071617538438796995
2026-05-11,later,-0.0014784338788986205,0.006902495229148865,0.0031300223809242246,0.002851361243724823
2026-05-12,later,0.008892766717052459,0.005308262249604559,0.010088735346221924,0.00809658810429298
2026-05-13,later,0.0021750146790504455,0.001022067140007019,0.006545861910533904,0.0032476479098637896
2026-05-14,later,-0.00015758632612228394,0.0037781801167488097,-0.001777097884273529,0.0006144986354509989
2026-05-15,later,-0.0005239972807407378,-0.00005542264642715454,-0.002876533498954773,-0.0011519844753742218
2026-05-18,later,0.0033104819554805754,0.001984681429862976,-0.00416591377658844,0.0003764165362517037
2026-05-19,later,0.000055800113582611084,0.0044085870053291315,0.000551352255743026,0.001671913124884923
2026-05-20,later,-0.0017176560891151427,-0.004780245547389984,0.0007031128388404846,-0.001931596265888214
2026-05-21,later,-0.002756097977399826,-0.006669711542129517,-0.0032055148207664487,-0.004210441446765263
2026-05-22,later,-0.0000108527437210083,-0.0006251276252746582,-0.0009987999212265014,-0.0005449267634073893
2026-05-26,later,-0.004964564154672622,-0.0033619567638397217,0.0021531617604255674,-0.0020577863860289252
2026-05-27,later,-0.010890037404372834,-0.012760795868873596,-0.006015259613704681,-0.009888697628983704
